{"son": ["peakin", "peakin"], "all": ["nothin", "i", "this", "bubblin", "love", "you", "nothin", "i", "this", "bubblin", "love", "you"], "just": ["dont", "buy", "dont", "buy"], "yea": ["poet", "chairman", "poet", "chairman"], "money": [" ", " "], "move": ["like", "is", "like", "is"], "cheddar": ["me", "me"], "steve": [" ", " "], "course": [" ", " "], "paper": ["till", "till"], "dough": ["cant", "cant"], "cruise": ["to", "to"], "go": ["clothes", "clothes"], "chair": [" ", " "], "chillin": ["conversate", "conversate"], "its": ["magic", "truth", "the", "the", "real", "ma", "the", "magic", "truth", "the", "the", "real", "ma", "the"], "dont": ["interupt", "fuck", "care", "interupt", "fuck", "care"], "ima": ["give", "give"], " ": ["yea", "this", "its", "no", "bare", "respect", "grey", "its", "take", "either", "done", "the", "dough", "titanium", "caught", "torch", "scorch", "its", "millions", "get", "ducati", "the", "my", "the", "so", "the", "we", "we", "peace", "yea", "all", "under", "if", "you", "got", "till", "we", "and", "i", "ima", "they", "only", "just", "and", "it", "you", "to", "the", "cant", "i", "cant", "meet", "odd", "the", "takin", "yea", "this", "its", "no", "bare", "respect", "grey", "its", "take", "either", "done", "the", "dough", "titanium", "caught", "torch", "scorch", "its", "millions", "get", "ducati", "the", "my", "the", "so", "the", "we", "we", "peace", "yea", "all", "under", "if", "you", "got", "till", "we", "and", "i", "ima", "they", "only", "just", "and", "it", "you", "to", "the", "cant", "i", "cant", "meet", "odd", "the", "takin"], "cut": ["leather", "leather"], "grafitti": [" ", " "], "office": ["chair", "chair"], "ma": ["and", "and"], "till": ["they", "its", "they", "its"], "cl": ["no", "no"], "leap": ["we", "we"], "tryina": ["chase", "chase"], "up": ["speakin", "speakin"], "to": ["stumble", "inforce", "come", "that", "a", "the", "make", "sosa", "the", "stumble", "inforce", "come", "that", "a", "the", "make", "sosa", "the"], "only": ["gotta", "gotta"], "black": ["leader", "leader"], "board": ["man", "man"], "under": ["my", "my"], "serious": ["baby", "baby"], "as": ["me", "me"], "maybach": [" ", " "], "testin": ["is", "is"], "real": ["im", "deal", "im", "deal"], "do": ["this", "is", "it", "this", "is", "it"], "them": ["guns", "guns"], "evening": [" ", " "], "hit": ["walls", "walls"], "get": ["it", "it"], "ya": ["host", "bang", "fort", "thoughts", "dame", "host", "bang", "fort", "thoughts", "dame"], "inforce": [" ", " "], "gonna": ["hustle", "hustle"], "bang": ["at", "them", "at", "them"], "mourn": [" ", " "], "they": ["close", "quiet", "all", "close", "quiet", "all"], "hands": ["in", "in"], "not": ["awake", "awake"], "vests": ["we", "we"], "one": [" ", "time", " ", "time"], "him": [" ", "courts", "it", " ", "courts", "it"], "name": [" ", " "], "magic": ["hour", "hourlyrics", "hour", "hourlyrics"], "like": ["the", "im", "fresh", "the", "im", "fresh"], "peakin": ["together", "together"], "bring": ["the", "a", "the", "a"], "leather": [" ", " "], "iranian": ["taught", "taught"], "leader": ["the", "the"], "bikes": ["is", "is"], "either": ["or", "or"], "truth": ["hoes", "hoes"], "arraign": ["him", "him"], "neccessary": [" ", " "], "sleep": ["at", "at"], "security": [" ", " "], "finnesse": ["rumors", "rumors"], "engraved": ["in", "in"], "straight": ["and", "and"], "scorch": ["and", "and"], "clothes": ["galore", "galore"], "sharp": ["as", "as"], "el": ["presidente", "presidente"], "right": ["my", " ", "my", " "], "force": ["iranian", "iranian"], "weight": ["fly", "fly"], "torch": ["and", "and"], "some": ["shit", "shit"], "back": ["nigga", "nigga"], "dead": ["game", "game"], "sex": ["is", "is"], "goose": ["mixed", "mixed"], "see": ["it", "nothin", "heat", "it", "nothin", "heat"], "taught": ["i", "i"], "bare": ["chest", "chest"], "tahiti": [" ", " "], "close": ["the", "the"], "sport": [" ", " "], "odd": ["colour", "colour"], "port": ["cruise", "cruise"], "out": ["the", "the"], "mecca": ["don", "don"], "fantazin": ["flow", "flow"], "steppin": ["outta", "outta"], "gon": ["do", "do"], "both": ["sides", "sides"], "for": ["the", "this", "homie", "ya", "the", "this", "homie", "ya"], "takin": ["it", "that", "it", "that"], "hourlyrics": ["submitted", "submitted"], "pros": ["go", "go"], "rounds": ["hit", "hit"], "corbs": ["sasparilla", "sasparilla"], "state": [" ", " "], "checkmate": ["with", "with"], "drawn": ["thats", " ", "thats", " "], "presidente": [" ", " "], "guns": ["is", " ", "is", " "], "kneel": ["its", "its"], "hustle": ["or", "on", "or", "on"], "be": ["serious", "serious"], "we": ["gon", "on", "leap", "yap", "smack", "bang", "beef", "strapped", "came", "can", "gon", "on", "leap", "yap", "smack", "bang", "beef", "strapped", "came", "can"], "umbrella": ["my", "my"], "lettin": ["the", "the"], "got": ["to", "to"], "night": ["see", "see"], "here": ["deep", "deep"], "boss": ["is", "is"], "campaigns": ["him", "him"], "pressure": ["is", "is"], "host": ["for", "for"], "let": ["em", "em"], "meet": ["the", "the"], "grape": ["cran", "cran"], "strong": ["its", "leash", "its", "leash"], "come": ["so", "so"], "by": ["steve", "steve"], "change": ["him", "him"], "care": ["what", "what"], "plug": ["in", "in"], "on": ["the", "the", "tour", "the", "some", "security", "the", "the", "tour", "the", "some", "security"], "cos": ["once", "once"], "eat": ["lovely", "lovely"], "of": ["course", "the", "that", "cheddar", "course", "the", "that", "cheddar"], "30": ["grand", "grand"], "wrong": ["cos", "cos"], "galore": ["pros", " ", "pros", " "], "keep": ["me", "me"], "tour": [" ", " "], "lamalate": [" ", " "], "stand": ["if", "if"], "together": [" ", " "], "mixed": ["with", "with"], "or": ["gonna", "hustle", "mourn", "gonna", "hustle", "mourn"], "thats": ["it", "it"], "em": ["see", "see"], "love": ["cl", "cl"], "smack": ["we", "we"], "presence": ["is", "is"], "feel": ["its", "its"], "pop": ["up", "up"], "feelings": ["is", "is"], "nigga": ["one", "one"], "done": ["seen", " ", "seen", " "], "sosa": [" ", " "], "tony": [" ", " "], "respect": ["finnesse", "finnesse"], "tangle": ["ya", "ya"], "stumble": ["or", "or"], "blunts": ["is", "is"], "millions": ["im", "im"], "strapped": ["we", "we"], "from": ["out", "outta", "out", "outta"], "deal": ["and", "and"], "beef": ["the", "with", "the", "with"], "hes": ["back", "back"], "speakin": ["of", "of"], "caught": ["ya", "ya"], "there": ["you", "you"], "iller": ["from", "from"], "long": ["i", "i"], "sports": [" ", " "], "leash": ["for", "for"], "sasparilla": ["the", "the"], "yap": ["we", "we"], "poet": ["politician", "politician"], "walls": ["for", "for"], "cran": ["and", "and"], "lovely": ["just", "just"], "tell": ["me", "me"], "helps": ["me", "me"], "kiwi": [" ", " "], "curtains": ["drawn", "drawn"], "buy": ["weight", "weight"], "door": [" ", " "], "berretta": ["smellin", "smellin"], "that": ["hes", "maybach", "seat", "hes", "maybach", "seat"], "fly": ["straight", "straight"], "bubblin": ["the", "the"], "forever": [" ", " "], "amongst": ["the", "the"], "fuck": ["me", "me"], "moment": ["i", "i"], "vanilla": ["let", "let"], "flag": ["my", "my"], "awake": [" ", " "], "resort": [" ", " "], "courts": ["cant", "cant"], "smellin": ["like", "like"], "baby": ["this", "this"], "seat": ["in", "in"], "with": ["grape", "vests", "they", "grape", "vests", "they"], "than": ["to", "to"], "fort": [" ", " "], "me": [" ", "one", "tony", "right", "sleep", " ", "and", " ", "one", "tony", "right", "sleep", " ", "and"], "politician": ["player", "player"], "hour": ["how", "how"], "titanium": ["force", "force"], "this": ["is", " ", "is", "pack", "checkmate", "magic", "is", " ", "is", "pack", "checkmate", "magic"], "gotta": ["tell", "bring", "tell", "bring"], "grey": ["goose", "goose"], "submitted": ["by", "by"], "can": ["eat", "see", "eat", "see"], "troublin": [" ", " "], "sands": ["in", "in"], "chairman": ["of", "of"], "dame": [" ", " "], "my": ["feelings", "presence", "umbrella", "flag", "name", "rounds", "office", "feelings", "presence", "umbrella", "flag", "name", "rounds", "office"], "pack": [" ", " "], "and": ["the", "tangle", "stand", "a", "mix", "keep", "i", "son", "lettin", "the", "tangle", "stand", "a", "mix", "keep", "i", "son", "lettin"], "compare": [" ", " "], "interupt": ["me", "me"], "outta": ["state", "both", "state", "both"], "want": ["in", "in"], "heat": ["forever", "forever"], "give": ["you", "you"], "is": ["az", "fantazin", "not", "shipped", "on", "lit", "strong", "long", "wrong", "drawn", "done", "bring", "sport", "no", "here", "az", "fantazin", "not", "shipped", "on", "lit", "strong", "long", "wrong", "drawn", "done", "bring", "sport", "no", "here"], "hoes": ["galore", "galore"], "conversate": ["kneel", "kneel"], "it": ["all", "sports", "right", " ", "all", "helps", "there", "the", "all", "sports", "right", " ", "all", "helps", "there", "the"], "deep": ["in", "in"], "quiet": ["money", "money"], "pinky": [" ", " "], "player": ["when", "when"], "cant": ["change", "arraign", "be", "compare", "do", "feel", "change", "arraign", "be", "compare", "do", "feel"], "homie": [" ", " "], "im": ["ya", "tryina", "amongst", "on", "ya", "tryina", "amongst", "on"], "at": ["ya", "night", "ya", "night"], "rap": ["the", "the"], "in": ["tahiti", "grafitti", "to", "my", "the", "powers", "this", "tahiti", "grafitti", "to", "my", "the", "powers", "this"], "seen": ["it", "it"], "ship": ["leavin", "leavin"], "az": ["im", "im"], "shit": [" ", " "], "if": ["youre", "the", "youre", "the"], "mix": [" ", "all", " ", "all"], "jail": ["for", "for"], "rumors": ["like", "like"], "no": ["stress", "troublin", "jail", "stress", "troublin", "jail"], "seats": ["vanilla", "vanilla"], "powers": ["all", "all"], "make": ["my", "my"], "peace": ["to", "to"], "when": ["neccessary", "neccessary"], "shipped": ["from", "from"], "same": ["gotta", "gotta"], "initials": ["engraved", "engraved"], "lit": [" ", " "], "how": ["we", "we"], "chest": ["you", "you"], "take": ["paper", "paper"], "grand": ["on", "on"], "gate": [" ", " "], "you": ["bastards", "cant", "the", "takin", "cant", "want", "bastards", "cant", "the", "takin", "cant", "want"], "chase": ["iller", "iller"], "leavin": ["the", "the"], "what": ["i", "i"], "ball": [" ", " "], "ducati": ["bikes", "bikes"], "wessen": ["is", "is"], "sides": ["of", "of"], "thoughts": [" ", " "], "man": ["black", "black"], "a": ["dead", "steppin", "strong", "dead", "steppin", "strong"], "stress": ["we", "we"], "short": ["so", "so"], "don": ["el", "el"], "i": ["came", "move", "do", "came", "can", "dont", "spend", "pop", "came", "move", "do", "came", "can", "dont", "spend", "pop"], "light": ["to", "to"], "colour": ["corbs", "corbs"], "youre": ["short", "short"], "flow": ["campaigns", "campaigns"], "game": ["is", "the", " ", "is", "the", " "], "nothin": ["left", "sharp", "left", "sharp"], "meat": ["ball", "ball"], "fresh": ["cut", "cut"], "so": ["of", "testin", " ", "of", "testin", " "], "time": ["dont", "dont"], "bastards": ["30", "30"], "the": ["evening", "sands", "pinky", "hands", "kiwi", "door", "sex", "chillin", "lamalate", "gate", "pressure", "blunts", "mix", "wessen", "beef", "rap", "game", "board", "mecca", "light", "moment", "ship", "port", "resort", "move", "plug", "initials", "boss", "game", "same", "real", "meat", "berretta", "curtains", "seats", "evening", "sands", "pinky", "hands", "kiwi", "door", "sex", "chillin", "lamalate", "gate", "pressure", "blunts", "mix", "wessen", "beef", "rap", "game", "board", "mecca", "light", "moment", "ship", "port", "resort", "move", "plug", "initials", "boss", "game", "same", "real", "meat", "berretta", "curtains", "seats"], "once": ["guns", "guns"], "spend": ["on", "on"], "came": ["to", "to", " ", "to", "to", " "], "left": ["than", "than"]}