{"all": ["the", "is", "inside", "my", "i", "my"], "kiddin": [" "], "kiss": ["ya"], "givin": ["me"], "show": ["them"], "charles": ["of"], "souls": ["touch"], "devine": [" "], "aw": ["i"], "touch": ["tenderly"], "chivalry": [" "], "yes": ["i", "miss"], "still": ["persist"], "eyes": [" "], "children": ["are"], "before": [" "], "one": ["another", "of", "im", "im", "im"], " ": ["i", "my", "that", "and", "i", "for", "i", "youre", "become", "cuz", "and", "im", "and", "because", "ill", "uh", "all", "and", "all", "and", "you", "love", "things", "you", "oh", "cuz", "love", "well", "dont", "and", "because", "youre", "and", "staying", "those", "we", "neither", "and", "yo", "i", "but", "aw", "cuz", "well", "because", "well", "but", "well", "i", "cuz", "i", "cuz", "i", "cuz"], "depend": ["on"], "just": ["so", "kiddin"], "mix": [" "], "thinking": ["of", "of", "oflyrics"], "oflyrics": ["submitted"], "father": [" "], "cuz": ["i", "our", "if", "youre", "youre", "youre"], "than": ["my"], "to": ["make", "be", "look", "i", "fulfill", "be", "depend", "walk", "me", " ", "you", "do", "put", "do", "be", "treat", "be"], "lets": ["stay", "talk"], "easy": ["stuff"], "persist": [" "], "hidden": [" "], "pride": ["to"], "easier": ["let"], "hope": ["you"], "meant": ["to", "for", "that"], "do": ["mean", " ", "devine", "ya", "this"], "them": ["well", "lead", "all", "a"], "lonely": ["place"], "tropicana": ["drinks"], "get": ["closer", "dull"], "ya": ["father", "got", "right", "my", "my"], "stop": ["your"], "tristi": [" "], "were": ["made"], "every": ["part"], "know": ["how", "you"], "they": ["poses", "take", "say"], "say": ["love"], "shadow": ["if"], "poses": ["inside"], "dreams": ["are", "come"], "wont": ["ever"], "dignity": ["because"], "holiday": ["because"], "like": ["this", "love", "a", "al", "keith", "jennifer", "that"], "always": ["on", "givin"], "queen": [" "], "remind": ["us"], "good": ["as"], "stuff": [" ", "you"], "trap": [" "], "uh": ["lets"], "found": ["anyone", "the"], "told": ["barry"], "straight": ["into", "into"], "mean": ["every"], "because": ["the", "ya", " ", "youre", " ", "i"], "people": ["need"], "searching": ["for"], "up": ["to"], "understood": [" "], "decided": ["long"], "are": ["our", "very"], "fail": ["if"], "our": ["future", "love", "souls", "relationship"], "girl": ["i"], "special": [" ", " ", " "], "drinks": ["dont"], "closer": ["to"], "living": ["very"], "what": ["they", "about"], "lead": ["the"], "vicks": [" "], "miss": ["ill"], "away": ["my"], "since": ["they", "you"], "everything": ["about"], "waiting": ["for"], "then": ["we"], "got": ["my"], "neither": ["one"], "ever": ["get"], "nose": ["open"], "be": ["everybody", "and", "your", "my", " ", "understood"], "we": ["use", "were", "unite", "can"], "hero": ["people"], "submitted": ["by", "by"], "never": ["found", "to", "knew"], "feelings": ["hidden"], "succeed": ["at"], "let": ["them", "the"], "become": ["the"], "put": ["me", "it"], "teach": ["them"], "come": ["true"], "by": ["david", "tristi"], "wait": ["for"], "on": ["me", "my", "your"], "about": ["you", "that", "sex"], "oh": ["our"], "of": ["pride", "all", "all", "melyrics", " ", "rap", "vicks", "us", " ", " "], "ill": ["be", "still"], "david": [" "], "admit": [" ", "that"], "place": ["to"], "sweat": ["keep"], "barry": ["white"], "wanna": ["kiss", "get", "give", "give", "give"], "think": ["i"], "king": ["baby"], "blind": [" "], "beautiful": ["have"], "own": ["skull"], "love": ["of", "of", "like", "is", "is", "is", "in", "was", "is", "like", " ", " ", " "], "childrens": ["laughter"], "can": ["be", "stay", "do"], "enough": ["to"], "jar": ["of"], "into": ["your", "my"], "each": ["other"], "walk": ["in"], "right": [" "], "long": ["ago"], "another": [" ", "lover"], "comin": [" "], "spinderella": ["yes"], "respect": ["and"], "open": ["like"], "your": ["trap", "mix", "king", "love", "enticing", "side"], "everybody": ["searching"], "use": ["to"], "from": ["me"], "lover": [" "], "aint": ["easy"], "keith": ["sweat"], "only": ["one", "one", "one"], "least": ["i"], "anyone": ["to"], "macho": ["talk"], "live": ["as"], "dont": ["stop", "blend"], "treat": ["a"], "way": ["show", " "], "white": [" "], "meeting": ["someone"], "today": ["my"], "more": ["than"], "ago": ["never"], "life": ["i", "and", "is"], "babe": [" "], "pimpin": ["aint"], "relationship": ["wont"], "that": ["i", "you", "way", "pimpin", "mushy", "daddy"], "but": ["what", "spinderella"], "al": ["green"], "delivery": [" "], "part": ["of"], "anyones": ["shadow"], "baby": ["you", "id"], "side": ["like"], "believe": ["the", "no"], "true": [" "], "dull": [" "], "those": ["tropicana"], "must": ["admit", "admit", " "], "me": ["i", "the", "i", "in", "and", "respect"], "mercy": [" "], "woman": [" "], "made": ["for"], "look": ["up", "straight"], "skull": [" "], "this": ["before", "beautiful", " "], "was": ["meant", "just"], "inside": ["give", "of"], "sex": ["babe"], "cant": ["take", "wait"], "us": ["how", "is", " ", "needs"], "matter": ["what"], "future": ["teach"], "adore": ["everything"], "supposed": ["to"], "learn": ["to"], "fulfill": ["my"], "daddy": ["then"], "my": ["needs", "dignity", "my", "my", "yes", "nose", "queen", "love", "dreams", "life", "dreams", "eyes", "mind", "own", "real", "love", "love", "love"], "melyrics": ["submitted"], "and": ["let", "so", "i", "since", "im", "my", "today", "i", "life", "our", "chivalry", "i", "just", "keep"], "real": ["feelings"], "rap": [" "], "give": ["them", "ya", "my", "ya"], "is": ["happening", "supposed", "blind", "all", "very", "life", "living", "a"], "sense": ["of"], "mind": ["even"], "it": ["easier", "comin", "can", "like"], "as": ["i", "good", "us"], "someone": ["to", "this"], "im": ["the", "waiting", "on", "thinking", "thinking", "thinking"], "at": ["least"], "have": ["never", "mercy", " "], "in": ["anyones", "your", "us"], "need": ["someone", "me", "you"], "jennifer": ["holiday"], "seem": ["to"], "keep": ["it", "my"], "id": ["do"], "if": ["i", "i", "we"], "needs": ["a", "another"], "yo": ["im"], "no": ["matter"], "things": ["you"], "make": ["it"], "unite": ["baby"], "for": ["a", "meeting", "you", "you", "your", "each", "one"], "how": ["we", "to"], "other": ["meant"], "take": ["from", "away"], "green": ["because"], "you": [" ", "like", "to", "can", " ", "need", " ", "seem", "look", "know", "meant", "told", "well", "put"], "ray": ["charles"], "even": ["more"], "staying": ["together"], "beauty": ["they"], "enticing": ["delivery"], "knew": ["love"], "stay": ["together", "that"], "most": ["to"], "fell": ["straight"], "kinda": ["girl"], "laughter": ["remind"], "a": ["sense", "hero", "lonely", "jar", "woman", "must"], "happening": ["to"], "i": ["believe", "never", "learn", "decided", "fail", "succeed", "live", "believe", "found", "must", "have", "adore", "do", "wanna", "wanna", "fell", "have", "looked", "need", "must", "cant", "talk", "was", "hope", "think", "know", "wanna", "wanna", "wanna"], "mushy": ["stuff"], "youre": ["the", "always", "always", "the", "the", "the"], "well": ["and", "i", "i", "enough", "lets", "since"], "together": ["like", "is"], "looked": ["for"], "tenderly": [" "], "so": ["i", "it"], "greatest": ["love", "love"], "very": ["special", "special", "special"], "the": ["children", "way", "beauty", "childrens", "cant", "greatest", "greatest", "kinda", "most", "ray", "macho", "only", "only", "only"], "blend": ["as"], "talk": ["the", "and", "about"]}