{"benzito": ["with"], "all": ["about"], "boogie": ["down"], "just": ["fuck", "fuck", "fuck", "fuck", "spark", "fuck", "fuck"], "show": ["class"], "boot": ["if"], "lay": ["your"], "dollar": [" "], "watch": ["the", "the"], "nicknamed": ["perico"], "perico": [" "], "through": ["your"], "go": ["back", "down", " ", "downstairs"], "still": ["got", "down", "not", "a", "gonna", "got", "down", "got", "down"], "its": ["hard", "pun"], "hah": ["see"], " ": ["dont", "i", "im", "but", "for", "dont", "i", "im", "but", "whos", "hey", "elevator", "in", "rentout", "coppin", "puffin", "up", "we", "now", "who", "whether", "my", "im", "hold", "but", "i", "im", "but", "for", "dont", "i", "im", "but", "whos", "i", "i", "long", "fat", "thats", "i", "i", "we", "its", "every", "but", "once", "i", "you", "round", "thick", "in", "rubbin", "but", "when", "in", "rubbin", "but", "when", "i", "im", "but", "for", "dont", "i", "im", "but", "whos", "boricua", "no", "unless", "punisher", "boricua"], "everywhere": [" "], "downstairs": ["little"], "thick": ["tongue"], "dick": ["with"], "sky": [" "], "ts": [" "], "here": ["they"], "to": ["crush", "the", "buy", "get", "crush", "blackberry", "creep", "go", "make", "crush"], "pretty": ["round"], "terror": ["squad"], "pass": ["my"], "hater": [" "], "wearing": ["pjs"], "brown": ["hoe", "hairs"], "twinzito": [" "], "yo": ["im"], "get": ["hoof", "your", "wicked", "it", "it", "wicked", "it", "it"], "far": ["up"], "big": ["punisher", "punisher", "huh", "punisher", "punisher", "pun", "guns", "punisher", "punisher", "punisher"], "stop": ["watch", "get", "watch", "get"], "gonna": ["holla", "let"], "rentout": ["lease"], "kiko": ["from"], "every": ["shade", "pretty"], "know": ["big", "big", " ", "big"], "they": ["call"], "not": ["a", "a", "a", "far", "a", "a", "a", "a"], "molass": [" "], "nasty": ["twin"], "now": ["we"], "screaming": ["punish", "punish"], "pjs": [" "], "ghetto": ["brunette"], "wont": ["cost", "settle"], "knock": ["that"], "like": ["pas", "dont", "dont"], "course": ["you"], "intelligent": ["bachlorettes"], "niggas": ["for", " ", "for", " ", "for", " "], "this": ["boogie"], "settle": ["for"], "blackberry": ["molass"], "found": ["joe"], "morena": ["boricua", "3x", "boricua", "6x"], "bachlorettes": [" "], "soft": ["or"], "round": ["brown", "here"], "clothes": ["cause"], "entourage": [" "], "gettin": ["loot"], "ten": ["thou"], "house": ["beach"], "hard": ["to"], "back": ["like"], "sex": [" "], "peakage": ["running"], "see": ["you"], "cost": ["you"], "measure": ["my"], "unless": ["its"], "blows": ["get"], "best": ["i"], "out": ["to"], "even": ["luke", "luke"], "what": ["youre", "youre", "youre"], "3x": [" "], "leaf": [" "], "for": [" ", "my", "my", "when", "three", " ", "my", "my", "less", " ", "my", "my"], "since": ["i"], "crush": ["a", "a", "a"], "pump": ["mobb"], "got": ["what", "what", "to", "you", "you", "what"], "cause": ["you"], "guns": [" "], "ass": [" ", "and"], "be": ["a", "a", "dont", " ", "a", "a", "dont", " ", "a", "like", "like", "a", "dont", " ", "a"], "we": ["go", "reach", "can"], "rubbin": ["your", "your"], "spot": ["love", "love"], "hairs": ["everywhere"], "of": ["course", "the"], "little": ["brown"], "french": ["countess"], "highly": ["intelligent"], "let": ["you"], "joe": [" ", "and"], "chick": ["come"], "put": ["the"], "spark": ["the"], "come": ["feel", " "], "by": ["law", "law", "law"], "care": [" "], "on": ["my"], "about": ["gettin"], "piece": [" "], "mobb": ["deep"], "thou": ["piece"], "my": ["thug", "thug", "twinzito", "kiko", "my", "im", "prick", "dick", "thug", "thug", "test", "chest", "heartbeat", "thug", "thug"], "could": ["go"], "days": [" "], "hot": ["tub", "tub"], "puffin": ["the"], "lookin": ["for", "for", "for"], "heartbeat": [" "], "tongue": ["known"], "wanna": ["be", "be", "be", "be", "be", "ride", "be", "be", "be", "be", "ghetto", "go", "be", "be", "be", "be"], "or": ["harder"], "thats": ["the"], "love": ["from", "got", "got"], "dont": ["wanna", "wanna", "wanna", "wanna", "wanna", "wanna", "wanna", "wanna", "wanna", "discriminate", "care", "stop", "stop", "stop", "stop", "wanna", "wanna", "wanna", "wanna"], "feel": ["my"], "poppin": ["bubbly", "bubbly"], "chula": ["im"], "three": ["days"], "down": ["by", "to", "by", "to", "low", "professional", "by", "to"], "rolling": ["with"], "twin": ["i"], "brunette": ["with"], "long": ["as"], "couldnt": ["measure"], "hoof": [" "], "your": ["hooters", "head", "clothes", "spot", "spot"], "rulers": [" "], "bubbly": [" ", " "], "punisher": ["still", "still", "still", "still", "still", "still", "joe", " "], "from": ["my", "queens", "butter"], "top": ["hah"], "hey": ["yo"], "elevator": ["to"], "whos": ["down", "down", "down"], "call": ["me"], "low": [" "], "lot": [" ", " ", " ", " ", " ", " ", " ", " ", " "], "boricua": ["morena", "morena", "morena", "morena"], "more": [" ", " ", " ", " ", " ", " ", "rolling"], "butter": ["pecan"], "head": ["on"], "buy": [" "], "option": ["to"], "that": ["boot"], "punish": ["me", "me"], "huh": ["i"], "but": ["big", "you", "you", "i", "big", "you", "this", "it", "it", "big", "you"], "it": ["wont", "dont", "even", "get", " ", "dont", "even", "get", " "], "pecan": ["to"], "deep": ["and"], "known": ["to"], "hold": ["up"], "with": ["a", "my", "six", "unforgettable", "the", "an"], "me": ["big", " ", " "], "lye": ["from"], "whether": ["soft"], "ride": ["it"], "harder": ["of"], "up": ["in", "in", "chula"], "jeep": ["pump"], "can": ["park"], "coppin": ["a"], "loot": [" "], "lease": ["with"], "countess": ["ten"], "hooters": [" "], "and": ["wearing", "pass", "breasts", "just", "the", "big"], "gone": [" "], "youre": ["lookin", "lookin", "lookin"], "stick": ["it", "it"], "benz": ["for"], "fuck": ["a", "a", "a", "a", "a", "a"], "rip": ["my"], "an": ["entourage"], "player": ["ts", "no", "i", "no", "i", "but", "no", "i", "no", "i", "no", "i", "no", "i"], "as": ["you"], "im": ["not", "not", "still", "gone", "not", "big", "sick", "all", "not", "not", "gonna", "not", "not"], "in": ["house", "the", "the", "the", "the"], "thug": ["niggas", "niggas", "niggas", "niggas", "niggas", "niggas"], "regulate": ["every"], "if": ["you", "you"], "holla": [" "], "pas": ["and"], "discriminate": ["i"], "no": ["more", "more", "more", "more", "more", "more", "more"], "make": ["a"], "six": ["rulers"], "when": ["im", "i", "i"], "wicked": [" ", " "], "chest": ["come"], "squad": [" "], "creep": ["since"], "sick": ["you"], "luke": ["be", "be"], "test": [" "], "you": ["know", "still", "later", "a", "still", "couldnt", "out", "know", "show", "know", "got", "nasty", "with", "screaming", "screaming", "know"], "unforgettable": ["sex"], "beach": ["french"], "6x": [" "], "prick": ["through"], "less": [" "], "park": ["the"], "who": ["wanna"], "reach": ["the"], "breasts": ["highly"], "running": ["trains"], "hoe": ["wanna"], "fat": ["ass"], "pun": ["if", "get", "get", "and"], "law": [" ", " ", " "], "class": ["and"], "queens": ["nicknamed"], "a": ["player", "player", "player", "lot", "player", "player", "lot", "lot", "player", "hater", "option", "fiveoh", "dollar", "player", "player", "lot", "player", "player", "lot", "lot", "chick", "player", "player", "lot", "player", "player", "lot", "lot"], "i": ["dont", "just", "dont", "just", "rip", "knock", "dont", "just", "dont", "just", "love", "dont", "regulate", "wont", "wanna", "lay", "found", "put", "could", "dont", "stick", "stick", "dont", "just", "dont", "just"], "later": ["im"], "fiveoh": ["benz"], "shade": ["of"], "trains": ["for"], "tub": ["poppin", "poppin"], "professional": ["im"], "the": ["top", "sky", "lye", "benzito", "peakage", "ass", "best", "jeep", "leaf", "blows", "big", "hot", "pun", "hot", "pun", "terror"], "once": ["i"]}