{"forget": ["about"], "just": ["got", "a", "a", "a", "a", "a", "a", "havin", "a", "a", "a", "a", "a", "a", "a", "has"], "show": [" "], "over": ["and"], "out": ["a"], "front": ["of"], "through": ["the"], "showed": ["me"], "questions": ["to"], "go": ["into"], "talk": ["to"], "its": ["gonna"], "seemed": ["somethin"], "germaine": ["and"], " ": ["have", "but", "let", "i", "the", "she", "i", "i", "i", "so", "i", "she", "i", "i", "she", "i", "but", "then", "she", "come", "this", "you", "and", "you", "but", "you", "but", "so", "i", "cause", "like", "forget", "about", "so", "spendin", "a", "how", "everything", "i", "after", "the", "i", "everytime", "i", "i", "dont", "you", "and", "you", "but", "you", "but", "so", "to", "it", "the", "i", "this", "he", "to", "i", "yo", "they", "i", "so", "oh", "a", "i", "so", "dont"], "how": ["do", "its", "she"], "had": ["long", "910", "no"], "pourin": ["with"], "knew": ["she"], "crime": [" "], "to": ["date", "make", "wait", "this", "the", "see", "pretend", "school", "see", "her", "see", "a", "ask", "see", "say", "her", "the", "a"], "only": ["have"], "snap": ["guess"], "cool": [" "], "onstage": ["drippin"], "into": ["the"], "do": ["you", "ya"], "yo": ["who", "could"], "ya": ["a", "have"], "big": ["bra"], "couple": ["of"], "gonna": ["be"], "nation": [" "], "every": ["day"], "know": ["i"], "they": ["showed"], "surprise": ["visit"], "not": ["even"], "tonguekissin": ["my"], "day": ["to", "i"], "like": ["the", "agnes"], "school": [" ", "day", "year"], "name": ["she"], "everytime": ["that"], "cause": ["i"], "message": ["that"], "shock": ["my"], "gimme": ["that", "that"], "she": ["wanted", "had", "said", "had", "was", "said", "started", "acted", "tried", "said", "went", "was", "was", "just"], "havin": ["a"], "went": ["back", "to", "down"], "told": ["me"], "where": ["was", "it", "is", "it"], "exquisite": [" "], "says": ["she"], "concert": [" "], "crowd": ["and"], "doll": ["i"], "throwin": ["bass", "back"], "some": ["questions", "understanding"], "back": ["midrange", "to"], "understanding": [" "], "hair": ["and"], "see": ["if", "how", "my", "my"], "college": ["on"], "are": ["a"], "goin": ["for", "sing"], "year": ["to", " "], "girl": ["that", "from", "named", "that", "in", "who"], "event": [" "], "midrange": [" "], "even": ["goin"], "established": ["everything"], "what": ["im", "i", "i", "i", "i", "i", "i", "i"], "said": ["blahblahblah", "how", "i", "no", "yo"], "opened": ["the"], "for": ["it", "it", "a", "the", "such"], "has": ["a"], "spendin": ["a"], "please": ["listen"], "dormitory": [" "], "everything": ["sounded", "was"], "got": ["onstage", "what", "what", "what", "what", "what", "what"], "flicks": ["and"], "ever": ["met", "gimme", "talk"], "910": ["pants"], "pants": ["and"], "whispered": ["in"], "be": ["no", "in"], "we": ["started", "can", "was"], "after": ["this"], "bass": ["she"], "fella": ["tonguekissin"], "guess": ["who", "what"], "sprung": ["the"], "met": ["a", "her", " "], "let": ["me"], "ask": ["you", "where"], "sing": [" "], "wanted": ["you"], "come": ["to", "on"], "guy": ["picked", "made"], "wait": [" "], "on": ["tour", "im", "a", "my"], "about": ["that", "a"], "oh": ["baby", "baby", "hes", "baby", "baby", "snap"], "of": ["my", "flicks", "strange", "time", "the", "the"], "could": ["you"], "moment": [" "], "walkin": ["through"], "adored": ["me"], "tour": ["at", "was"], "agatha": ["germaine"], "sweat": [" "], "mouth": [" "], "brewin": [" "], "asked": ["her", "do"], "south": [" "], "thats": ["a"], "named": ["blahblahblah"], "love": ["she"], "dont": ["i", "gimme", "ever", "ever"], "sweet": [" "], "acted": ["kind"], "three": [" "], "down": ["south"], "dorm": [" "], "semester": ["of"], "send": [" "], "couldnt": ["be"], "bra": [" "], "blahblahblah": [" ", "that"], "story": ["of", " "], "or": ["some"], "from": ["the"], "her": ["was", "ear", "her", "name", "it", "room", "college", "dorm", "room"], "hes": ["just", "just", "just", "just", "just", "just", "just", "just", "just", "just", "just", "just", "just"], "there": [" "], "question": ["she"], "lets": ["go"], "long": ["hair"], "treat": [" "], "way": ["that", " "], "hundred": ["proof"], "was": ["talkin", "on", "walkin", "enthused", "very", "plannin", "in", "established", "cool", "over", "doin", "brewin", "that", "so", "a", "there", "her", "and", "on", "happy", "for", "in", "so"], "tell": ["ya", "me"], "friend": [" ", " ", "oh", " ", "oh", " ", " ", "couldnt", " ", " ", "oh", " ", "oh", " ", " ", " "], "happy": ["to"], "booth": [" "], "door": ["three", " "], "lot": ["of"], "relationship": ["or"], "that": ["you", "i", "lets", "adored", "i", "oh", "dont", " ", "was", "i"], "started": ["throwin", "throwin", "talkin"], "took": ["a", "blahblahs"], "but": ["a", "when", "you", "you", "you", "you", "you", "you", "you", "you", "you", "you"], "idea": ["i"], "baby": [" ", " ", " ", " ", "doll"], "didnt": ["know"], "ear": ["come"], "with": ["sweat"], "he": ["told"], "me": ["tell", " ", "fill", "where", "where", "where"], "kind": ["of"], "made": ["me"], "word": ["for"], "room": ["a", "and"], "dandy": ["and"], "this": ["girl", "is", "time", "was", "guy"], "pretend": [" "], "up": [" ", "and"], "us": ["nation"], "drippin": ["pourin"], "future": ["we"], "can": ["ask", "build"], "familiar": [" "], "visit": [" "], "situation": [" "], "listen": ["to"], "my": ["situation", "girl", "way", "baby", "girl", "heart"], "called": ["every", "her", "her", "again"], "proof": [" "], "and": ["a", "guess", "a", "she", "you", "thats", "jacq", "sweet", "she", "then", "you", "i", "opened"], "heart": ["went"], "picked": ["up"], "then": ["when", "i"], "is": ["what", "door"], "it": [" ", "at", "seemed", "was", "was", "was"], "an": ["event"], "say": ["hes", "hes", "hes", "hes", "hes", "hes", "hes", "hes", "hes", "hes", "hes", "hes", " "], "im": ["not", "goin"], "at": ["a", "this"], "have": ["you", "a", "a", "friends"], "in": ["her", "the", "for", "front", "for", "the", "shock"], "need": ["but", "but", "but", "but", "but", "but"], "saw": [" "], "if": ["you"], "again": [" "], "form": [" "], "no": ["i", "crime", "idea"], "make": ["love"], "when": ["i", "i"], "very": ["big", "amused"], "blahblahs": ["word"], "strange": [" "], "build": ["up"], "miniskirt": [" "], "gate": ["to"], "you": ["ever", "tried", "to", "some", "are", "like", "you", "got", "say", "say", "you", "got", "say", "say", "you", "got", "say", "say", "you", "got", "say", "say", "you", "got", "say", "say", "you", "got", "say", "say", "tell"], "fill": ["out"], "talkin": ["to", "getttin"], "picture": ["booth"], "tried": ["to", "to"], "doin": [" "], "who": ["i", "was", "says"], "visitors": ["form"], "enthused": [" "], "plannin": [" "], "arrived": ["in"], "date": [" "], "such": ["an"], "jacq": [" "], "friends": ["and"], "getttin": ["familiar"], "man": ["she"], "a": ["girl", "year", "story", "concert", "short", "hundred", "very", "couple", "man", "friend", "friend", "friend", "friend", "friend", "friend", "friend", "friend", "fact", "girl", "lot", "relationship", "treat", "guy", "friend", "friend", "friend", "friend", "friend", "friend", "friend", "surprise", "school", "gate", "visitors", "fella", "girl", "friend"], "somethin": ["was"], "short": ["miniskirt"], "i": ["was", "met", "just", "was", "met", "whispered", "can", "asked", "took", "said", "was", "started", "sprung", "asked", "dont", "only", "need", "need", "need", "took", "thought", "have", "had", "was", "called", "called", "called", "called", "said", "need", "need", "need", "came", "knew", "went", "was", "was", "arrived", "didnt", "was", "came", "saw", "was", "send"], "amused": [" "], "thought": ["just"], "so": ["i", "i", "we", "we", "dandy", "i", "exquisite", "i", "in", "please"], "came": ["to", "to"], "time": [" ", "so"], "the": ["us", "way", "crowd", "picture", "show", "question", "story", "future", "tour", "first", "school", "dormitory", "moment", "door", "mouth", "message"], "first": ["semester"], "sounded": ["so"], "fact": [" "], "agnes": ["agatha"]}