{"shop": ["at", "at"], "all": ["in", "in", "a", "over", "in", "on", "over", "in", "on", "over", "in", "in", "in", "you", "your", "of", "up", "the", "up", "your", "your", "my", "these", "white", "you", "my", "pale", "ha", "know", "expense", "on", "white", "you", "my", "pale", "ha", "know", "expense", "on", "we", "got", "the", "we", "we", "got", "the"], "leaped": ["every", "every"], "stressed": ["at", "at"], "savior": ["turn", "turn"], "skip": ["town", "town", "town"], "beware": [" ", " "], "informin": ["your", "your"], "martinis": ["drinkin", "drinkin", "drinkin"], "freakin": ["it"], "go": ["cause", " ", " ", " ", " ", " ", " ", " ", " ", " ", " ", " ", "head", " ", "turn", "head", "deaf", " ", " ", "head", " ", "turn", "head", "deaf"], "children": ["children", "children", "children", " ", " "], "hmmm": ["what", "what"], "drinkin": ["wanna", "wanna", "wanna"], " ": ["catch", "bounce", "everybody", "and", "and", "and", "we\u2019re", "till", "do", "do", "everytime", "and", "and", "so", "cause", "ain\u2019t", "and", "let", "spark", "everytime", "make", "let\u2019s", "now", "if", "we", "now", "and", "let\u2019s", "let\u2019s", "let\u2019s", "let\u2019s", "its", "hey", "you", "that", "im", "and", "its", "la", "la", "la", "la", "la", "la", "busta", "kelis", "my", "thats", "she", "when", "my", "let", "1", "2", "3", "i", "i", "i", "i", "i", "i", "i", "i", "i", "i", "i", "i", "i", "i", "i", "i", "i", "i", "i", "i", "he", "i", "she", "got", "bet", "she", "real", "sippin", "cause", "thats", "yeah", "and", "never", "if", "in", "see", "nigga", "cause", "cause", "my", "thats", "she", "when", "my", "let", "1", "2", "3", "i", "i", "i", "i", "i", "i", "i", "i", "i", "i", "i", "i", "i", "i", "i", "i", "i", "i", "i", "i", "he", "you", "i", "when", "what", "she", "listen", "and", "im", "cause", "and", "i", "but", "she", "travel", "bust", "even", "im", "thats", "cause", "my", "thats", "she", "when", "my", "let", "1", "2", "3", "i", "i", "i", "i", "i", "i", "i", "i", "i", "i", "i", "i", "i", "i", "i", "i", "i", "i", "i", "i", "he", "busta", "kelis", "my", "thats", "she", "when", "my", "let", "1", "3", "i", "i", "i", "i", "i", "i", "i", "i", "i", "i", "i", "and", "i", "i", "i", "i", "i", "i", "i", "i", "i", "i", "he", "i", "she", "got", "bet", "she", "real", "sippin", "cause", "thats", "cus", "and", "never", "if", "in", "see", "if", "cause", "my", "thats", "she", "when", "my", "let", "1", "3", "i", "i", "i", "i", "i", "i", "i", "i", "i", "i", "i", "and", "i", "i", "i", "i", "i", "i", "i", "i", "i", "i", "he", "you", "i", "when", "what", "she", "listen", "and", "im", "thats", "and", "i", "but", "extremely", "travel", "bust", "even", "im", "thats", "and", "my", "thats", "she", "when", "my", "let", "1", "3", "i", "i", "i", "i", "i", "i", "i", "i", "i", "i", "i", "and", "i", "i", "i", "i", "i", "i", "i", "i", "i", "i", "i", "he", "busta", "kelis", "my", "thats", "she", "when", "my", "let", "1", "3", "i", "i", "i", "i", "i", "i", "i", "i", "i", "i", "i", "and", "i", "i", "i", "i", "i", "i", "i", "i", "i", "i", "he", "i", "she", "got", "bet", "she", "real", "sippin", "cause", "thats", "cus", "and", "never", "if", "in", "see", "if", "cause", "my", "thats", "she", "when", "my", "let", "1", "3", "i", "i", "i", "i", "i", "i", "i", "i", "i", "i", "i", "and", "i", "i", "i", "i", "i", "i", "i", "i", "i", "i", "he", "you", "i", "when", "what", "she", "listen", "and", "im", "thats", "and", "i", "but", "extremely", "travel", "bust", "even", "im", "thats", "and", "my", "thats", "she", "when", "my", "let", "1", "3", "i", "i", "i", "i", "i", "i", "i", "i", "i", "i", "i", "and", "i", "i", "i", "i", "i", "i", "i", "i", "i", "i", "i", "he", "here", "hit", "silly", "when", "wild", "you", "my", "type", "bitch", "fuck", "the", "tap", "wild", "hit", "hot", "stylin", "if", "do", "let", "put", "straight", "if", "yo", "a", "im", "furious", "should", "frontin", "gotta", "30", "damagin", "yo", "all", "hitcha", "varias", "yo", "settle", "bite", "niggas", "mad", "hit", "oh", "takin", "while", "then", "do", "let", "put", "straight", "if", "let", "put", "straight", "if", "touch", "aiyyo", "aiyyo", "get", "busta", "lot", "see", "now", "ns", "i", "makin", "get", "when", "see", "thats", "shorty", "for", "while", "she", "touch", "get", "when", "then", "tryin", "then", "how", "now", "cant", "get", "if", "to", "after", "street", "cause", "all", "plus", "get", "every", "for", "cause", "everytime", "n", "lot", "after", "touch", "turn", "intro", "aiy", "just", "i", "remix", "aiy", "verse", "get", "pump", "them", "the", "and", "kiss", "and", "and", "get", "but", "everybody", "with", "turn", "if", "but", "after", "touch", "turn", "verse", "get", "come", "whatever", "it", "niggaz", "ima", "and", "niggaz", "come", "get", "fuck", "and", "but", "you", "aint", "get", "fuck", "touch", "turn", "verse", "swizz", "fuckin", "stay", "ima", "when", "fucked", "aint", "can", "maybe", "mary", "im", "in", "now", "seven", "the", "while", "well", "i", "bus", "you", "how", "only", "got", "and", "touch", "turn", "verse", "oohhh", "like", "theirs", "then", "get", "come", "and", "get", "get", "i", "this", "tryna", "im", "ya", "watch", "guarenteed", "touch", "turn", "verse", "get", "smack", "pop", "bare", "i", "the", "rock", "you", "get", "i", "now", "or", "i", "split", "pick", "with", "touch", "turn", "verse", "get", "these", "they", "aint", "when", "askin", "wanna", "they", "get", "he", "if", "type", "now", "told", "hit", "aint", "touch", "turn", "verse", "bus", "im", "kiss", "you", "dont", "lookin", "boy", "get", "you", "if", "nigga", "now", "this", "fake", "im", "touch", "turn", "get", "you", "be", "whats", "cause", "the", "incase", "i", "get", "theres", "the", "i", "now", "respect", "lloyd", "i", "touch", "turn", "repeat", "touch", "turn", "intro", "aiy", "just", "i", "remix", "aiy", "verse", "get", "pump", "them", "the", "and", "kiss", "and", "and", "get", "but", "everybody", "with", "turn", "if", "but", "after", "touch", "turn", "verse", "get", "come", "whatever", "it", "niggaz", "ima", "and", "niggaz", "come", "get", "fuck", "and", "but", "you", "aint", "get", "fuck", "touch", "turn", "verse", "swizz", "fuckin", "stay", "ima", "when", "fucked", "aint", "can", "maybe", "mary", "im", "in", "now", "seven", "the", "while", "well", "i", "bus", "you", "how", "only", "got", "and", "touch", "turn", "verse", "oohhh", "like", "theirs", "then", "get", "come", "and", "get", "get", "i", "this", "tryna", "im", "ya", "watch", "guarenteed", "touch", "turn", "verse", "get", "smack", "pop", "bare", "i", "the", "rock", "you", "get", "i", "now", "or", "i", "split", "pick", "with", "touch", "turn", "verse", "get", "these", "they", "aint", "when", "askin", "wanna", "they", "get", "he", "if", "type", "now", "told", "hit", "aint", "touch", "turn", "verse", "bus", "im", "kiss", "you", "dont", "lookin", "boy", "get", "you", "if", "nigga", "now", "this", "fake", "im", "touch", "turn", "get", "you", "be", "whats", "cause", "the", "incase", "i", "get", "theres", "the", "i", "now", "respect", "lloyd", "i", "touch", "turn", "repeat", "we", "forever", "we", "see", "but", "but", "and", "take", "now", "as", "believe", "you", "even", "we", "a", "superseded", "so", "a", "and", "together", "we", "up", "forever", "and", "get", "to", "to", "in", "ride", "come", "when", "and", "could", "at", "they", "had", "just", "i", "never", "was", "it", "so", "told", "together", "we", "up", "forever", "and", "get", "to", "to", "in", "ride", "come", "in", "and", "my", "now", "fighting", "to", "from", "to", "but", "lets", "regardless", "together", "we", "up", "forever", "and", "get", "to", "to", "in", "ride", "come", "yeah", "we", "see", "but", "but", "and", "take", "now", "as", "believe", "you", "even", "we", "a", "superseded", "so", "a", "and", "together", "we", "up", "forever", "and", "get", "in", "when", "and", "would", "at", "they", "had", "just", "i", "never", "was", "it", "so", "told", "together", "we", "up", "forever", "and", "get", "in", "in", "this", "my", "now", "fighting", "to", "from", "to", "but", "lets", "regardless", "together", "we", "up", "forever", "and", "get", "in", "on"], "violate": ["nigga"], "show": ["you", " ", "you", " "], "young": ["savior", "savior"], "steadily": [" ", " "], "skipping": ["the", "the", "the"], "to": ["the", "hold", "cause", "\u2018em", "create", "turn", "activate", "lift", "me", "lift", "skip", "get", "lift", "lift", "me", "lift", "skip", "get", "lift", "lift", "me", "lift", "skip", "get", "lift", "fuckin", "violate", "death", "get", "be", "the", "bust", "be", "be", "the", "just", "give", "touch", "put", "hide", "walk", "removin", "the", "strap", "sit", "knock", "poke", "learn", "fly", "the", "stunt", "front", "my", "yall", "handle", "go", "deal", "put", "get", "keep", "empty", "go", "see", "stop", "hit", "poke", "learn", "fly", "the", "stunt", "front", "my", "yall", "handle", "go", "deal", "put", "get", "keep", "empty", "go", "see", "stop", "hit", "live", "take", "the", "the", "this", "that", "connect", "do", "let", "the", "the", "this", "see", "negate", "countin", "the", "the", "the", "this", "live", "take", "this", "that", "connect", "do", "let", "this", "see", "negate", "countin", "the", "this"], "finally": ["came", "did", "came", "did"], "under": ["my"], "road": [" ", " ", " ", " ", " ", " ", " ", " ", " ", " ", " ", " ", " ", " ", " ", " ", " ", " ", " ", " ", " "], "women": ["be", "in", "in"], "ta": ["do", "do", "do", "do"], "fly": ["go\u2019n", " ", " ", " "], "woman": ["still", "still"], "murderous": [" "], "song": [" "], "far": ["you", "you", "ive", "ive"], "rhyme": [" ", " "], "account": ["how", "how"], "smack": ["you", "the", "you", "the"], "every": ["single", "hood", "hood", "hurdle", "rhyme", "hurdle", "rhyme"], "surprise": ["x3", " ", " ", " ", " "], "toothless": ["get", "get"], "minute": [" ", " "], "hour": ["traffic", "traffic"], "charmin": ["put", "put"], "did": ["em", "take", "change", "em", "take", "change", "it", "it", "it", "it", "it", "it", "it", "it"], "louis": ["and", "and"], "marry": ["us"], "servin": ["us"], "brother": ["with", "with"], "leave": ["it", "it", "it", "it", "it", "it", "it", "it", "it", "it", "it", "it", "it", "it", "it", "it", "it", "it", "it", "it", "for", "for"], "settle": ["for"], "cute": [" ", " "], "quick": [" "], "bench": ["using", "using"], "dip": ["baby", "ha1", "baby", "ha1"], "razor": [" ", " "], "yall": ["thought", "niggaz", "niggaz", "go", "be", "cant", "thought", "niggaz", "niggaz", "go", "be", "cant"], "clothes": [" ", " "], "smaller": ["than", "than"], "booty": ["yo"], "tired": ["of", "of"], "streets": ["nigga", "tired", "declare", "nigga", "tired", "declare"], "blitz": ["and"], "d": ["the", "the"], "jump": ["it"], "fearin": ["us"], "zero": [" "], "fabulous": [" "], "strippin": ["throw"], "air": ["if", "if"], "click": [" ", " ", " ", " "], "even": ["if", "lie", "if", "lie", "if", "lie", "try", "when", "try", "when", "though", "though", "though", "though", "though", "though", "though", "though", "though", "though", "though", "though", "though"], "what": ["i", "its", "its", "she", "she", "she", "you", "the", "you", "you", "you", "im", " ", "that", "you", " ", " ", "you", "im", " ", "that", "you", " ", " ", "you", "im", "im"], "poke": ["your", "your"], "hide": ["the"], "wylin": ["the", "in", "in", "in"], "anthem": ["with", "like"], "gucci": ["we", "we"], "thickness": ["in", "in"], "cell": ["come"], "consistently": ["reppin"], "twins": ["power"], "goes": ["uh", "let", "let"], "new": ["turn", "york", "york", "turn", "york", "york"], "seemed": ["like", "like"], "freaky": ["lil", "lil"], "comparin": ["us"], "movement": ["is"], "body": ["nigga", "nigga"], "toast": ["to", "to"], "toes": [" "], "never": ["lets", "let", "stress", "lets", "let", "lets", "let", "lets", "let", "stress", "lets", "let", "lets", "let", "lets", "let", "stress", "lets", "let", "lets", "let", "we", "ever", "gonna", "restin", "gonna", "gonna", "ever", "gonna", "restin", "gonna", "gonna"], "here": ["to", "to", "to", "we", " ", " ", " ", " "], "restin": ["the", "the"], "let": ["them", "me", "it", "her", "me", "her", "her", "me", "her", "me", "her", "me", "her", "me", "her", "me", "her", "me", "her", "me", "her", "me", "me", "me", "me", "me", "her", "her", "em", "em", "that", "me", "it", "em", "a", "you", "em", "that", "me", "it", "em", "a", "you", "it", "it", "it", "it"], "smokin": ["that", "that"], "alone": ["in", "in"], "sing": ["the", "we", "it", "we", "it", "we", "it", "it"], "along": ["uh", "i"], "strong": ["come"], "coochie": ["and"], "change": ["been", " ", "been", " "], "boy": [" ", " ", " ", " ", " ", " ", " ", " ", " ", " ", " ", " ", " ", " ", " ", " ", " ", " ", "is", "shorty", "workin", "you", "is", "shorty", "workin", "you"], "kids": [" ", " "], "losin": ["his", "his"], "thirty": ["thousand", "thousand"], "didnt": ["know", "know"], "until": ["you", "nothin", "you", "nothin"], "30": ["time"], "screamin": ["fuck", "damn", "fuck", "damn"], "walkin": ["around"], "spankin": ["them", "them"], "4xlyrics": ["submitted", "submitted"], "pick": ["up", "up"], "pullin": ["they", "they"], "countin": ["money", "money"], "dre": ["and", "and"], "thats": ["why", "my", "my", "my", "my", "my", "why", "my", "my", "my", "my", "my", "my", "why", "why", "my", "my", "my", "my", "my", "my", "why", "my", "my", "my", "my", "my", "my", "why", "why", "my", "my", "my", "my", "my", "my", "why", "my", "my", "my", "my", "my", "my", "why", "the", "when", "where"], "julio": ["he"], "named": ["julio"], "love": ["my", "my", "my", "my", "my", "you", "my", "my", "you", "my", "my", "you", "my", "my", "my", "my", "my", "my", "my", "my", "my", "my", "my", "my", "my", "my", "you", "my", "my", "you", "my", "my", "you", "my", "my", "my", "my", "my", "my", "my", "my", "my", "my", "the", "my", "my", "my", "you", "my", "my", "you", "my", "my", "you", "my", "my", "my", "my", "my", "my", "my", "my", "my", "my", "my", "you", "my", "my", "my", "you", "my", "my", "you", "my", "my", "you", "my", "my", "you", "my", "my", "you", "my", "my", "my", "my", "my", "my", "my", "my", "my", "you", "my", "my", "you", "my", "my", "you", "my", "my", "you", "my", "my", "you", "my", "my", "my", "my", "my", "the", "my", "my", "my", "you", "my", "my", "you", "my", "my", "you", "my", "my", "you", "my", "you", "you", "my", "my", "my", "my", "my", "my", "my", "you", "my", "my", "my", "you", "my", "my", "you", "my", "my", "you", "my", "my", "you", "my", "my", "you", "my", "my", "my", "my", "my", "my", "my", "my", "my", "you", "my", "my", "you", "my", "my", "you", "my", "my", "you", "my", "my", "you", "my", "my", "my", "my", "my", "the", "my", "my", "my", "you", "my", "my", "you", "my", "my", "you", "my", "my", "you", "my", "you", "you", "my", "my", "my", "my", "my", "my", "the", "me", "the", "me"], "ha1": [" ", " "], "win": ["but", "but"], "imagine": ["if", "if"], "strap": [" "], "ask": ["fruityo"], "wit": ["bus", "sumtin", "bus", "sumtin"], "fake": ["mcs", "mcs"], "gaurd": [" ", " ", " "], "ringing": ["her"], "everybody": ["in", "talk", "gonna", "talk", "gonna"], "tickle": ["wild"], "use": ["on"], "from": ["miles", "the", "the", "yeah", "nights", "yeah", "nights"], "would": ["look", "all", "turn", "turn", "look", "all", "turn", "turn", "ever"], "dude": [" ", " ", " ", " ", " "], "two": [" ", "shots", " ", "shots"], "throw": ["they"], "few": ["in", "in"], "live": ["on", "when", "on", "when"], "call": ["a", "a"], "chinchilla": ["ice", "ice"], "moodio": [" "], "mysterious": [" "], "black": ["see"], "thoughall": ["about", "about"], "type": ["that", "that", "that", "that", "that", "that", "of", "of", "to", "to"], "tell": [" ", "you", "you"], "more": ["delayin", "delayin"], "tryna": ["do", "put", "do", "put"], "door": [" "], "knows": ["the", "the", "the"], "riot": ["in"], "club": [" ", "on", " ", "in", " ", "in", " ", "in", "like", "real", " ", "im", "banger", " ", "im", "banger"], "mad": ["at"], "askin": ["me", "me", "me", "me"], "hurt": ["\u2018em"], "instrumental": ["on", "on", "on", " ", " ", " "], "couple": ["bottles", "bottles"], "stick": ["and", "a", "a"], "broke": ["all", "all"], "smile": ["to", "to"], "baby": ["so", "so", "so", " ", "so", " ", " ", " ", "yup", "yup", " ", " ", " ", "so", " ", " ", " ", "yup", "yup", " ", " ", " ", "so", " ", " ", " ", "yup", "yup", " ", " ", " ", " ", "so", " ", " ", " ", "yup", "yup", " ", " ", " ", "so", " ", " ", " ", "yup", "yup", " ", " ", " ", "so", " ", " ", " ", "yup", "yup", " ", " ", " ", "go", "dip", "like", "go", "dip", "like"], "hold": ["\u2018em", "the", "the", "the", "his", "his"], "glad": ["to", "to"], "must": ["that"], "me": ["do", "wanna", "then", "frontin", " ", "put", " ", "down", "up", "sit", "joy", " ", " ", "down", "up", "sit", "joy", "down", "up", "sit", "joylyrics", "down", "up", "sit", "joy", " ", " ", "down", "up", "sit", "joy", "down", "up", "sit", "joylyrics", "down", "up", "sit", "joy", " ", " ", "down", "up", "sit", "joy", "down", "up", "sit", "joylyrics", "want", " ", "see", " ", "in", " ", "see", " ", " ", "see", " ", "lyrics", "take", "a", "ringing", "see", "dog", "show", "rollin", "who", "a", "i", "all", "woo", "when", "two", "home", "you", "the", "god", "when", " ", "dog", "show", "rollin", "who", "a", "i", "all", "woo", "when", "two", "home", "you", "the", "god", "when", " ", "on", "on", "on"], "respected": [" ", " "], "none": ["of", "of"], "britney": ["spears", "spears"], "niggas": ["in", "is", "deal", "know", "is", "act", "act", " ", " ", " ", " ", " ", " "], "this": ["house", "tpain", "sound", "sound", "s", "sick", "you", "shit", "club", "is", "year", "mass", "sick", "you", "shit", "club", "is", "year", "mass", "bangin", "bangin", "bangin", "bangin", "bangin", "shit", "bangin"], "ride": ["with", "sing", "with", "with", "sing"], "niggaz": ["is", "be", "is", "like", "aint", " ", "turn", "is", "know", "like", "aint", " ", "turn", "is", "know"], "perfomin": ["my", "my"], "mall": ["huh", "huh"], "anywhere": ["my", "my", "my"], "nine": ["milly"], "can": ["do", " ", "get", "get", "get", "get", "get", "get", "get", " ", "get", "get", "get", "get", "get", "get", "get", "get", "get", "get", " ", "get", "get", "get", "see", "see", "hold", "i", "guess", "hit", "hold", "i", "guess", "hit", "leave"], "v": [" ", " ", " "], "tpain": [" "], "my": ["people", "people", "thang", "chick", "nigga", "lady", "baby", "chick", "lady", "chick", "lady", "chick", "lady", "chick", "chick", "nigga", "boy", "chick", "nigga", "boy", "chick", "nigga", "chick", "nigga", "girl", "money", "chick", "chick", "chick", "chick", "chick", "chick", "lady", "baby", "chick", "lady", "chick", "lady", "chick", "lady", "chick", "chick", "nigga", "boy", "chick", "nigga", "boy", "chick", "nigga", "chick", "nigga", "chick", "chick", "shortys", "chick", "chick", "chick", "chick", "shorty", "chick", "chick", "chick", "lady", "baby", "chick", "lady", "chick", "lady", "chick", "lady", "chick", "chick", "nigga", "boy", "chick", "nigga", "boy", "chick", "nigga", "chick", "nigga", "chick", "lady", "baby", "chick", "lady", "chick", "lady", "chick", "lady", "chick", "chick", "baby", "chick", "baby", "chick", "baby", "chick", "baby", "baby", "girl", "money", "chick", "chick", "chick", "chick", "chick", "chick", "lady", "baby", "chick", "lady", "chick", "lady", "chick", "lady", "chick", "chick", "baby", "chick", "baby", "chick", "baby", "chick", "baby", "baby", "chick", "mission", "shortys", "chick", "chick", "chick", "chick", "shorty", "chick", "chick", "chick", "lady", "baby", "chick", "lady", "chick", "lady", "chick", "lady", "chick", "chick", "baby", "chick", "chick", "baby", "chick", "baby", "chick", "baby", "chick", "lady", "baby", "chick", "lady", "chick", "lady", "chick", "lady", "chick", "chick", "baby", "chick", "baby", "chick", "baby", "chick", "baby", "baby", "girl", "money", "chick", "chick", "chick", "chick", "chick", "chick", "lady", "baby", "chick", "lady", "chick", "lady", "chick", "lady", "chick", "chick", "baby", "chick", "baby", "chick", "baby", "chick", "baby", "baby", "chick", "mission", "shortys", "chick", "chick", "chick", "chick", "shorty", "chick", "chick", "chick", "lady", "baby", "chick", "lady", "chick", "lady", "chick", "lady", "chick", "chick", "baby", "chick", "chick", "baby", "chick", "baby", "chick", "baby", "nine", "duty", "main", "freak", "metaphores", "flows", "eyes", "niggas", "niggaz", "nigga", "people", "whole", "nigga", "eyes", "eyes", "bes", "dick", "cell", "spell", "movement", "money", "bes", "lap", "dick", "all", "way", "thing", "little", "biz", "grown", "peoples", "sales", "nails", "dick", "pinky", "thumb", "middle", "hand", "man", "bad", "shit", "dick", "all", "way", "thing", "little", "biz", "grown", "peoples", "sales", "nails", "dick", "pinky", "thumb", "middle", "hand", "man", "bad", "shit", "life", "bread", "little", "mind", "children", "muscles", "life", "bread", "little", "mind", "childrens", "muscles"], "whoalyrics": ["submitted"], "beautiful": ["women"], "ready": ["for", "to", "to"], "everyone": ["for", "for", "of", "of"], "tap": ["mistresses"], "gettin": ["at", "at"], "give": ["it", "me", "you", "you", "a", "me", "a", "me"], "lock": ["on", "it", "it"], "fuck": ["in", "with", "that", "i", "you", "it", "you", " ", "i", "you", "it", "you", " "], "pieces": ["to", "to"], "heard": ["of"], "his": ["thing", "click", "jacket", "back", "head", "brain", "dime", "click", "jacket", "back", "head", "brain", "dime"], "want": ["to", "to", "trust", "trust"], "handle": ["my", "my"], "pong": [" ", " "], "made": ["everything", "it", "it", "it", "it", "it", "it", "it", "it", "it", "it", "it", "it", "it", "it", "it"], "toolio": [" "], "iwakun": [" "], "winter": ["trickin", "trickin"], "turn": ["back", "it", "it", "it", "it", "it", "it", "it", "it", "it", "it", "it", "it", "it", "it", "it", "it", "it", "it", "it", "it", "it", "it", "it", "it", "it", "it", "it", "it", "it", "it", "it", "it", "up", "it", "it", "it", "it", "it", "it", "it", "it", "it", "it", "it", "it", "it", "it", "it", "it", "it", "it", "it", "it", "it", "it", "it", "it", "it", "it", "it", "up", "it", "it"], "travel": ["anywhere", "anywhere", "anywhere"], "delirious": [" "], "ping": ["pong", "pong"], "illiest": [" "], "boroughs": ["of", "of"], "1": ["she", "she", "she", "she", "she", "she", "she", "she", "she", "lloyd", "lloyd"], "till": ["we"], "hot": ["shit", "the"], "toxic": ["baby", "baby"], "instead": ["of"], "pap": ["five", "five"], "rude": [" ", " ", " "], "flip": ["the", "the"], "mess": ["with", "with"], "stop": ["format", "format", "format", "format", "format", "format", "format", "format", "format", "format", "it", "format", "format", "format", "format", "format", "format", "format", "format", "format", "it", "format"], "after": ["the", "that", "the", "the"], "spot": ["the"], "aiyyo": ["swizz", "let"], "floor": [" ", " ", " ", " ", " ", " ", " ", " ", " "], "mag": ["and", "and", "and", "and"], "islands": ["in", "in"], "fighting": ["through", "for", "through", "for"], "lap": ["turn"], "man": [" ", "everyday", "that", " ", "what", " ", "get", " ", "everyday", "that", " ", "what", " ", "get"], "a": ["riot", "trance", "trance", "my", "line", "fiasco", "hustler", "do", "dude", "thug", "one", "kind", "rider", "dime", "nigga", "nigga", "do", "dude", "thug", "one", "kind", "rider", "dime", "fella", "fella", "do", "dude", "thug", "one", "kind", "rider", "dime", "fella", "fella", "little", "must", "lot", "day", "fuss", "back", "lock", "town", "pound", "make", "second", "strut", "n", "nut", "wrap", "flow", "minute", "fitted", "midget", "put", "few", "breakdown", "piece", "fork", "bid", "yacht", "ball", "freak", "freaky", "whole", "couple", "tight", "new", "different", "passion", "g", "nigga", "bunch", "bitch", "little", "thang", "bitch", "shorty", "thong", "game", "nigga", "flow", "minute", "fitted", "midget", "put", "few", "breakdown", "piece", "fork", "bid", "yacht", "ball", "freak", "freaky", "whole", "couple", "tight", "new", "different", "passion", "g", "nigga", "bunch", "bitch", "little", "thang", "bitch", "shorty", "thong", "game", "nigga", "nigga", "look", "symbol", "nigga", "nigga", "nigga", "bench", "toast", "nigga", "look", "symbol", "nigga", "nigga", "nigga", "bench", "toast"], "stress": ["the", "the", "the", "a", "a"], "crowded": ["mami"], "maybe": ["you", "you"], "sit": ["back", "back", "back", "back", "back", "back", "back", "back", "back", "on"], "stash": ["for", "for", "for"], "blastin": [" ", " "], "buggin": ["on", "on", "on"], "so": ["i", "amazing", "amazing", "amazing", "amazing", "amazing", "amazing", "amazing", "amazing", "amazing", "what", "mysterious", "glorious", "gimme", "no", "dont", "theres", " ", "dont", "theres", " ", "victorious", "notorious", "failure", "we", "victorious", "notorious", "your", "we"], "waited": ["ah", "ah", "ah", "ah", "ah", "ah"], "furious": ["all"], "crackin": ["the", "the"], "first": ["human", "week", "human", "week"], "dream": ["you", "you"], "thinkin": ["cause", "cause"], "talk": ["to", "money", "money"], "chicks": ["will"], "getgo": ["what", "what"], "\u2019bout": ["to"], "over": ["the", "the", "the", "we", "we"], "fall": ["down", "down", "down", "down", "down", "down", "down", "down", "down"], "mission": ["know", "know"], "struggles": ["and", "and"], "brain": ["uh", "uh"], "attitude": [" ", " "], "paper": ["long", "long"], "through": ["like", "faggots", "your", "like", "faggots", "your", "every", "every"], "shake": ["it", "it"], "still": ["i", "be", "i", "be"], "its": ["too", "gon", "gon", "anthem", "a", "funny", "flipmode", "crowded", "blue", "took", "gone", "blue", "took", "gone"], "bunch": ["of", "of"], "ima": ["do", "hit", "hit", "stick", "hit", "hit", "stick"], "some": ["play", "play"], "thank": ["everyone", "everyone"], "la": ["la", "la", "la", "la", "yeah", "la", "la", "la", "la", "keep", "la", "la", "la", "la", "whoa", "la", "la", "la", "la", "i", "la", "la", "la", "la", "yeah", "la", "la", "la", "la", "keep", "la", "la", "la", "la", "whoalyrics"], "thang": ["you", "im", "im"], "dancin": ["and", "and", "and"], "amazing": [" ", " ", " ", " ", " ", " ", " ", " ", " "], "crew": ["turn", "turn"], "late": ["to"], "slayin": [" ", " "], "tyler": [" "], "mail": [" ", " "], "bout": ["to", "to", "to", "it", "ta", "ta", "ta", "ta", "my", "my"], "main": ["thug"], "might": ["let", "let"], "puzzle": [" ", " "], "partyin": ["and", "and"], "ball": [" ", " "], "then": ["c\u2019mon", "i", "i", "they", "get", "you", "attack", "you", "attack"], "them": ["all", "all", "up", " ", "chickes", "chickes", "chickes", "hoes", "and", "im", "hoes", "and", "im", "to", "to"], "good": ["in", "yeah", "yes", "you", "in", "yeah", "yes", "you"], "yo": [" ", " ", " ", " ", "its", "we", "its", "its", "swizz", "just", "ass", "i", "swizz", "just", "ass", "i"], "ya": ["with", "just", "face", "crew", "boy", "face", "crew", "boy"], "spell": [" "], "feelin": ["that", "so"], "bang": ["s"], "cutieo": [" "], "they": ["curious", "ass", "wanna", "wanna", "ready", "a", "be", "know", "s", "try", "butt", "be", "singin", "shakin", "hips", "get", "cut", "probably", "watch", "hair", "do", "little", "sayin", "wanna", "cut", "probably", "watch", "hair", "do", "little", "sayin", "wanna", " ", "told", "probably", "told", "told", " ", "told", "probably", "told", "told"], "hands": ["up", "up", "where", "where", "where", "up", "up"], "front": ["she", "she", "she", " ", " "], "now": ["i", "get", " ", "you", "thats", "the", "to", " ", "you", "i", "he", "he", "busta", "turn", "the", "to", " ", "you", "i", "he", "he", "busta", "turn", "the", "call", "yes", "oh", "on", "i", "call", "yes", "oh", "on", "i"], "day": ["shitll"], "bread": ["smaller", "smaller", " ", " "], "wont": ["cause", "cause"], "everytime": ["time", "i", "i"], "always": ["here", "here", "creep", "here", "there", "there", "creep", "there", "there", "there", "creep", "there", "servin", "do"], "drop": ["the"], "explode": [" "], "holdin": ["it", "it", "it", "the"], "truth": ["is", "weighing", "is", "weighing"], "rock": ["ice", "ice"], "hurdle": [" ", " "], "out": ["their", " ", "come", " ", "again", "ny", "that", "the", " ", "tellin", "again", "ny", "that", "the", " ", "tellin", "of", "of"], "removin": ["your"], "em": ["off", " ", " ", "man", "man", "man", " ", " ", "man", "man", "man", " "], "week": ["of", "of"], "activate": ["the"], "formulate": ["my"], "woo": [" ", " "], "doing": ["to", "with", "to", "with", "to", "with"], "house": [" "], "hard": [" ", " ", " "], "yeah": ["yeah", " ", "yeah", " ", "she", " ", "im", " ", "im", " ", " ", " ", " ", " ", " ", "nigga", "yeah", "yeah", "yeahlyrics", " ", " ", " ", " ", " ", " ", "nigga"], "him": ["ha", "when", "triggers", "ha", "when", "triggers"], "breakthrough": ["uh", "uh"], "negate": ["the", "the"], "fires": [" "], "dawg": [" "], "connect": ["it", "it"], "fist": ["and", "and"], "year": ["be", "be"], "our": ["run", "backs", "backs", "backs", "backs", "backs", "backs", "backs", "backs", "backs"], "busta": ["rhymes", "rhymes", "rhymes", "bus", "rhymes", "rhymes", "rhymes", "rhymes", "rhymes", "rhymes", "rhymes", "rhymes", "bus", "bus", "rhymes", "rhymes", "rhymes", "rhymes", "rhymes", "rhymes", "rhymes", "rhymes", "bus", "bus"], "whip": ["in", " ", "turn", "yo", "turn", "yo"], "really": ["got", "got", "wit\u2019", "and", "wanna", "wanna", "wanna", "wanna", "wanna", "f", "the", "the"], "preparin": ["us"], "gon": ["be", "be", "take", "tell", "get", "fuck", "take", "tell", "get", "fuck"], "god": ["we", "get", "of", "of", "is", "of", "is"], "rep": ["for", "for"], "surrounded": ["with", "with", "with"], "skits": ["so", "so"], "stumble": ["on"], "re": ["inventin", "inventin"], "acting": ["kinda", "kinda", "kinda"], "remorse": ["but", "but"], "7": ["missy", "missy"], "got": ["them", "them", "our", "her", "her", "her", "all", "for", "for", "for", "me", "in", "a", "you", "time", "staten", "new", "beyonces", "it", "a", "you", "time", "staten", "new", "beyonces", "it", "started", "started"], "we\u2019re": ["\u2019bout"], "cause": ["a", "you", "you", "she", "see", "thats", "thats", "that", "thats", "thats", "thats", "she", "she", "see", "thats", "thats", "she", "see", "thats", "thats", "there", "they", "we", "all", "you", "he", "them", "you", "he", "them"], "shows": [" "], "ass": ["be", "all", "for", "be", "all", "for", "be", "all", "for", "where", "bye", "bye"], "bye": ["bye", "you", "bye", "you"], "nia": ["long", "long"], "waitedlyrics": ["submitted"], "monster": ["x", "x"], "pathetic": [" ", " "], "thong": ["uh", "come", "come"], "lights": ["off", "off"], "guess": ["who", "who"], "greedy": [" ", " "], "shortys": ["a", "a", "a"], "clique": ["victorious"], "put": ["your", "her", "her", "her", "all", "all", "all", "a", "my", "her", "the", "a", "you", "my", "your", "a", "you", "my", "your", "the", "the"], "g": ["make", "make"], "created": ["another", "another"], "yup": ["yup", " ", "yup", " ", "yup", " ", "yup", " ", "yup", " ", "yup", " ", "yup", " ", "yup", " ", "yup", " ", "yup", " ", "yup", " ", "yup", " ", "yup", " ", "yup", " ", "yup", " ", "yup", " ", "yup", " ", "yup", " ", "yup", " ", "yup", " ", "yup", " ", "yup", " ", "yup", " ", "yup", " ", "yup", " ", "yup", " ", "yup", " ", "yup", " ", "yup", " ", "yup", " ", "yup", " ", "yup", " ", "yup", " ", "yup", " ", "yup", " ", "yup", " ", "yup", " ", "yup", " ", "yup", " ", "yup", " ", "yup", " ", "yup", " ", "yup", " ", "yup", " ", "yup", " "], "could": ["see", "tell", "make", "smack", "find", "be", " ", "make", "smack", "find", "be", " ", "do", "ever", "leave", "do"], "used": ["to", "to"], "keep": ["hustlin", "hustlin", "hustlin", "shit", "it", "it", "brooklyn", "brooklyn"], "thing": ["that", "that", "b", "on", "its", "its"], "place": ["stand", " ", " ", " ", "to", "to", "to"], "wastin": ["no", "no"], "greatness": [" ", " "], "think": ["they"], "fuckin": ["explode", "with", "wit", "wit"], "reppin": ["it", "it", "it", "see", "how", "how"], "already": ["know", "what", "know"], "dickin": ["along"], "dont": ["want", "know", "wanna", "think", "really", "even", "shop", "understand", "i", "it", "even", "shop", "understand", "i", "it"], "mans": ["butt", "truck", "butt", "truck"], "feel": ["me", "it"], "ghetto": ["on", "on", "on"], "crib": ["or", "or", "or"], "one": ["of", "of", "of", "could", "the", "the"], "dust": ["instead"], "pop": ["a", "a"], "done": ["created", "created"], "bitch": ["nigga", " ", "out", "know", "while", " ", "out", "know", "while"], "another": ["match", "epidemic", "epidemic"], "comin": ["from", "and", "and"], "carry": ["us"], "force": ["securin", "securin"], "ring": [" ", "finger", " ", "finger"], "open": ["she"], "hood": ["and", "uh", " ", "like", "and", "uh", " ", "like", "shoppin", "shoppin"], "fella": [" ", " ", " ", " "], "little": ["cutieo", "friend", "mack", "dough", "friend", "mack", "dough", "struggles", "struggles"], "killin": ["at", "at"], "level": ["trappin", "trappin"], "jet": ["he", "he"], "paint": ["the", "the"], "bite": ["the"], "mami": ["always", "always", "always", "already", "move", "dont", "dont"], "their": ["clothes", "lips"], "attack": ["him", "him"], "2": ["she", "she", "she", "dmx", "dmx"], "immortal": ["as", "as"], "too": ["late"], "hustlin": [" ", "dawg", " "], "trulyo": [" "], "white": ["whip", "whip"], "hundred": ["thirty", "thirty"], "friend": [" ", " "], "listen": ["the", "the", "the", "to"], "eyes": ["could", "can", "can"], "murder": ["the", "the"], "flipmode": ["my", "bitch", "bitch"], "way": ["shit", "my", "she", "this", "my", "she", "this", "my", "she", "she", "that", "out", "we", "we", "i", "i", "i", "im", "out", "we", "we", "i", "i", "i", "im", "to", "to"], "that": ["when", "there", "keep", "she", "my", "reserve", "ass", "keep", "she", "reserve", "ass", "keep", "she", "reserve", "ass", "look", " ", "you", "be", "i", "it", "im", "i", "they", "got", "bowl", "do", "do", "do", "shit", "shit", "whip", "crunk", "cheech", "the", "got", "bowl", "do", "do", "do", "shit", "shit", "whip", "crunk", "cheech", "the", "i", "ive", "puzzle", "i", "i", "ive", "puzzle", "i"], "nobody": ["can", "can"], "huh": [" ", " ", " ", " ", "mami", "just", " ", " ", " ", " ", " ", " ", " ", " ", " ", " ", " ", " ", " ", " ", " ", " "], "shorty": ["ass", "come", "ass", "come", "ass", "come", "she", "wildin", "open", "nobody", "what", "in", "nobody", "what", "in"], "papoose": ["busta", "papoose", "papoose", "had", "and", "busta", "papoose", "papoose", "had", "and"], "ridiculous": [" ", " "], "because": ["my"], "butt": ["made", "you", "you"], "x3": [" "], "believe": ["im", "im"], "chong": [" ", " "], "than": ["the", "mine", "the", "mine"], "king": ["of"], "kind": [" ", " ", " "], "b": ["lockin"], "rappin": ["now", "now"], "jinglin": ["baby", "baby"], "gotta": ["know", "question", "c\u2019mon", "listen", "thank", "thank"], "riches": ["on", "on", "on"], "second": ["im"], "submitted": ["by", "by", "by", "by", "by", "by", "by", "by", "by", "by"], "game": [" ", "of", " ", "of"], "street": ["ns", "with", "with"], "silly": ["with"], "historical": ["shit", "shit"], "were": ["never", "steadily", "stressed", "pathetic", "never", "never", "never", "steadily", "stressed", "pathetic", "never", "never"], "bes": ["be", "strippin", "is", "wanna"], "feeling": [" "], "declare": ["me", "me"], "bet": ["she", "she", "she"], "and": ["jump", "there\u2019s", "when", "i", "we", "hurt", "let", "my", "if", "come", "sing", "hit", "count", "she", "she", "hit", "count", "if", "she", "even", "hit", "count", "hit", "count", "she", "she", "she", "she", "hit", "count", "she", "she", "if", "she", "even", "she", "hit", "count", "she", "she", "hit", "count", "she", "she", "she", "she", "hit", "count", "she", "she", "if", "she", "even", "she", "hit", "count", "she", "she", "trulyo", "bangin", "they", "reminisce", "tryin", "shorty", "was", "as", "doin", "be", "we", "they", "put", "you", "the", "i", "you", "let", "your", "ima", "what", "you", "all", "they", "all", "gucci", "dancin", "havin", "your", " ", "pullin", "i", "the", "holla", "ya", "im", "let", "get", "lift", "then", "chong", "wishin", "your", "slayin", "busta", "you", "the", "i", "you", "let", "your", "ima", "what", "you", "all", "they", "all", "gucci", "dancin", "havin", "your", " ", "pullin", "i", "the", "holla", "ya", "im", "let", "get", "lift", "then", "chong", "wishin", "your", "slayin", "busta", "im", "uh", "im", "they", "get", "it", " ", "they", "get", "shit", "jimmy", "russel", "they", "get", "im", "uh", "im", "they", "it", "let", " ", "they", "jimmy", "russel", "they"], "oohhh": ["get", "get"], "well": ["uh", "let", "let"], "hoes": [" ", " ", " ", "come", "eyeing", "eyeing"], "turned": ["around"], "mine": [" ", " ", " ", "they", "they"], "slap": ["you"], "say": ["hello", "hello"], "muscles": ["son", "son"], "graffiti": ["so", "so"], "rollin": ["up", "up"], "have": ["to", "to", "to", "you", "you"], "seen": ["thickness", "thickness"], "any": ["women", "women"], "option": ["trust", "trust"], "lie": ["on", "on", "on"], "nights": ["in", "in"], "built": ["for", "for"], "milly": ["what"], "lil": ["brother", "brother"], "trance": [" ", " "], "mic": ["yes"], "lit": ["the"], "roadlyrics": ["submitted"], "take": ["they", "now", "one", "two", "me", "your", "now", "one", "two", "me", "your", "a", "the", "a", "the"], "jail": [" ", "on", "on"], "concern": ["you", "you"], "rider": ["like", "like", "like"], "inventin": ["how", "how"], "guarenteed": ["youll", "youll"], "blue": ["in", "in"], "play": ["he", "he"], "exactly": ["what", "what"], "though": ["she", "she", "she", "we", "we", "we", " ", "we", "we", "we", "we", "we", " ", "we", "we", "we"], "doin": ["it", "it", "my", "a", "my", "historical", "the", "my", "a", "my", "historical", "the"], "knew": ["the", "the", "the"], "paid": ["anyplace", "anyplace"], "took": ["its", "its", "it", "it", "it", "it", "it", "it"], "banks": [" ", "busta", "who", "i", "papoose", " ", "busta", "who", "i", "papoose"], "brooklyn": ["on", "on"], "mouth": ["i", " ", "make", " ", "make"], "nothing": ["you"], "extremely": ["thoughall", "thoughall"], "why": ["i", "i", "i", "i", "i", "i", "i", "i", "i"], "queens": ["on", "on"], "picture": ["for", "for"], "incase": ["you", "you"], "bangin": ["bitches", "instrumental", "instrumental", "instrumental", "instrumental", "instrumental", "instrumental"], "clear": [" ", "yall", " ", "yall"], "later": [" ", " "], "flow": ["that", "this", "this"], "dog": [" ", " "], "face": ["for", "for", "for", "and", "and"], "near": [" ", " "], "fiasco": [" "], "hips": [" ", " ", " "], "reserve": ["that", "that", "that"], "mistresses": ["and"], "saying": ["cause", "thats", "see", "cause", "see", "cause"], "shot": ["at", "at"], "lyrics": ["submitted"], "chickes": [" ", " ", " "], "queen": ["deliver", "deliver"], "bring": ["me", "me", "me", "me", "me", "me", "me", "me", "me", "it", "it", "it", "it", "it", "it", "it", "it", "it", "it", "it", "it", "it", "it", "it", "it", "it", "it", "it", "it", "it", "it"], "radio": ["be"], "lloyd": ["banks", "banks", "banks", "banks", "banks", "banks"], "pump": ["shorty", "shorty"], "chicken": ["let", "wanna", "wanna"], "takin": ["no"], "find": [" ", " "], "hustler": ["ima"], "ground": [" "], "aint": ["no", "scared", "scared", "scared", "no", "over", "built", "nothin", "gon", "no", "got", "none", "a", "wastin", "a", "know", "playin", "over", "built", "nothin", "gon", "no", "got", "none", "a", "wastin", "a", "know", "playin"], "nemesis": ["turn", "turn"], "sayin": ["yo", "damn", "let", "niggaz", "damn", "let", "niggaz"], "blowin": ["my"], "cheech": ["and", "and"], "dick": [" ", " ", " ", "in", " ", "in", " ", "in"], "enough": ["of"], "bust": ["the", "it", "it", "it", " "], "should": ["already", "niggaz"], "reminisce": ["on"], "only": ["louis", "louis"], "going": ["off"], "tape": ["but", "but", "but"], "fort": [" "], "deaf": [" ", " "], "hope": ["you"], "do": ["to", "we", "we", "them", "what", " ", "my", "on", "on", "on", "my", "you", "you", "his", "it", "it", "it", "is", "what", "how", " ", "ha", "it", " ", "sumtin", "it", "they", "graffiti", "it", "it", "it", "is", "what", "how", " ", "ha", "it", " ", "sumtin", "it", "they", "graffiti", " ", "it", " ", "it"], "lockin": ["the"], "move": ["it"], "hit": ["the", "the", "the", "the", "the", "the", "the", "the", "the", "you", "you", "em", "my", "you", "you", "the", "em", "the", "it", "you", "you", "you", "the", "em", "the", "it", "you"], "get": [" ", "your", "up", " ", "it", "it", "it", "it", "it", "it", "up", "it", "it", "it", " ", "it", "it", "it", "it", "it", "it", "up", "it", "it", "it", "all", "low", "down", "low", "it", "low", "enough", "low", "to", "low", "low", "low", "low", "low", "low", "that", "up", "up", "em", "low", "low", "low", "your", "up", "low", "low", "on", "low", "the", "it", "low", "low", "low", "low", "low", "low", "the", "low", "low", "low", "low", "that", "up", "up", "em", "low", "low", "low", "your", "up", "low", "low", "on", "low", "the", "it", "low", "low", "low", "low", "low", "low", "the", "it", "it", "it", "us", "it", "it", "it", "it", "it", "it", "it", "us", "it", "it", "it"], "beat": ["people", "up", "until", "until"], "watch": ["it", "it", "it", "it", "it", "lookin", "it", "the", "it", "it", "it", "it", "it", "it", "it", "it", "lookin", "it", "the", "it", "it", "it", "it", "it"], "strut": ["so"], "spraying": ["on"], "feels": ["like", "like"], "frontin": ["on", "on", "nigga", " ", "get", " ", "get"], "probably": ["on", "do", "on", "do", "said", "said"], "nasty": ["with", "with"], "chips": ["on", "on"], "chanel": ["turn"], "areas": [" "], "die": [" ", " "], "ever": ["seen", "seen", "been", "get", "been", "get"], "beastin": ["it"], "cumin": ["uh"], "peepin": ["it"], "bad": ["if", "if"], "miles": ["around"], "she": ["always", "the", "the", "the", "knows", "acting", "aint", "act", "know", "spent", "the", "the", "be", "probally", "the", "always", "the", "the", "the", "a", "doing", "be", "the", "is", "be", "can", "have", "the", "always", "the", "the", "the", "always", "the", "can", "can", "knows", "acting", "aint", "act", "know", "spent", "can", "the", "be", "probally", "can", "always", "the", "can", "can", "doing", "be", "can", "be", "can", "have", "can", "always", "the", "can", "can", "always", "the", "can", "can", "knows", "acting", "aint", "act", "know", "spent", "can", "the", "be", "probally", "can", "always", "the", "can", "can", "doing", "be", "can", "be", "can", "have", "can", "always", "the", "can", "can", "a", "shake", "beastin", "tryin", "turned", "blowin"], "shots": ["of", "of"], "raunchy": ["s"], "x": ["anything", " ", "is", "anything", " ", "is"], "grab": ["him", "him"], "told": ["me", "me", "us", "them", "us", "us", "us", "them", "us", "us"], "where": ["my", "they", "my", "my", "you", "you", "you"], "misdemeanor": ["in", "in"], "sittin": ["there", "there"], "learn": ["how", "how"], "securin": ["the", "the"], "questions": ["actin", "actin"], "claimin": ["the", "the"], "nut": ["she"], "theirs": ["a", "a"], "sex": ["in", "in", "spraying"], "see": ["all", "ya", "thats", "shorty", "my", "my", "thats", "shorty", "my", "my", "thats", "thats", "shorty", "my", "my", "thats", "just", " ", "just", " ", "just", " ", "they", "we", "i", "the", "my", "how", "that", "me", "me", "me", "me", "me", "me", "me", "me", "a", "how", "we", "a", "we", "we", "how", "we", "we"], "bare": ["witness", "witness"], "tellin": ["me", "me"], "go\u2019n": ["fly", "fly"], "arm": ["of", "of"], "best": ["we", "we"], "wonder": ["twins"], "said": ["were", "were"], "designed": ["to", "to"], "ways": [" ", " ", " ", " ", " ", " ", " ", " ", " "], "superseded": ["everyone", "everyone"], "label": ["preparin"], "case": ["you", "you"], "3": ["she", "she", "she", "and", "and", "and", "and", "and", "and", "dmx", "dmx"], "finger": ["screamin", " ", " ", "screamin", " ", " "], "between": ["they"], "it": ["shake", "bust", "to", "flame", "down", "hard", "mami", " ", " ", "all", " ", " ", " ", " ", "down", "hard", "mami", " ", " ", " ", " ", " ", "all", " ", " ", " ", " ", "down", "hard", "mami", " ", " ", " ", "make", "all", "so", "bring", "pay", "watch", "turn", "leave", "stop", " ", "up", "goes", "hot", "huh", "up", "out", "out", "out", "bring", "pay", "watch", "turn", "leave", "stop", " ", "and", "well", "swell", "up", "along", "then", "up", "because", "up", "bring", "babe", " ", "leave", "stop", " ", "aint", "was", "again", "again", "up", "feels", "up", "like", "the", "bring", "babe", " ", "leave", "stop", " ", "gets", "comes", "up", "up", "say", "bring", "babe", " ", "leave", "stop", " ", "up", "is", "up", "up", "for", "bring", "babe", " ", "leave", "stop", " ", "any", "when", "clear", "up", "up", "how", "out", "bring", "babe", " ", "leave", "stop", " ", "with", "up", "crumble", "up", "happens", "crackin", "bring", "babe", " ", "leave", "stop", " ", "hap", "up", "up", "bring", "babe", " ", "leave", "stop", " ", "touch", "good", "up", "look", "like", "on", "up", "bring", "babe", " ", "leave", "stop", " ", "lock", "mufuckers", "im", "up", "up", "you", "bring", "babe", " ", "leave", "stop", " ", "bring", "babe", " ", "leave", "stop", " ", "aint", "was", "again", "again", "up", "feels", "up", "like", "the", "bring", "babe", " ", "leave", "stop", " ", "gets", "comes", "up", "up", "say", "bring", "babe", " ", "leave", "stop", " ", "up", "is", "up", "up", "for", "bring", "babe", " ", "leave", "stop", " ", "any", "when", "clear", "up", "up", "how", "out", "bring", "babe", " ", "leave", "stop", " ", "with", "up", "crumble", "up", "happens", "crackin", "bring", "babe", " ", "leave", "stop", " ", "hap", "up", "up", "bring", "babe", " ", "leave", "stop", " ", "touch", "good", "up", "look", "like", "on", "up", "bring", "babe", " ", "leave", "stop", " ", "lock", "mufuckers", "im", "up", "up", "you", "bring", "babe", " ", "leave", "stop", " ", "even", "even", " ", "sing", "niggas", "even", "all", "on", "on", "all", "seemed", " ", "finally", "or", "die", "ride", "yeah", "sing", "niggas", "even", "all", "on", "on", "oh", "sing", " ", "sing", "niggas", "even", "all", "on", "on", "even", " ", "you", "niggas", "even", "but", "on", "all", "seemed", " ", "finally", "and", "die", "ride", "yeah", "you", "niggas", "even", "but", "on", "oh", "sing", " ", "you", "niggas", "even", "but", "on"], "flame": [" "], "youll": ["be", "be"], "watchin": ["and", "and"], "we": ["hear", "really", "really", "lit", "got", "get", "go\u2019n", "about", "come", "wylin", "up", "trust", "murderous", "bout", "fabulous", "up", "a", "started", "consistently", "give", "be", "done", "was", "bout", "bout", "do", "re", "just", "sellin", "dont", "reppin", "do", "done", "was", "bout", "bout", "do", "re", "just", "sellin", "dont", "reppin", "do", "made", "had", "waitedlyrics", "made", "had", "rappin", "used", "made", "did", "made", "had", "waited", "were", "took", "were", "could", "were", "put", "made", "did", "made", "had", "waited", "were", "took", "finally", "made", "did", "made", "had", "waited", "were", "took", "made", "had", "rappin", "used", "made", "did", "made", "had", "waited", "were", "took", "were", "could", "were", "put", "made", "did", "made", "had", "waited", "were", "took", "finally", "made", "did", "made", "had", "waited", "were", "took"], "pushing": ["the", "the", "the"], "weighing": ["the", "the"], "joy": [" ", " ", " ", " ", " ", " "], "deliver": ["the", "the"], "york": ["city", "nemesis", "city", "nemesis"], "cut": ["the", "the"], "varias": ["chickens"], "spark": ["another"], "come": ["in", "and", "fuck", "touchin", "touchin", "bout", "on", "on", "out", "on", "i", "on", "on", "talk", "on", "through", "through", "through", "on", "near", "through", "through", "through", "on", "near", "on", "and", "on", "and", "yeah", "on", "and", "on", "on", "yeah", "on"], "problem": ["if", "if"], "thumb": ["dude", "dude"], "patrone": [" ", " "], "f": ["with"], "triggers": ["blastin", "blastin"], "coppin": ["the", "the"], "ill": ["but", "but", "but"], "dough": ["im", "im"], "pulp": ["razor", "razor"], "hustlers": ["anthem"], "s": [" ", "on", "be", "they", "is", "to"], "misunderstand": ["exactly", "exactly"], "lookin": ["all", "good", "stuck", "like", "all", "good", "stuck", "like"], "bronx": ["on", "on"], "studio": [" "], "swallow": ["your", "your"], "expense": ["paid", "paid"], "whole": ["clique", "lotta", "lotta"], "glorious": [" ", "uh", "uh"], "duty": ["yo"], "6": ["rah", "rah"], "elliot": ["busta", "busta"], "bell": ["uh"], "wall": [" ", "come", "come", "come", "come", "come", "come"], "sky": [" ", " "], "makin": ["my", "a", "the", "it", "it", "it"], "epidemic": ["for", "for"], "walk": ["in", "with"], "laugh": ["about", "about"], "trappin": ["now", "now"], "respect": ["it", "it", "it"], "trust": [" ", "me", "me", " ", " "], "anyplace": ["i", "i"], "better": ["cause", "than", "get", "than", "get"], "havin": ["a", "a"], "damagin": ["everything"], "create": ["a"], "verse": ["1", "2", "3", "4", "5", "6", "7", "1", "2", "3", "4", "5", "6", "7"], "been": ["gone", "the", "gone", "the", "bout", "an", "bout", "an"], "mark": [" ", " "], "leandra": [" "], "trigger": ["finger", "finger"], "damn": ["rah", "my", "rah", "my"], "stripped": [" ", " "], "whoa": [" "], "yac": ["see"], "life": ["chicken", "chicken", "chicken", "is", "is"], "spit": [" ", " "], "buck": ["wylin", "wylin", "wylin"], "fire": ["alarms"], "mind": [" ", " "], "thousand": ["first", "first"], "gonnana": ["hit"], "finished": ["flipmode", "flipmode"], "lift": ["me", "me", "me", "me", "me", "me", "me", "me", "me", "his", "his"], "understand": [" ", " "], "rah": ["digga", "still", "digga", "still"], "hatin": ["the"], "catch": ["\u2018em", "\u2018em", "\u2018em", "\u2018em", "\u2018em"], "haters": ["plot", "plot"], "mcs": ["yall", "yall"], "sound": [" ", " ", " ", "uh"], "hearin": ["us"], "aiy": ["yo", "yo", "yo", "yo"], "look": ["at", "good", "charmin", "like", "good", "charmin", "like", "im", "im"], "joylyrics": ["submitted", "submitted", "submitted"], "these": ["bes", "jokers", "jokers"], "straight": ["buck", "up", "buck", "buck"], "mack": ["he", "he"], "single": ["time"], "rhymes": ["i", "i", "i", "lloyd", " ", " ", " ", " ", " ", " ", " ", "lloyd", " ", " ", " ", " ", " ", " ", " "], "n": ["got", "always"], "will": ["come"], "ugly": ["even", "even"], "while": ["you", "she", "im", "im", "im", "im"], "suppose": ["turn"], "salutin": ["me", "me"], "wild": ["up", "up", "like"], "loot": [" ", " "], "wake": ["up", "up"], "jokers": ["screamin", "screamin"], "theres": ["the", "no", "the", "no"], "ive": ["been", "come", "been", "come"], "seven": ["hundred", "hundred"], "pound": ["come"], "thatll": ["slap"], "is": ["truely", "a", "a", "wonderin", "serious", "never", "straight", "clown", "strong", "long", "with", "a", "dancin", "complain", "up", "the", "the", "a", " ", "uh", "take", "it", "serious", "watchin", "immortal", "complain", "up", "the", "the", "a", " ", "uh", "take", "it", "serious", "watchin", "immortal", "glorious", "glorious"], "cuss": ["she", "she"], "rip": ["his", "his"], "pinky": ["queens", "queens"], "player": ["pros"], "cant": ["get", "come", "come"], "im": ["bout", "a", "surrounded", "pushing", "saying", "saying", "surrounded", "pushing", "saying", "saying", "surrounded", "pushing", "saying", "saying", "makin", "freakin", "back", "clos", "back", "doin", "a", "gon", "on", "on", "just", "a", "kinda", "the", "gettin", "gon", "sayin", "jinglin", "toxic", "britney", "wishin", "glad", "informin", "perfomin", "comin", "killin", "doin", "greedy", "back", "doin", "a", "gon", "on", "on", "just", "a", "kinda", "the", "gettin", "gon", "sayin", "jinglin", "toxic", "britney", "wishin", "glad", "informin", "perfomin", "comin", "killin", "doin", "greedy", "so", "a", "so", "about", "buildin", "stripped", "so", "a", "so", "about", "buildin", "stripped"], "against": ["the", "the", "the", "the", "the", "the", "the"], "in": ["the", "this", "a", "a", " ", "the", "the", "the", "the", "your", "the", "the", "the", "your", "the", "the", "the", "your", "the", "the", "videos", "my", "the", "your", "wet", "the", "god", "your", "between", "the", "the", "the", "her", "they", "back", "your", "the", "my", "the", "the", "the", "the", "your", "every", "here", "your", "the", "ya", "the", "your", "your", "manhattan", "the", "your", "the", "the", "a", "here", "the", "my", "the", "the", "the", "the", "your", "every", "here", "your", "the", "ya", "the", "your", "your", "manhattan", "the", "your", "the", "the", "a", "here", "the", "the", "case", "jail", "the", "the", "the", "case", "jail", "the"], "thug": [" ", " ", " ", "nigga"], "arenas": ["and", "and"], "c\u2019mon": [" ", " ", " ", " "], "everyday": ["is", "is"], "if": ["you", "ya", "you", "you", "i", "she", "she", "you", "you", "i", "she", "she", "you", "you", "i", "she", "she", "you", "you", "you", "you", "you", "they", "you", "he", "you", "you", "it", "you", "money", "you", "they", "you", "he", "you", "you", "it", "you", "money", "you", "i", "i"], "grown": ["woman", "woman"], "funny": ["how"], "different": ["mag", "mag"], "sippin": ["martinis", "martinis", "martinis"], "bottles": ["laugh", "laugh"], "sellin": ["out", "out"], "stadiums": ["arenas", "arenas"], "pay": ["it", "it"], "make": ["the", "me", "you", "you", "it", "you", "a", "it", "you", "a", "it", "a", "a"], "belong": [" "], "bowl": ["of", "of"], "same": [" ", "from", " ", "from"], "yeahlyrics": ["submitted"], "food": ["until", "until"], "split": ["his", "his"], "peoples": ["doin", "doin"], "party": ["with", "with", "with", "with", "with"], "gets": ["ugly", "ugly"], "solutin": ["and"], "bid": ["turn", "turn"], "higher": ["level", "level"], "breakdown": [" ", " "], "safe": ["to", "to"], "fuss": [" "], "swizz": ["i", "it", "is", "it", "is"], "dime": [" ", " ", " ", " ", " "], "flooded": ["with"], "illest": ["picture", "picture"], "swell": [" "], "island": ["on", "on"], "flows": [" "], "hand": [" ", " "], "beast": [" ", " "], "fucked": ["with", "up", "up"], "kid": ["when", "when", "when", "i", "im"], "off": [" ", " ", " ", "with", "with", "in", "the", "in", "the"], "i": ["come", "stumble", "hope", "do", "do", "wanna", "walk", "keep", "love", "love", "never", "fall", "love", "love", "love", "love", "love", "love", "love", "love", "love", "love", "love", "love", "love", "love", "love", "love", "love", "love", "love", "love", "love", "never", "fall", "love", "love", "love", "love", "love", "love", "love", "love", "love", "love", "love", "love", "love", "love", "love", "love", "love", "love", "love", "love", "know", "had", "know", "love", "never", "fall", "love", "love", "love", "love", "love", "love", "love", "love", "love", "love", "love", "love", "love", "love", "love", "love", "love", "love", "love", "love", "love", "love", "never", "fall", "love", "love", "love", "love", "love", "love", "love", "love", "love", "love", "love", "love", "love", "love", "love", "love", "love", "love", "love", "love", "love", "love", "never", "fall", "love", "love", "love", "love", "love", "love", "love", "love", "love", "love", "love", "love", "love", "love", "love", "love", "love", "love", "love", "love", "love", "know", "had", "know", "love", "never", "fall", "love", "love", "love", "love", "love", "love", "love", "love", "love", "love", "love", "love", "love", "love", "love", "love", "love", "love", "love", "love", "love", "love", "love", "love", "never", "fall", "love", "love", "love", "love", "love", "love", "love", "love", "love", "love", "love", "love", "love", "love", "love", "love", "love", "love", "love", "love", "love", "love", "never", "fall", "love", "love", "love", "love", "love", "love", "love", "love", "love", "love", "love", "love", "love", "love", "love", "love", "love", "love", "love", "love", "love", "know", "had", "know", "love", "never", "fall", "love", "love", "love", "love", "love", "love", "love", "love", "love", "love", "love", "love", "love", "love", "love", "love", "love", "love", "love", "love", "love", "love", "be", "do", "formulate", "know", "blitz", "dont", "dont", "suppose", "was", "let", "come", "be", "beat", "put", "let", "drop", "give", "let", "know", "stay", "be", "know", "been", "want", "shot", "aint", "hit", "did", "d", "rep", "gotta", "be", "murder", "aint", "do", "turn", "got", "had", "got", "could", "could", "flip", "grab", "tapped", "give", "did", "could", "look", "wish", "dip", "got", "could", "might", "got", "be", "take", "was", "aint", "eat", "paint", "do", "know", "stay", "be", "know", "been", "want", "shot", "aint", "hit", "did", "d", "rep", "gotta", "be", "murder", "aint", "do", "turn", "got", "had", "got", "could", "could", "flip", "grab", "tapped", "give", "did", "could", "look", "wish", "dip", "got", "could", "might", "got", "be", "take", "was", "aint", "eat", "paint", "do", "know", "leaped", "was", " ", "could", "smile", "live", "dream", "know", "leaped", "was", " ", "can", "smile", "live", "dream"], "try": ["to", " ", " "], "youre": ["fuckin"], "chickens": ["be", "they"], "spent": ["a", "a", "a", "a", "a"], "nothin": ["but", "change", "left", "but", "change", "left", "we", "we"], "thought": ["it", "we", "it", "we"], "comes": ["to", "to"], "there\u2019s": ["nothing"], "alarms": ["going"], "five": ["boroughs", "boroughs"], "the": ["beat", "place", "club", "beautiful", "fire", "feeling", "fires", "people", "wonder", "door", "hustlers", "floor", "ways", "shit", "shit", "shit", "shit", "dick", "club", "shit", "type", "kid", "shit", "club", "crib", "v", "place", "shit", "floor", "ways", "shit", "shit", "shit", "line", "type", "stash", "shit", "way", "way", "way", "gaurd", "stand", "shit", "floor", "ways", "shit", "shit", "shit", "floor", "ways", "shit", "shit", "dick", "club", "type", "kid", "thing", "club", "crib", "v", "place", "floor", "ways", "shit", "line", "type", "stash", "way", "way", "way", "gaurd", "stand", "floor", "ways", "shit", "floor", "ways", "shit", "shit", "dick", "club", "type", "kid", "thing", "club", "crib", "v", "place", "floor", "ways", "shit", "line", "type", "stash", "way", "way", "way", "gaurd", "stand", "floor", "ways", "shit", "deally", "mic", "club", "studio", "toolio", "way", "booty", "freak", "shit", "real", "place", "radio", "chickens", "illiest", "label", "dust", "flow", "place", "place", "club", "king", "sound", "god", "throne", "crown", "bes", "ground", "way", "spot", "s", "chicks", "record", "coochie", "smell", "sex", "chanel", "tickle", "kid", "whip", "truck", "yac", "type", "song", "stick", "god", "black", "s", "ns", "kid", "strip", "thing", "streets", "lights", "club", "chocolate", "skits", "sky", "first", "bm", "arm", "ring", "same", "club", "range", "fuck", "hunt", "security", "same", "getgo", "monster", "beast", "streets", "chorus", "body", "kids", "queen", "mail", "haters", "breakthrough", "remix", "way", "stadiums", "mall", "way", "air", "show", "truth", "problem", "mood", "way", "young", "bronx", "ring", "trigger", "palm", "world", "mag", "clappin", "assassin", "game", "jet", "islands", "winter", "world", "streets", "hood", "throne", "way", "fact", "god", "way", "street", "heat", "beat", "way", "booker", "salutin", "illest", "hood", "streets", "lights", "club", "chocolate", "skits", "sky", "first", "bm", "arm", "ring", "same", "club", "range", "fuck", "hunt", "security", "same", "getgo", "monster", "beast", "streets", "chorus", "body", "kids", "queen", "mail", "haters", "breakthrough", "remix", "way", "stadiums", "mall", "way", "air", "show", "truth", "problem", "mood", "way", "young", "bronx", "ring", "trigger", "palm", "world", "mag", "clappin", "assassin", "game", "jet", "islands", "winter", "world", "streets", "hood", "throne", "way", "fact", "god", "way", "street", "heat", "beat", "way", "booker", "salutin", "illest", "hood", "wall", "worst", "win", "strip", "hood", "wall", "road", "riches", "road", "ghetto", "road", "projects", "road", "road", "road", "worst", "pieces", "way", "question", "chips", "table", "wall", "road", "riches", "road", "ghetto", "road", "projects", "road", "road", "road", "wake", "hustle", "hustle", "wall", "road", "riches", "road", "ghetto", "road", "projects", "road", "road", "road", "worst", "win", "strip", "hood", "wall", "road", "projects", "worst", "pieces", "way", "question", "chips", "table", "wall", "road", "projects", "wake", "hustle", "hustle", "wall", "road", "projects", "roadlyrics"], "left": ["turn", "turn"], "faggots": ["hit", "hit"], "world": ["with", "pussy", "with", "pussy"], "kiss": ["yo", "it", "yo", "it"], "just": ["c\u2019mon", "what", "what", "what", "put", "a", "when", "imagine", "stay", "makin", "when", "imagine", "stay", "makin", "the", "the"], "being": ["now", "now"], "money": ["gone", "gone", "gone", "the", "is", "everybody", "aint", "everybody", "aint", "like", "like"], "mufuckers": [" ", " "], "not": ["get", "get"], "fact": ["that", "that"], "human": ["being", "being"], "clos": ["to"], "touch": ["it", "see", "it", "it", "it", "it", "it", "it", "it", "it", "it", "it", "it", "it", "it", "it", "it", "it", "it", "it", "it", "it", "it"], "regardless": ["how", "how"], "yes": ["i", "i", "i", " ", " "], "booker": ["t", "t"], "hah": [" ", " ", " ", " ", " ", " "], "death": ["ask", "you", "you"], "cus": ["and", "and"], "let\u2019s": ["go", "catch", "catch", "catch", "catch"], "ny": [" ", " "], "had": ["to", "to", "to", "it", "to", "to", "it", "to", "to", "our", "our", "our", "all", "our", "our", "our", "our", "all", "our", "our"], "shakin": ["they"], "complain": [" ", " "], "warriors": [" "], "lets": ["me", "me", "me", "me", "me", "me", "me", "me", "me", "go", "go", "make", "make"], "banger": [" ", " "], "4": ["neyo", "neyo"], "wet": ["clothes"], "hap": ["turn", "turn"], "has": ["never"], "city": ["and", "in", "and", "in"], "match": ["and"], "real": ["life", "life", "life", "player", "quick"], "trickin": ["all", "all"], "around": ["fearin", " ", "and"], "format": ["it", "it", "it", "it", "it", "it", "it", "it", "it", "it", "it", "it", "it", "it", "it", "it", "it", "it", "it", "it"], "hopin": ["on", "on"], "showing": ["off"], "delayin": ["so", "im", "im"], "gonna": ["run", "run", " ", " ", " ", " ", " ", " "], "lovin": ["the", "the"], "traffic": [" ", " "], "thoruowsp": ["about"], "truely": ["thoruowsp"], "biz": ["uh", "uh"], "know": ["we", "that", "we", "when", "my", "you", "my", "you", "you", "i", "my", "you", "my", "you", "i", "my", "you", "my", "you", "i", "youre", "we", "better", "you", "how", "who", "i", "you", "you", "that", "i", "it", "im", "how", "whos", "if", " ", "i", " ", "when", "i", "you", "that", "i", "it", "im", "how", "whos", "if", " ", "i", " ", "when", "i", "that", "that", "that", "that"], "digga": ["busta", "see", "now", "busta", "see", "now"], "stunt": ["you", "you"], "morpheus": ["yeah", "yeah"], "lady": ["never", "yup", "yup", "yup", "never", "yup", "yup", "yup", "never", "yup", "yup", "yup", "never", "yup", "yup", "yup", "never", "yup", "yup", "yup", "never", "yup", "yup", "yup", "never", "yup", "yup", "yup", "never", "yup", "yup", "yup", "never", "yup", "yup", "yup"], "projects": ["to", "to", "to", "to", "to", "to"], "probally": ["put", "put", "put"], "knock": ["in"], "like": ["la", "mine", "mine", "mine", "we", "we", "that", "you", "a", "i", "this", "hmmm", "to", "it", "he", "to", "i", "i", "nia", "a", "im", "you", "im", "i", "i", "this", "hmmm", "to", "it", "he", "to", "i", "i", "nia", "a", "im", "you", "im", "i", "rush", "nothin", "dre", "rush", "nothin", "dre"], "marvelous": [" "], "hunt": ["turn", "turn"], "clown": [" "], "manhattan": ["so", "so"], "chorus": ["truth", "truth"], "gimme": ["the"], "t": [" ", " "], "chick": [" ", " ", " ", " ", " ", " ", " ", " ", " ", " ", "thats", " ", "cause", " ", "and", " ", " ", " ", " ", " ", " ", " ", " ", "she", "was", "you", " ", "cause", " ", "be", " ", "thats", " ", " ", " ", " ", " ", " ", " ", " ", " ", " ", " ", " ", " ", " ", " ", " ", " ", " ", " ", "thats", " ", "thats", "thats", "cuss", " ", " ", " ", " ", " ", " ", " ", " ", "is", "was", " ", "thats", " ", "be", " ", "thats", " ", " ", " ", " ", " ", " ", " ", " ", " ", " ", " ", " ", " ", " ", " ", " ", " ", " ", " ", " ", "thats", " ", "thats", "thats", "cuss", " ", " ", " ", " ", " ", " ", " ", " ", "is", "was", " ", "thats", " ", "be", " ", "thats", " ", " ", " ", " ", " ", " ", " ", " ", " ", " "], "security": ["frontin", "frontin"], "actin": ["like", "like"], "nigga": [" ", " ", " ", " ", "yup", "yup", " ", " ", "front", " ", " ", " ", "yup", "yup", " ", " ", " ", " ", " ", " ", " ", "yup", "yup", " ", " ", "really", "named", "thatll", "scared", "like", "you", "notorious", " ", "toothless", "some", "bring", "food", " ", "toothless", "some", "bring", "food", "survived", "morpheus", "higher", "paper", " ", "survived", "morpheus", "higher", "paper", " "], "deal": ["with", "with", "with"], "people": ["hands", "wanna", "form", "really", "off"], "scared": ["of", "of", "of", "to"], "crown": ["huh"], "back": ["now", "and", "and", "and", "and", "and", "and", "and", "and", "and", "to", "to", "of", "uh", "chinchilla", "and", "chinchilla", "and"], "bounce": ["to"], "eyeing": ["they", "they"], "hair": [" ", " "], "lips": ["i", "up", "up"], "palm": ["of", "of"], "shes": ["hold", "hold", "hold"], "table": ["and", "and"], "curious": [" "], "metaphores": ["when"], "wishin": ["you", "you", "you", "you"], "pale": [" ", " "], "staten": ["island", "island"], "creep": ["for", "for", "for"], "happens": ["rip", "rip"], "ain\u2019t": ["gotta"], "mood": [" ", " "], "for": ["me", "a", "a", "you", "me", "a", "a", "you", "me", "a", "a", "you", "me", "your", "me", "me", "this", "the", "the", "the", "a", "nothin", "the", "coppin", "yall", "the", "the", "the", "a", "nothin", "the", "coppin", "yall", "the", "the", " ", "sales", " ", "sales"], "pros": ["like"], "ice": ["on", "in", "on", "in"], "everything": ["all", "jail"], "passion": ["get", "get"], "cherrelle": [" "], "willin": ["to", "to"], "tapped": [" ", " "], "hustle": ["from", " ", "from", " "], "be": ["showing", "what", " ", "doing", "all", "skipping", "holdin", "reppin", "doing", "all", "skipping", "holdin", "reppin", "doing", "all", "skipping", "holdin", "reppin", "on", " ", "walkin", "hearin", "playin", "always", "marvelous", "feelin", " ", " ", "the", "comin", "cumin", "flooded", "doin", "makin", "on", "dickin", "alone", "low", "a", "spankin", "tryna", "lookin", "like", "clear", "beware", "claimin", "doin", "alone", "low", "a", "spankin", "tryna", "lookin", "like", "clear", "beware", "claimin", "doin"], "buildin": [" ", " "], "who": ["be", "holdin", "you", "it", "i", "you", "it", "i"], "run": ["on", " ", " "], "power": ["on"], "plot": ["and", "and"], "bm": ["on", "on"], "nails": ["get", "get"], "kelis": ["i", "i", "i"], "how": ["all", "the", "a", "they", "we", "to", "that", "that", "i", "we", "we", "we", "we", "i", "far", "to", "that", "that", "i", "we", "we", "we", "we", "i", "far", "far", "you", "far", "you"], "singin": ["the"], "nowhere": ["turn", "turn"], "notorious": [" ", "yeah", "yeah"], "by": ["surprise", "surprise", "surprise", "surprise", "surprise", "zero", "cherrelle", "mark", "mark", "justin", "poop", "jaron", "iwakun", "leandra", "tyler"], "throne": ["so", "the", "the"], "on": ["the", " ", " ", "this", "frontin", "me", "me", "tape", "a", "low", "the", "the", "tape", "a", "low", "the", "the", "tape", "a", "low", "the", "the", "the", "my", "a", " ", "the", " ", " ", "the", " ", "turn", " ", "my", " ", "their", "my", "my", "with", "my", "a", "this", "my", "my", "my", "the", "the", "his", "me", " ", "i", "my", "my", "with", "my", "a", "this", "my", "my", "my", "the", "the", "his", "me", " ", "i", "the", " ", "the", "the", "the", "the", "the", "the", "the", " ", "the", "the", "the", "the", "the", "the", "the", "a", " ", "the", "the", "the", "the", "the", "the", "the", " ", "the", "the", " ", "the", "the", "a", " ", "the", "the"], "about": ["to", "the", "the", "the", "to", "it", "to", "it", "to", "to"], "justin": ["spoto"], "anything": ["its", "its"], "oh": ["shit", " ", " ", " ", " "], "of": ["the", "a", "the", "a", "the", "a", "nigga", "us", "niggas", "my", "you", "the", "my", "the", "the", "the", "raunchy", "the", "mamis", "bread", "a", "talkin", "my", "death", "my", "your", "questions", "ping", "patrone", "the", "bread", "a", "talkin", "my", "death", "my", "your", "questions", "ping", "patrone", "the", "greatness", "my", "my", "greatness", "my", "my"], "mamis": ["is"], "truck": ["thats", " ", " "], "range": ["and", "and"], "empty": ["your", "your"], "plus": ["how"], "stand": ["up", " ", " ", " ", "what", "what"], "act": ["kinda", "kinda", "kinda", "like", "like"], "hitcha": ["gonnana"], "assassin": ["you", "you"], "wanna": ["c\u2019mon", "see", "see", "fuck", "mess", "sex", "mess", "sex", "party", "party", "be", "carry", "marry", "party", "party", "party", "come", "to", "do", "stress", " ", "to", "do", "stress", " "], "or": ["when", "when", "when", "i", "i", "let"], "shoppin": ["get", "get"], "wildin": ["and"], "wasent": ["nowhere", "nowhere"], "jimmy": ["and", "and"], "whats": ["good", "good"], "childrens": ["childrens", "childrens", "children"], "presence": ["im", "im"], "pussy": ["better", "better"], "prisoners": ["niggaz"], "son": ["yeah", "yeah"], "down": [" ", "and", " ", "and", " ", " ", "and", " ", "and", " ", "and", " ", " ", "and", " ", "and", " ", "and", " ", " ", "and", "turn"], "touchin": ["the", "the"], "strip": ["come", "even", "even"], "wrap": ["uh"], "whos": ["really", "really"], "your": ["club", "hands", "face", "chick", "face", "chick", "face", "chick", "toes", "hands", "areas", "money", "hands", "hands", "thong", "whip", "head", "man", "mans", "chance", "lovin", "presence", "hands", "city", "attitude", "mouth", "mouth", "pulp", "hood", "concern", "account", "lips", "niggas", "click", "bitch", "head", "man", "mans", "chance", "lovin", "presence", "hands", "city", "attitude", "mouth", "mouth", "pulp", "hood", "concern", "account", "lips", "niggas", "click", "bitch", "head"], "holla": ["neyo", "neyo"], "sumtin": ["nasty", "and", "nasty", "and"], "spears": [" ", " "], "her": ["go", "on", "fucked", "ass", "go", "go", "go", "on", "ass", "go", "go", "go", "on", "ass", "go", "go", "mouth", " ", "bell", "under", " "], "crunk": ["gon", "gon"], "stylin": ["my"], "there": ["aint", "to", "to", "to", "to", "to", "to", "aint", "lookin", "lookin"], "question": ["if", "if", "if"], "hey": ["im"], "long": [" ", " ", " ", "like", "like"], "clappin": ["if", "if"], "stuck": ["ha", "ha"], "spoto": [" "], "victorious": [" ", "uh", "uh"], "missy": ["elliot", " ", "have", "elliot", " ", "have"], "low": [" ", " ", " ", "bus", "bus", "bus", "bus", "bus", "and", "banks", "in", "banks", "x", "x", "mary", "mary", "boy", "boy", "papoose", "pap", "digga", "digga", "missy", "missy", "bus", "bus", "banks", "in", "banks", "x", "x", "mary", "mary", "boy", "boy", "papoose", "pap", "digga", "digga", "missy", "missy", "bus", "bus"], "lot": ["of", "of", "of"], "worst": [" ", " ", " ", " "], "beyonces": ["hips", "hips"], "was": ["a", "a", "a", "peepin", "tryin", "safe", "finished", "designed", "sayin", "safe", "finished", "designed", "sayin", "fighting", "out", "yeah", "fighting", "out", "yeah"], "fork": ["at", "at"], "tight": ["fist", "fist"], "head": ["out", "and", "im", "mami", "out", "and", "im", "mami", "never"], "an": ["option", "option"], "form": ["a"], "bus": ["who", "back", "now", "and", "its", "the", "man", "did", "later", "this", "bus", "misdemeanor", "you", "as", "yeah", "man", "did", "later", "this", "bus", "misdemeanor", "you", "as", "yeah"], "bitches": ["in"], "forever": ["we", "we", "we", "we", "we", "we", "we"], "but": ["she", "though", "you", "she", "though", "you", "she", "though", "you", "im", "you", "frontin", "your", "the", "im", "you", "frontin", "your", "the", "my", "i", "they", "now", "my", "i", "they", "we", "we", "now", "we"], "jaron": ["fort"], "failure": ["has"], "heat": ["now", "now"], "hear": ["the"], "survived": ["the", "the"], "fruityo": [" "], "line": [" ", " ", " ", " "], "ha": [" ", " ", " ", " ", " ", " ", " ", " "], "with": ["me", "me", "a", "hoes", "them", "the", "a", "hoes", "them", "a", "hoes", "them", "no", "my", "the", "the", "the", "me", "me", "it", "the", "the", "me", "me", "me", "you", "hoes", "a", "me", "the", "a", "that", "your", "you", "a", "bus", "a", "a", "the", "the", "the", "a", "that", "your", "you", "a", "bus", "a", "a", "the", "the", "me", "me", "me"], "eat": ["a", "a"], "he": ["bring", "bring", "bring", "bring", "bring", "bring", "bring", "bring", "bring", "moodio", "wasent", "askin", "losin", "my", "sittin", "thinkin", "spent", "hopin", "aint", "wasent", "askin", "losin", "my", "sittin", "thinkin", "spent", "hopin", "aint"], "count": ["the", "the", "the", "the", "the", "the", "the", "the", "the"], "rush": ["hour", "hour"], "tryin": ["to", "to", "to", "to", "to", "to"], "middle": ["finger", "finger"], "blige": ["busta", "about", "busta", "about"], "wish": ["your", "your", "your", "you", "you"], "j": ["blige", "blige", "blige", "blige"], "up": [" ", " ", "give", "let", "and", " ", " ", "and", " ", " ", " ", "and", " ", " ", " ", "and", " ", "in", "in", "in", "in", "in", "warriors", " ", "in", " ", "the", " ", " ", " ", " ", "and", " ", "not", "turn", " ", "out", " ", "how", " ", " ", " ", "in", "right", " ", " ", " ", "a", "in", " ", " ", "on", " ", " ", " ", "the", " ", " ", "and", " ", "not", "turn", " ", "out", " ", "how", " ", " ", " ", "in", "right", " ", " ", " ", "a", "in", " ", " ", "on", " ", " ", " ", "the", " ", "against", "against", "against", "i", "against", "against", "against", "i", "against"], "us": ["yo", " ", " ", " ", " ", " ", " ", " ", " ", "niggas", "we", "respected", "we", "we", "we", "respected", "we", "we"], "mary": ["j", " ", "j", " ", "j", " ", "j", " "], "record": ["huh"], "uh": ["huh", "huh", "cause", "huh", "huh", "huh", "huh", "huh", "huh", "huh", "huh", "huh", "huh", "huh", " ", "huh", "huh", "huh", "huh", " ", " ", " ", " ", " ", " ", " "], "neyo": ["busta", " ", "busta", " "], "dmx": ["busta", "mary", "busta", "mary"], "faggot": ["i", "i"], "piece": [" ", " "], "wit\u2019": ["me"], "gone": [" ", " ", " ", "for", "be", "for", "be"], "freak": ["like", "shows", "in", "in"], "videos": [" "], "whatever": ["the", "the"], "ah": ["hah", "hah", "hah", "hah", "hah", "hah"], "shitll": ["make"], "sales": [" ", " ", "when", "when"], "crumble": ["ridiculous", "ridiculous"], "as": ["we", "spit", "i", "spit", "i", "force", "force"], "intro": ["busta", "busta"], "right": ["in", "in"], "at": ["shorty", "us", "you", "yall", "the", "him", "this", "you", "yall", "the", "him", "this", "best", "the", "best", "the"], "playin": ["us", " ", " "], "babe": ["watch", "watch", "watch", "watch", "watch", "watch", "watch", "watch", "watch", "watch", "watch", "watch", "watch", "watch", "watch", "watch", "watch", "watch"], "russel": ["was", "was"], "girl": ["cause", "cause", "cause"], "shit": [" ", " ", " ", " ", " ", "on", "that", " ", " ", " ", " ", " ", "sound", " ", " ", " ", " ", " ", " ", " ", " ", " ", " ", " ", " ", "make", "got", "my", "goes", "go", "was", " ", " ", "goes", "go", "was", " ", " ", "that", "that"], "again": ["lets", "remix", "remix", " ", "lets", "remix", "remix", " "], "no": ["use", "delayin", "comparin", "prisoners", "one", "remorse", "time", "more", "remorse", "time", "more"], "when": ["the", "we", "i", "i", "im", "im", "i", "you", "i", "i", "im", "im", "i", "you", "i", "i", "im", "im", "i", "you", "i", "i", "i", "we", "you", "i", "yall", "it", "i", "i", "i", "i", "i", "im", "you", "yall", "it", "i", "i", "i", "i", "i", "im", "you", "it", "im", "i", "it", "im", "i"], "backs": ["up", " ", " ", " ", " ", " ", " ", " ", " "], "started": ["got", "we", "we"], "5": ["papoose", "papoose"], "witness": ["im", "im"], "sick": [" ", " "], "\u2018em": ["by", "off", "up", " ", "by", "by", "by", "by"], "you": ["can", "know", "gotta", "gotta", "know", "should", "already", "feel", "nigga", "nigga", "nigga", "knew", "nigga", "nigga", "nigga", "see", "wish", "see", "know", "buggin", "know", "know", "if", "nigga", "nigga", "nigga", "baby", "baby", "baby", "baby", "boy", "boy", "knew", "front", "baby", "baby", "baby", "boy", "boy", "see", "wish", "see", "buggin", "know", "if", "baby", "baby", "baby", "boy", "baby", "boy", "baby", "baby", "baby", "baby", "boy", "boy", "knew", "front", "baby", "baby", "baby", "boy", "boy", "see", "wish", "see", "buggin", "know", "if", "baby", "baby", "baby", "boy", "baby", "boy", "with", "sayin", "dont", "with", "with", "feel", "niggas", "dont", "really", "got", "really", "heard", "dont", "delirious", "know", "makin", "feelin", "be", "really", "got", "really", "got", "really", "know", "ns", "ns", "get", "know", "bout", "belong", "the", "bang", "thought", "know", "know", "be", "know", "had", "probably", "wont", "broke", "do", "wanna", "and", "where", "stand", "faggot", " ", "and", "mans", "in", "know", "again", "can", "know", "how", "love", "partyin", "would", "ready", "didnt", "wanna", "in", "and", "in", "swallow", " ", "know", "dont", "let", "a", "fell", "willin", "would", "like", "smokin", "ever", "can", "give", "take", "see", "love", "niggaz", "could", "tryin", "would", "with", "and", "aint", "go", "better", "see", "thought", "know", "know", "be", "know", "had", "probably", "wont", "broke", "do", "wanna", "and", "where", "stand", "faggot", " ", "and", "mans", "in", "know", "again", "can", "know", "how", "love", "partyin", "would", "ready", "didnt", "wanna", "in", "and", "in", "swallow", " ", "know", "dont", "let", "a", "fell", "willin", "would", "like", "smokin", "ever", "can", "give", "take", "see", "love", "niggaz", "could", "tryin", "would", "with", "and", "aint", "go", "better", "see", "know", "misunderstand", "see", "get", "know", "see", "see", "misunderstand", "see", "get", "see"], "ns": ["solutin", "you", "is", "respect", "hatin"], "smell": ["of"], "talkin": ["to", "to"], "wonderin": ["and"], "deally": ["yo"], "poop": [" "], "repeat": ["4xlyrics", "4xlyrics"], "symbol": ["of", "of"], "stay": ["with", "off", "new", "with", "off", "new"], "town": ["shes", "shes", "shes", "uh"], "chance": ["is", "is"], "fell": ["for", "for"], "midget": [" ", " "], "kinda": ["ill", "rude", "ill", "rude", "ill", "rude", "cute", "cute"], "chocolate": ["would", "would"], "lotta": ["loot", "loot"], "workin": ["wit", "wit"], "remix": ["we", "we", " ", "is", "we", "we", " ", "is"], "using": ["my", "my"], "home": ["turn", "turn"], "came": ["time", "time"], "yacht": ["overseas", "overseas"], "together": ["we", "we", "we", "we", "we", "we"], "jacket": [" ", " "], "mass": ["like", "like"], "fitted": [" ", " "], "time": ["i", "a", "that", "to", " ", "to", " ", "to", "to"], "serious": [" ", "man", "man"], "overseas": ["doin", "doin"], "hello": ["to", "to"]}