{"diss": ["you"], "icecreamshe": ["say"], "four": ["five"], "skin": ["mommy"], "go": ["higher", " "], "chillin": ["like"], "milk": ["lemonade", "milk", "lemone", "milk", "lemonade"], " ": ["i", "but", "i", "but", "come", "yeah", "wanna", "this", "roll", "and", "milk", "hand", "babyboy", "my", "cookies", "i", "cookies", "i", "cookies", "i", "first", "since", "u", "no", "yes", "why", "cuz", "felt", "that", "yup", "tried", "hit", "apple", "classy", "nasty", "no", "ask", "im", "you", "lay", "cuz", "four", "dis", "bitches", "cookies", "i", "cookies", "i", "cookies", "i", "milk", "cookies", "milk", "cookies", "i", "what", "they", "damn", "where", "what", "im", "but", "pre", "but", "doggy", "cookies", "i", "killa", "yo", "ma", "that\u2019s", "i", "but", "my", "you", "i", "pat", "im", "got", "imma", "but", "baby", "missionary", "i", "hed", "come", "lick", "hop", "i", "looking", "fat", "i", "number", "i", "you", "miss", "you", "i", "that\u2019s", "would", "baby", "aint", "they", "but", "the", "i", "two", "i", "taste", "do", "wayne", "drivin", "her", "she", "every", "im", "yeah"], "imma": ["gunna", "get", "fuck", "pro"], "deepthroat": ["stop"], "to": ["throw", "do", "get", "get", "get", "dipset", "know", "another", "know", "top", "diss"], "atlas": [" "], "midwest": ["down"], "me": ["at", " ", " ", "in", "when", " ", "ask", "hear", "holla", "neither", "what", " "], "swallows": [" "], "fat": ["ass"], "shoot": [" "], "wavy": [" "], "every": ["bitch"], "missionary": ["back"], "marry": ["me", "me"], "ppoom": ["ppoom", "smash"], "oooo": [" "], "flashy": [" "], "round": ["the", "the", "the"], "dis": ["for"], "babygirl": ["a"], "throught": ["in"], "pass": ["me"], "dipset": [" ", "lil"], "even": ["like"], "strangest": ["places"], "what": ["to", "could", "chu", "tell", " ", "a", "a", "marry"], "poles": ["then"], "guns": ["hand"], "weezy": ["cash"], "never": ["wife", "trashy", "pass"], "here": ["ma", "comes"], "let": ["me", "me"], "active": ["you"], "herr": ["he"], "coops": ["no"], "boo": [" "], "dick": ["wet"], "love": ["from"], "apple": ["juice", "juice", "juice", "juice", "juice", "coup", "juice", "juice", "juice", "juice", "juice", "juice", "juice", "coops", "juice", "juice", "juice"], "wit": ["the", "tight", "you", " ", "dog"], "from": ["fucking"], "would": ["you"], "dude": ["wanna"], "two": ["at"], "by": ["kyrah"], "wayne": ["chillin"], "call": ["it"], "chu": ["wanna"], "tryin": ["to", "to"], "type": ["herr", "in", "to"], "tell": ["that", "ya", "the"], "more": ["poles"], "lemone": ["ade"], "mad": ["at", "at", "at", "at", "at", "at", "at"], "somehting": ["like"], "lollypop": ["cough"], "vanilla": ["icecreamshe"], "baby": [" ", "im", "girl", "girl", "girl"], "hurry": ["hurry", " "], "killah": [" "], "fly": ["high"], "ma": ["how", "let", "i", "u", "show", "if"], "room": ["room", "zooom", " "], "this": ["dude", "town", "uh", "round"], "flu": ["flu", " "], "can": ["be", "type"], "meet": ["me"], "my": ["crib", "cookies", "apple", "own", "dick", "drink", "cock", "piggy", "cock", "favorite", "mic", "mind"], "sucka": [" ", "mama"], "crazy": [" ", "so"], "scacrow": ["lookin"], "lock": ["the"], "fuck": ["around", "christmis", "the", "proactive", "wit"], "high": [" "], "chin": ["sturdy", " "], "something": ["like", "for"], "want": ["no"], "guarantee": [" "], "savor": ["it"], "decifer": ["love"], "how": ["imma", "to"], "hot": ["sauce", "like"], "snipper": [" "], "fudge": ["is"], "jiggy": ["my"], "tried": ["to"], "after": ["top"], "plane": [" "], "lay": ["low"], "blingin": ["oooo"], "drastic": [" "], "suck": ["it", "it", "deepthroat", "it", "it"], "man": ["wanna"], "a": ["lifer", "writer", "runner", "snipper", "diaper", "fire", "jet", "flu", "zoo", "merry", "lot", "nigga", "mother", "boss", "cawinkidink", "coincidence", "tissue", "question", "guarantee", "scacrow"], "light": ["yes", "skin", "im"], "think": ["i", "im"], "vegas": ["i"], "so": ["wavy", "active", "drastic", "shes"], "classy": ["yet"], "harlem": [" "], "words": ["like"], "cute": [" "], "shoes": ["now"], "brain": [" "], "hell": ["up"], "its": ["hell", "white"], "before": ["and"], "style": ["facial"], "might": ["get", "just", "bite"], "underestimate": ["i"], "then": ["a", "lil", "she"], "them": [" ", "teddy", "hoes"], "hop": ["on", "off"], "yo": ["ill", "ma"], "ya": ["man", "maide", "lips", "right", "how", "suckin", "savor"], "bein": ["so"], "dike": ["her"], "number": ["you"], "dat": ["midwest"], "kiss": ["her", "it"], "not": ["your", " ", " ", " ", "a", " "], "now": ["its", "hurry", "if", "it\u2019s", "stand"], "day": [" "], "wont": ["kiss", "hear"], "rocks": ["hustling", " "], "rock": ["it", "it", "my"], "higher": ["than"], "shaking": ["her"], "em": ["now", "with"], "gunna": ["babygirl"], "x5lyrics": ["submitted"], "globe": ["atlas"], "hard": ["as"], "yeah": ["she", "bring", "and"], "year": [" "], "girl": ["down", "but", "ill", "you", "im", "cuz"], "out": ["his"], "gon": ["need"], "god": ["damn"], "since": ["the"], "looking": ["mami", "light"], "got": ["more", "up", "something"], "issue": [" "], "piggy": ["pinky"], "ass": ["who", "big"], "trashy": ["birght"], "fishnets": [" "], "ask": ["me", "who"], "cough": [" ", " "], "rikers": ["i"], "yup": ["he"], "could": ["the", "have"], "thing": ["you"], "cawinkidink": ["what"], "bite": ["her", " "], "south": ["dirtty"], "first": ["lady"], "dont": ["even", "want", "do", "what", "like", "fuck"], "girls": ["wanna"], "cookies": ["with", "with", "with", "with", "drink", "with", "with", "with", "with", "with", "with", "and", "with", "with", "with"], "crib": ["got"], "twat": [" "], "bitch": ["a", "im", "we", "in"], "another": ["sucka"], "ring": ["blingin"], "miss": ["jiggy"], "blunts": ["up"], "horse": ["and"], "jet": ["speed"], "bears": [" "], "top": ["it", "a"], "they": ["run", "say"], "mami": ["shaking"], "squirtin": ["for"], "mama": ["cmon"], "white": ["like", "niker", "but", "timbs"], "that": ["once", "why", "shit", "nice"], "huh": ["welcome"], "x2": [" ", " "], "than": ["squadrant"], "gotta": ["do"], "derrier": ["fuck"], "submitted": ["by"], "shes": ["insane"], "don\u2019t": ["like"], "proactive": [" "], "pre": ["ejeclation"], "lick": ["my", "suck"], "runner": ["imma"], "pro": ["at"], "mind": ["i"], "talking": ["vegas"], "say": ["i", "ohh"], "have": ["you", "a"], "need": ["to", "to", "it"], "apparently": [" "], "birght": ["light"], "bastard": ["do"], "lil": ["weezy", "puckerama"], "mic": [" "], "zoo": ["zoo", " "], "laughed": ["ma"], "who": ["asked", "my", "you"], "paid": [" ", " "], "why": ["you", "ya", "you"], "sturdy": ["chin"], "hungry": ["lick"], "face": ["fuck"], "link": ["we", " "], "tradin": ["places"], "show": ["ya"], "text": ["and"], "bring": ["a", "wifey", "her"], "corner": ["for", "fudge"], "staff": ["will"], "aint": ["gotta", "mad", "mad", "mad", "mad", "mad", "mad", "mad", "no", "the", "not", "tradin"], "writer": ["email"], "only": ["thing"], "stand": ["back"], "do": ["that", "boo", " ", "let", "them", "do", "the", "this", "you"], "his": ["room"], "hit": ["split", "your", "me", "em"], "get": ["it", "it", "the", "nasty", "paid", "paid", "my", "ya", "head", "in", "right"], "stop": ["cough"], "lighter": [" "], "nasty": [" ", "but"], "smash": ["real"], "zooom": ["zoom"], "bird": ["lady"], "she": ["cant", "straight", "dont", "know", "follows", "swallows"], "shots": ["pop"], "puckerama": [" "], "where": ["you"], "insane": [" "], "lemonade": ["imma", "round"], "sex": ["me"], "hoes": ["cuz", "might"], "said": ["im", "cookies", "she"], "luv": ["wit"], "timbs": [" "], "please": ["trust"], "viper": ["god"], "neither": ["what"], "email": ["text"], "we": ["run", "link", "link", "aint"], "men": [" ", "me"], "drivin": ["in"], "boss": [" "], "christmis": ["you"], "merry": ["year"], "come": ["throught", "here"], "ill": ["never", "will"], "puffin": ["a"], "lookin": ["for"], "faces": [" "], "asked": ["you"], "comes": ["the"], "and": ["type", "have", "porsh", "i", "some", "get", "after", "catch", "get", "then", "in"], "tough": ["like"], "ike": ["i"], "pop": ["it"], "coincidence": [" "], "mink": ["pinky"], "laugh": ["at"], "sexy": [" "], "trust": ["girl"], "lifer": [" "], "teddy": ["bears"], "been": ["huggin", "puffin"], "damn": ["mom", "bitch", "no"], "porsh": ["room"], "fire": ["department"], "catch": ["up", " "], "juice": ["x2", " ", " ", " ", " ", "x2", " ", " ", " ", "im", "im", "cherry", "cookies", " ", "x5lyrics"], "sauce": ["killah"], "straight": ["but", "underestimate"], "cash": ["money"], "n": ["freshg"], "will": ["never", "solve", "shoot", "run"], "situation": ["bring"], "cock": ["is", " "], "loop": [" "], "stink": ["somehting"], "is": ["made", "soft", "suck", "crazy"], "it": ["hit", "but", "straight", "gets", "or", "then", "or", "off", "off", "off", "off", "or", "for", "or", "changin", "vanilla"], "pinky": ["mink", "ring"], "cant": ["decifer"], "tissue": ["why"], "im": ["not", "sexy", "fly", "cute", "flashy", "sick", "just", "just", "talking", "trying", "so", "in", "the", "hot", "tough"], "in": ["the", "the", "harlem", "luv", "said", "your", "the", "the", "and", "the", "the"], "if": ["my", "we"], "pat": ["kiss"], "same": ["time"], "split": ["it"], "hopin": ["she"], "gets": ["crazy"], "maide": [" "], "drink": ["my", "hard"], "fucker": [" "], "hand": ["guns", "grenades"], "off": ["rock", "rock", " ", " ", "lollypop"], "center": ["stage"], "i": ["wont", "dont", "might", "might", "aint", "hit", "aint", "aint", "aint", "can", "ppoom", "get", "revolve", "aint", "aint", "aint", "said", "dont", "do", "aint", "been", "know", "been", "aint", "need", "tell", "know", "noticed", "approached", "just", "aint", "think", "think", "get", "tell", "dont", "hopin"], "squadrant": [" "], "well": ["apparently"], "approached": ["her"], "solve": ["them"], "mother": ["fucker"], "killa": ["dipset"], "the": ["viper", "girl", "damn", "blunts", "lighter", "day", "bird", "loop", "corner", "corner", "gavel", "bastard", "fishnets", "block", "block", "drama", "globe", "twat", "hot", "type", "issue", "situation", "cum", "shit", "only", "strangest", "same", "bitch", "range", "plane", "game", "industry", "back"], "huggin": ["the", "the"], "coup": ["zoom"], "mom": ["white"], "just": ["dike", "like", "tryin", "tryin", "laughed"], "money": [" "], "wifey": ["wit"], "yes": ["baby", "bitch", "i"], "slims": [" "], "speed": [" "], "yet": ["i"], "tits": ["i"], "cherry": ["jeeps"], "cuz": ["im", "you", "ya", "them"], "it\u2019s": ["a"], "lets": ["do"], "ade": ["round"], "wet": [" ", " "], "cum": ["in"], "real": ["fast"], "around": ["the"], "big": ["tits"], "department": [" "], "game": ["get"], "five": ["yes"], "know": ["it", "what", "i", "baby", "ma", "its", "who", "the"], "facial": ["huh"], "lady": ["so", " "], "grin": ["white"], "like": ["her", "white", "rikers", "a", "a", "men", "men", "the", "a", "marry", "a", "light", "ike"], "follows": ["and"], "zoom": ["zoom", "horse", "and"], "nose": [" "], "soft": ["what"], "right": ["hustling", "now", " "], "fucking": [" "], "some": ["apple", "apple", "apple", "apple", "apple", "apple", "apple", "apple", "apple", "apple", "apple", "apple", "apple", "apple", "brain"], "back": ["shots", "and", "of"], "lips": ["wet"], "hassle": ["hit"], "freshg": ["fresh"], "playin": ["wit"], "for": ["certain", "dat", "ya", "your", "the", "some"], "doggy": ["style"], "be": ["your"], "felt": ["with"], "run": ["we", "this", "you"], "slight": ["grin"], "throw": ["me"], "stage": [" "], "on": ["hop", "the"], "of": ["my"], "industry": ["wanna"], "favorite": [" "], "drama": [" "], "range": ["uh"], "that\u2019s": ["right", "the"], "itty": ["bitty"], "wanna": ["bite", "a", "test", "sex", "go", "do", "rock"], "or": ["not", "not", "not", "not"], "block": ["huggin", " "], "bitty": ["girls"], "own": ["staff"], "mommy": ["wit"], "down": ["just", "south", "theyll"], "nigga": ["need"], "changin": ["faces"], "gavel": ["ass"], "your": ["shit", "girl", "baby", "shoes", "face", "nose"], "kyrah": [" "], "her": [" ", " ", " ", "n", "lock", "derrier", "slight", " ", "hed"], "question": ["now"], "fast": ["got"], "noticed": ["that"], "hed": ["before", "is"], "low": ["you"], "lot": [" "], "head": ["in"], "bitches": ["catch"], "but": ["i", "yo", "when", "get", "i", "never", "i", "im", "a", "i", "here", "you"], "hear": [" ", "words", "is"], "diaper": [" "], "trying": ["to"], "with": ["some", "some", "some", "some", "a", "some", "some", "some", "some", "some", "some", "the", "some", "some", "some"], "he": ["a", "said", "hungry"], "made": [" "], "ejeclation": ["and"], "places": [" ", "now"], "up": ["ma", "out", "in", "tie"], "suckin": ["my"], "uh": [" ", "flyin"], "grenades": ["meet"], "gone": ["suck", "suck", "suck", "hear"], "cmon": ["fuck"], "ohh": ["my"], "taste": ["ya"], "certain": ["yeah"], "dog": ["hoes"], "as": ["a"], "at": ["center", "you", "you", "you", "you", "you", "you", "you", "you", "this", "the"], "babyboy": ["go"], "shit": ["the", "to", "well"], "holla": ["lets"], "theyll": ["laugh"], "no": ["im", "you", "problems", "hassle", "looking", "sucka"], "when": ["she", "he"], "tight": ["slims"], "jeeps": ["apple"], "sick": ["something"], "test": ["me"], "tie": ["your"], "you": ["squirtin", " ", " ", "cookies", "itty", "will", " ", "stink", "know", "dont", " ", " ", "cookies", "down", " ", "could", "wanna", "cookies", "gone", "dont", "bein", "can", "don\u2019t", "gone", "kinda", "bring", "like", "gon", "wont", "gone", "know", "playin"], "hustling": ["rocks", "rocks"], "roll": ["the"], "nice": ["chin"], "dirtty": ["dirtty", " "], "welcome": ["to"], "problems": ["please"], "town": ["will"], "kinda": ["like"], "revolve": ["em"], "niker": [" "], "wife": ["her"], "flyin": ["on"], "u": ["know", "gone"], "time": ["call"], "fresh": [" "], "once": ["i"]}