{"gon\u2019": ["poli", "tell", "do", "turn", "get"], "how\u201d": [" ", " "], "four": ["fathers", "enter", "enter"], "hate": ["to"], "patches": [" "], "swat": ["team"], "under": ["the", "the"], "remorseless": [" "], "worth": ["a"], "rise": ["life", "close", "wiseman", "death", "at", "wiseman", "death", "from", "and"], "every": ["orifice", "word", "paradigm", "word", "paradigm", "soul", "single", "talkin\u2019", "cycle"], "pinch": ["em"], "succession": [" "], "ashwathama": ["mahabharat"], "clothes": ["this"], "chew": ["on"], "force": [" ", "multiplier", "faces", "faces"], "leaders": ["to"], "feathers": [" "], "preacher": ["at"], "second": ["sun"], "street": ["like"], "even": ["a", "understand", "though", "though", "care"], "hide": ["the"], "thunder": ["hole"], "revolver": ["and"], "haze": ["run"], "above": ["so", "so"], "toll": [" "], "new": ["silk"], "maverick": [" ", " "], "harbors": [" "], "told": ["em", "em", "me", "\u201cafter", "by", "after", "by", "or", "will"], "piranhas": ["minor"], "never": ["thought", "responded", "be", "got", "learned", "moved", "be", "want", "understand", "got", "learned", "moved", "be", "want", "understand", "communicated"], "here": ["description", "i", "i", "you"], "studio": ["sessions", "sessions"], "paraffin": ["waxing", "waxing"], "path": ["is", "to"], "cardboard": ["next"], "crossbow": ["for"], "heru": ["fight", "fight"], "kids": ["like"], "marduk": ["tammuz", "tammuz"], "k": ["bars"], "mantis": ["woman", "hands", "woman", "hands"], "credit": ["if", "if"], "smoke": ["purple", "stacked"], "pack": ["nuclear"], "climber": [" "], "golden": ["age"], "dumpers": ["they"], "brought": ["this"], "smolders": [" "], "sayin\u2019": ["be"], "cocaine": ["patches"], "slivers": [" "], "sarah": ["palin", "palin"], "dna": ["is", "is"], "would": ["work", "fuck", "you", "not", "not", "you"], "prophets": ["gonna"], "arms": ["of"], "call": ["me"], "until": ["her", "germaine\u2019s", "germaine\u2019s"], "breathe": ["when", "breathe", " "], "barbarous": ["relic", "relic"], "saber": [" "], "wars": ["in"], "zeroonezero": ["instead"], "hole": ["for", "when"], "killah": ["priest"], "must": ["die"], "me": ["like", "but", "illustrate", "to", "after", "control", "control", "control", "control", "control", "he", "why", "a", "pick", "why", "this", "and", "rome", "rome", "say", " "], "1990": ["era"], "word": [" ", "produced", "produced", "word", " "], "room": ["this"], "mc": ["then", " "], "rights": [" ", " "], "work": [" "], "era": ["was"], "mr": ["t"], "my": ["33rd", "peers", "relentless", "33", "black", "heart", "name", "rhymes", "phallus", "bear", "microphone\u2019s", "sonnet", "syllables", "home", "dutch", "arm", "knees", "pontoons", "ass", "preacher", "last", "name", "four", "family", "mood", "verse", "sonogram", "snowboard", "vicu\u00f1as", "hemispheres", "focus", "creation", "space", "great", "snowboard", "vicu\u00f1as", "hemispheres", "focus", "ears", "throat", "bowels"], "scavenge": ["move"], "loosen": ["hardest"], "give": ["you", "me", "me", "me", "me", "me", "a"], "555": ["file", "file"], "currency": [" "], "want": ["to", "to", "peace", "war"], "keep": ["my", "seeing", "us", "seeing", "us"], "leave\u201d": ["leave"], "end": ["is", "is", "game\u201d", "game\u201d"], "jigga": ["could"], "how": ["i", "it", "i", "dare"], "hot": ["sauce"], "hop": ["temple"], "gate": ["to"], "truthful": [" "], "description": ["of", "of"], "mess": ["rome", "this"], "after": ["i", "death"], "lay": ["wounded"], "salsa": [" "], "law": ["rome"], "parallel": ["planes", "brains", "dimension", "planes", "brains"], "types": [" ", " "], "green": ["eggs"], "goodbye": ["i", "i"], "enter": ["4", "nations", " ", "4", "nations"], "gladiators": ["in"], "flippers": ["with"], "over": ["spoil", "germaine"], "digest": ["the"], "before": ["i", "the", "the", "rome"], "what\u2019s": ["the", "the", "the", "the", "your", "the", "the", "the", "the", "your"], "crew": ["will"], "better": ["than"], "acupuncture": ["heart"], "then": ["i", "proceeded", "id", "started", "we", "engage", "we", "we", "we", "we", "uploaded", "uploaded", "the", " "], "them": ["started", "bones", " ", " ", " "], "safe": ["in"], "break": ["out", "your", "your", "your", "your"], "detachment": ["xyz", "xyz"], "they": ["heard", "still", "cross", "feet", "failed", "choose", "choose", "choose", "choose", "choose", "choose", "working", "said", "reject", "break", "sent", "was", "working", "said", "reject", "break", "gon\u2019", "gon\u2019", "still", "don\u2019t", "want"], "silver": ["art", "fox", "garments"], "kevlar": ["scripture"], "alex": ["is", "is"], "meat": [" "], "arrow": ["steel"], "went": ["to", "down"], "side": ["handles", "exits"], "bone": ["a"], "spider": ["lighter"], "logo": ["is"], "message": [" ", " "], "gon": ["tell", "tell"], "god": ["will"], "gog": ["and"], "mason": ["they"], "medicine": ["my"], "got": ["picked", "lodged", "security", "my", "to", "to", "caught", "women", "a"], "linear": ["terms"], "written": ["that"], "standard": ["like"], "enlightened": ["to", "to"], "created": ["the"], "days": ["i"], "signature": ["freeze"], "loud": ["mouth", "mouth"], "another": ["like", "man"], "blunts": [" ", " "], "illustrate": ["the"], "mercury": ["falls"], "service": ["agent"], "their": ["innocence"], "guinness": ["stout"], "top": ["of", "of"], "master": ["side", "percussionist", "automation", "mason", "with", "percussionist"], "too": ["big", "enlightened", "enlightened", "much", "late", "much", "cynical"], "tom": ["cruise", "cruise"], "legs": ["with"], "dogs": ["roaming"], "listen": [" "], "urban": ["macgyver"], "acogs": ["and"], "took": ["this"], "wisdom": ["it"], "nirvana": [" "], "9foot": ["wookies"], "swingin\u2019": ["knives"], "hyenas": ["babysittin\u2019"], "final": ["time"], "don\u2019t": ["even", "know", "mind", "mind", "even", "want", "tell", "give"], "hologram": ["disappear"], "bridge": ["beat"], "rewrite": ["click", "click"], "modern": ["roaming"], "mind": ["the", "it"], "constellations": ["rearranged"], "raw": ["talent"], "screws": ["loosen"], "strength": ["rome"], "snow": ["zigzagging", "zigzagging"], "cow\u2019s": ["intestinals"], "chest": ["rome", "armor"], "doors": ["they", "open", "they"], "blue": ["plasma", "dragnet"], "though": ["you", "you"], "llamas": [" "], "mouth": ["that", "never", "that", "never"], "peers": ["never"], "microphone\u2019s": ["islamic"], "metal": ["sauna", "anointin\u2019"], "ch\u00e2teau": [" "], "responded": ["till"], "came": ["to", "down", "down"], "i\u2019m": ["a", "a", "a", "a", "at", "a", "a", "sayin\u2019", "loving", "in", "star", "one", "loving", "in"], "bomb": [" "], "inspire": ["greatness"], "radio": ["audio", "audio", "audio", "audio", "audio", "stations", "stations"], "earth": ["out"], "livin\u2019": ["in", "ain\u2019t"], "rich": ["will"], "rice": ["and"], "scripture": ["i"], "wearing": ["bootleg"], "do": ["22", "33", "so", "i", "i", "this", "you", "your", "next", "what"], "de": ["ch\u00e2teau"], "watch": ["rome"], "meditate": ["learn"], "supplies": ["this"], "dr": ["doom\u2019s", "who"], "bar": ["amazing"], "rhymin": [" "], "bay": ["climates"], "shots": ["at"], "release": ["the"], "automatic": ["break"], "ears": ["rome", "still"], "respond": ["then"], "penance": ["to"], "spacegoat": ["space", "space"], "bed": ["down", "down"], "best": ["rome"], "cobra": ["cabana"], "said": ["\u201cit\u2019s", "\u201cit\u2019s"], "away": ["from", "and"], "muy": ["tai"], "artificial": ["dependence", "existence"], "yet": ["as", "as"], "pirate": ["computer"], "manolo": ["jesus"], "warrior": ["can"], "wearin\u2019": ["bodhidharma"], "men": ["rome", "on"], "terms": ["my"], "cigarillos": ["spell"], "trackin\u2019": ["fluids"], "boss": ["matthew"], "unfold": [" ", " "], "tendons": ["medicine"], "protect": ["the", "your"], "country": ["is"], "ill": ["is"], "adventures": [" "], "demanded": ["33"], "participating": ["for", "for"], "faces": ["an", "an"], "palin": ["looking", "looking"], "matte": ["black", "black"], "zigzagging": [" ", " "], "speak": ["the"], "proceeded": ["to"], "chrome": ["turn", " "], "been": ["praying", "praying"], "much": ["to", "about"], "expected": [" ", " "], "location": ["kodiak", "kodiak"], "life": ["is", "must", "dies", "isn\u2019t", "intruding", "dies", "isn\u2019t", "intruding", "dies"], "spit": ["i", "shiner"], "turned": ["our"], "child": ["rome"], "catch": ["22", "comets"], "chill": ["with"], "east": [" "], "tand": ["pinch"], "air": ["the"], "aim": ["all", "all"], "near": [" "], "ugliest": ["piece"], "depp": ["junior"], "seven": ["numerically", "headed"], "pyramid": ["head", "head"], "is": ["bronze", "like", "near", "here", "sometimes", "not", "not", "dark", "artificial", "present", "johnny", "nirvana", "too", "chupacabra", "right", "a", "this", "now", "what", "downloaded", "so", "right", "a", "this", "now", "what", "downloaded", "sold", "rome", "rome", "rome", "rome", "rome", "rome", "rome", "rome", "confused", "rome", "rome", "rome", "all", "rome", "the", "too", "your", "a", "no", "doomed", "drunk", "regret", "rome", "rome", "rome", "rome", "rome", "rome", "in", "rome", "rome", "rome", "rome", "rome", "rome", "rome", "rome"], "it": ["would", "came", "got", "up", "up", "up", "up", "up", "is", " ", " ", "like", " ", "matter", " ", "in", "adds", "clockwise", "come", " ", "matter", "to", "was", "back", " ", " ", "gets", "ain\u2019t", "then"], "ii": ["plateau"], "throat": ["burned"], "cant": ["be"], "im": ["convinced"], "in": ["linear", "the", "the", "history", "kerosene", "my", "a", "control", "the", "december", "dark", " ", "the", "the", "the", "iraq", "numbers", "tanks", "the", "the", "manolo", "the", "st", "my", "the", "peru", "the", "name", "front", "succession", "fact", "time", " ", "the", "peru", "the", "name", "front", "the", "the", "his", "the", "rome", "the", "the", "the", "the", " ", "the", "rome"], "mauling": ["song", "song"], "id": ["kill", "take"], "disappear": ["like"], "if": ["jigga", "they", "alex", "nothing", "you", "alex", "nothing", "you"], "taped": ["it"], "make": ["duck"], "\u2018bout": ["the"], "satellite": ["streaming", "streaming", "streaming", "streaming", "streaming", "watch"], "devalues": ["life", "life"], "dhy\u0101na": [" "], "hang": ["out"], "\u2018cause": ["only", "job", "pirate"], "chemtrails": ["rome"], "garlic": ["and", "campfire"], "supper": ["was"], "kid": [" "], "narrow": ["path"], "ocean": ["conveyer", "liners"], "rome": [" ", " ", " ", " ", " ", " ", " ", " ", " ", " ", " ", " ", " ", " ", " ", " ", " ", " ", " ", " ", " ", " ", " ", " ", " ", " ", " ", " ", " ", " ", " ", " ", " ", " ", " ", " ", " ", " ", " ", " ", " ", " ", " ", " ", " ", " ", " ", " ", " ", " ", " ", " ", " ", " ", " ", " ", " ", " ", " ", " ", " ", " ", " ", " ", " ", " ", " ", " ", " ", " ", " ", " ", " ", " ", " ", "judas", " ", " ", " ", " ", " ", " ", " ", " ", " ", " ", " ", "say", "but", " "], "hearts": [" ", " "], "the": ["3rd", "earth", "tour", "top", "empire", "kerb", "scene", "women", "building", "timer", "swat", "3rd", "line", "hostages", "bullet", "illest", "arms", "iroquois", "metal", "boys", "world", "bubonic", "sun\u2019s", "fumes", "shit", "cow\u2019s", "heart", "revolver", "clergy", "killing", "pen", "land", "heat", "second", "ocean", "east", "new", "beast", "parkin\u2019", "dark", "rickshaw", "wise", "land", "clan", "land", "young", "globe", "lost", "last", "air", "end", "end", "soil", "water", "altar", "hell", "summer", "task", "cops", "dock", "boss", "land", "clan", "land", "worlds", "worlds", "phoenix", "narrow", "1990", "most", "gold", "material", "table", "mennonite", "universe", "horizon", "phoenix", "forest", "future", "worlds", "whole", "worlds", "worlds", "war", "cha", "logo", "tag", "airborne", "skipper", "right", "constant", "sound", "cannon", "kings", "party", "light", "essence", "past", "future", "present", "next", "essence", "past", "future", "present", "next", "essence", "past", "future", "present", "next", "essence", "past", "future", "present", "essence", "past", "future", "present", "next", "paracord", "snow", "jacker", "human", "petunias", "same", "phoenix", "end", "cost", "price", "human", "button", "pale", "west", "moors", "crucible", "salt", "boot", "minds", "hearts", "kasbergs", "truth", "creator", "same", "code", "clouds", "science", "when", "where", "why", "how\u201d", "mainland", "yangtze", "danube", "nile", "mississippi", "ones", "frequencies", "background", "head", "zero", "one", "essence", "past", "future", "present", "next", "master", "secret", "radiation", "relaxation", "plantation", "slaves", "fat", "planet", "jacker", "crowd", "blunt", "essence", "past", "future", "present", "phoenix", "endin\u2019", "party", "light", "essence", "past", "future", "present", "next", "essence", "past", "future", "present", "next", "essence", "past", "future", "present", "next", "essence", "past", "future", "present", "essence", "past", "future", "present", "next", "paracord", "snow", "jacker", "human", "petunias", "same", "phoenix", "end", "cost", "price", "human", "button", "pale", "west", "moors", "crucible", "salt", "boot", "minds", "hearts", "kasbergs", "truth", "creator", "same", "code", "clouds", "science", "when", "where", "why", "how\u201d", "mainland", "yangtze", "danube", "nile", "mississippi", "ones", "frequencies", "background", "head", "zero", "one", "essence", "past", "future", "present", "next", "money", "emperor", "beast", "streets", "ugliest", "room", "war", "best", "path", "illusion", "cheers", "wheels", "army", "good", "ring", "black", "enemy", "senate", "kraken", "revelation", "moon", "vatican", "moon", "antichrist", "tomb", "valleys", "hounds", "truth", "rich", "poor", "holy", "general", "elite", "spells", "bell", "worldwide", "black", "phoenix", "street", "streets", "death", "mess", "gods", "sky", "men", "ground", "pestilence", "plague", "water", "great", "feast", "same", "time", "streets", "emperor", "prisoners", "dogs", "name"], "paradigm": ["makes", "makes"], "yours": ["fares"], "hummingbirds": ["placed"], "just": ["hit", "blood", "how", "to", "to", "like", "woke"], "gods": ["word", "wage", "on"], "masons": [" "], "human": ["friends", "brain", "plight", "sickness", "friends", "brain", "plight"], "plight": [" ", " "], "cellophane": ["doorways", "doorways"], "jumpers": ["and"], "hao": ["ni", "yo", "ni", "yo"], "had": ["rushed", "gone", "emmet\u2019s", "supreme"], "prison": [" ", "planet", "planet"], "fares": ["in"], "has": ["no", "no", "made"], "plasma": ["boil"], "gave": ["em"], "3slyrics": ["submitted"], "dismount": ["then"], "background": [" ", " "], "cape": ["spacegoat", "spacegoat"], "burns": [" "], "dreams": [" "], "shoulder": ["to", "face"], "gift": ["what", "what"], "visible": ["monuments"], "hunk": ["of"], "night": ["vision", "prison"], "security": ["sensors"], "iroquois": ["with"], "right": ["business", "and", "and", "in", "where"], "old": ["owl", " "], "envision": ["it"], "crowd": [" ", "vote", " "], "crowe": ["just"], "deaf": ["ears"], "dead": ["on"], "contaminating": ["the", "the"], "ain\u2019t": ["in", "time", "for", "safe"], "for": ["33", "3", "the", "horses", "rice", "side", "the", "the", "the", "llamas", "maverick", "credit", "on", "studio", "my", "maverick", "credit", "on", "studio", "your", "the", "the", "whom", "hell", "religion", "official", "you"], "purple": ["haze"], "fox": ["trades"], "ice": ["that\u2019s"], "everything": ["a", "around"], "plantain": ["clips"], "espionage": ["rome"], "core": ["nigga"], "burn": ["more"], "bolt": ["vajrayana"], "pincher": ["ricochet"], "post": ["traumatic"], "super": ["futuristic", "califragilistic", "yangtze"], "coral": ["slivers"], "army": ["shield", "to"], "horizon": ["is"], "commit": ["it"], "octopus": ["breakdancing", "breakdancing"], "xyz": ["axis", "axis"], "romulus": ["howl"], "son": ["of"], "down": ["in", "like", "location", "from", " ", "location", "from", " "], "fumes": [" "], "google": [" "], "people": ["for"], "fight": ["over", " ", " ", "the"], "stuck": ["the"], "greatness": [" ", "being"], "was": ["heard", "gonna", "injured", "the", "a", "told", "a", "told", "misinterpreted", "walking", "done", "thinkin\u2019", "told", "a", "told", "misinterpreted", "walking", "done", "written"], "war": ["monger", "chest", "war", " ", "horses"], "happy": ["rome"], "head": ["shaped", "it\u2019s", "shaped", "it\u2019s"], "form": ["to"], "wireless": ["veins", "veins"], "garments": ["smell"], "heat": ["from"], "true": ["this"], "inside": ["the", "a"], "tell": ["mook", "the", "them", "me", "\u2018em", "them", "me", "rome"], "unanimous": ["lit"], "vatican": ["city"], "more": ["then", "than", "of", "of", "conquests", "rule", "more", " ", "strength", "leaders"], "vajrayana": ["thunderbolt"], "moors": [" ", " "], "shiner": ["uterus"], "trip": ["to"], "shit": ["like", "like", "down", "down", "this"], "ni": ["hao", "hao", "hao", "hao"], "holy": ["spirit"], "no": ["home", "plaques", "clothes", "fear", "more", "more", "more", "more"], "when": ["time", "crack", "the", "the", "i", "more", "you", "the", "an", "the", "in", "more", "you", "the", "an", "the", "in"], "reality": ["becomes", "becomes"], "flood": ["through"], "digital": [" ", " ", " ", " ", " "], "test": ["the"], "smell": ["like", "the", "the"], "misinterpreted": ["they", "they"], "phoenix": ["to", "rise", "rise", "rise", "rise", "rise", "rise", "in", "will"], "dies": [" ", " ", "rome", "this"], "welcome": ["to", "citizen"], "ovaries": [" "], "faster": [" "], "bullet": ["hit"], "together": ["to", "to"], "jacker": ["octopus", "infinity", "octopus"], "time": [" ", "signature", "flies", "that", "i", "travelin\u2019", "flies", "that", "flies", "that", "this", "travelin\u2019", "we"], "rob": ["holler", "to"], "souls": ["in"], "mila": ["kunis", "kunis"], "battle": ["field", "to"], "extremities": ["on"], "row": ["will"], "disorders": [" "], "marks": ["and", "and"], "shoot": ["the", "to"], "frequencies": ["of", "of"], "emmet\u2019s": ["jersey"], "tanks": ["and"], "thinkin\u2019": [" "], "orifice": ["i"], "clouds": ["on", " ", " "], "level": [" "], "did": ["in"], "die": [" "], "temple": ["stone"], "leave": ["his", " ", "you"], "team": ["jump", "detachment", "detachment"], "quick": ["to"], "loads": ["for"], "says": ["\u201cmade", "the"], "regret": ["rome"], "beatin\u2019": ["pleebs"], "thinker": [" "], "cost": ["excluding", "excluding"], "targets": [" "], "adds": ["to"], "boost": ["cape", "cape"], "water": ["balloons", "straight", "death", "supplies"], "downloaded": ["through", "through"], "entertain": ["em", "em", "em", "em", "em", "them"], "yards": [" "], "along": ["the", "the"], "nother": ["level"], "flames": ["and"], "sprawlin\u2019": ["with"], "love": ["motherfucker"], "prefer": ["to"], "stiletto": ["owner"], "everybody": ["cant", "wanna", "needs"], "ayo": ["i", "sterling"], "russell": ["crowe"], "working": ["together", "forever", "together", "forever"], "visit": [" "], "handles": ["i"], "peru": ["with", "with"], "seismoluminescence": ["the", "the", "the", "the", "the", "the", "the", "the", "the", "the", "the", "the", "the"], "sharpen": ["horns", "pen"], "loving": ["it", "it"], "entrance": [" ", "has"], "freestylin": [" "], "sessions": [" ", " "], "altar": [" "], "niggas": ["still"], "soul": ["protect", "is"], "hardest": ["armor"], "can": ["he", "be", "see", "pay"], "isn\u2019t": ["the", "the"], "zippers": [" "], "heart": [" ", "of", "pincher", "racing"], "figure": ["out"], "december": [" "], "fuck": ["with"], "agent": ["taped"], "heard": ["33", "some"], "stroke": [" "], "stole": ["the"], "write": ["33", "to"], "till": ["i", "november", "the", "it\u2019s", "it", "it\u2019s", "the", "my"], "armies": ["of", "killin\u2019"], "diva": ["scuba"], "islamic": [" "], "mad": ["man"], "man": ["had", " ", "team", " ", "team", " ", "clean"], "supersonic": ["melodic"], "stress": ["disorders"], "remember": [" "], "conscious": ["like"], "maybe": ["they", "they"], "dwight": ["clark"], "so": ["i", "the", "below", "far", "many", "blatant", "contagious", "below", "far", "many", "quick"], "halos": ["when"], "wolves": ["sharpen"], "conquests": ["for"], "endin\u2019": [" "], "sonnet": ["massacre"], "shield": ["battle"], "colt": ["45"], "displayed": [" ", " "], "fangs": [" "], "brain": ["is", "is"], "magog": [" "], "recoup": ["losses"], "cold": ["day"], "still": ["never", "walk", "ringing", "rappin\u2019", "attack"], "limbs": ["missin\u2019"], "police": ["come", "in"], "acknowledge": ["it"], "selves": [" "], "jim": ["and"], "amazing": [" "], "artisan": [" "], "farmer": [" "], "mail": ["rome"], "talkin\u2019": ["point", "\u2018bout"], "prisoners": [" "], "feats": ["off"], "happened": ["rome", "before"], "alist": ["vip"], "nation": ["with"], "underneath": ["caligula"], "not": ["to", "to", "even", "who", "who", "always", "always", "who", "who", "who", "one", "be", "be", "backed", "like", "kneel", "clean"], "now": ["at", "i", "a", "here", " ", " ", "but", " ", "a", "here", " ", " ", "but", " ", "they", "rome", "it\u2019s", "we", "is", "we", "youll", "or"], "name": ["went", "is", "descriptions", "descriptions", "rome", "again"], "opera": [" "], "clutch": ["faster"], "drop": ["to"], "veins": ["made", " ", " "], "quarter": ["times"], "kerb": [" "], "em": ["33", "not", "all", "for", "stood", " ", " ", " ", " ", " ", " "], "square": ["shaped", "shaped"], "yeah": ["i", "sarah", "sarah"], "3rd": [" ", " ", "and"], "space": ["ghost", "station", "ghost"], "looking": ["for", "for"], "dutch": ["master"], "chupacabra": ["sprinkled"], "ascendant": [" "], "cars": ["had"], "million": ["or"], "intruding": ["ones", "ones"], "arge": ["spaceship"], "care": ["not", "not", "not", "who", "not", "not", "no"], "language": ["from"], "tomahawk": ["and", "chopper"], "honest": [" "], "motion": ["inside"], "turn": ["you", "you"], "place": ["in"], "swing": ["extremities"], "motherfuckers": ["won\u2019t"], "first": ["i"], "symbolic": ["doors"], "one": ["of", "to", "to", " ", "zero", "zero", "through", "of", "to", "to", "one", "zeroonezero", "world", "roman", "currency", "slave", "goddess", "love"], "cybernetics": ["performers", "performers"], "vote": ["unanimous"], "ring": ["rome"], "sun\u2019s": ["core"], "open": ["and"], "george": ["carver"], "city": ["pigeons", "is", "sprawlin\u2019"], "caught": ["up"], "trillion": ["bits"], "plagued": ["by"], "tragic": [" "], "desmond": [" "], "white": ["flames", "widow", "house"], "bits": [" "], "williams": ["describes"], "eyes": ["with", "envision"], "that": ["you", "beat", "march", "came", "you", "now", "reality", "march", "came", "you", "now", "reality", "this", "the"], "brains": [" ", " "], "fuckin\u2019": ["politicians"], "cops": ["off"], "pontoons": ["walk"], "than": ["point", "i"], "television": ["video", "video", "video", "video", "video"], "i\u2019ll": ["kick"], "18": ["alist"], "require": ["quantum", "quantum"], "future": ["is", "the", "the", "the", "the", "the", "the", "the", "the", "the", "the", "the", "the", "the"], "knives": ["at"], "were": ["too"], "scuba": ["diver"], "and": ["i", "children", "3", "final", "started", "ricocheted", "countin", "desmond", "hatchet", "petals", " ", "burn", "coral", "hummingbirds", "break", "mercury", "meat", "vinegar", "entrance", "blow", "old", "test", "steel", "shell", "hummers", "i", "i", "thats", "i", "i", "i", "salsa", "k", "magog", "see", "this", "smell", "when", "heru", "contours", "the", "the", "the", "now", "yet", "the", "parallel", "i", "voicebeckon", "see", "this", "smell", "when", "heru", "contours", "the", "the", "the", "now", "yet", "the", "parallel", "homes", "jahmenll", "drink", "disease", "leave\u201d", "we", "that\u2019s", "kill", "now", "chariots", "flies", "it"], "pro": ["tools"], "sag": ["on"], "marijuana": ["farmer"], "dash": ["like"], "say": ["goodbye", "goodbye", "this", "the"], "buried": ["in", "in"], "ricochet": ["off"], "saw": ["33"], "any": ["direction", "direction"], "there\u2019s": ["not", "so", "so"], "squad": ["cars"], "take": ["33", "a", "recess"], "blunt": ["passin\u2019"], "200": ["degrees"], "multiple": ["targets"], "price": [" ", " "], "falls": ["i", "on"], "bowels": ["at"], "forever": [" ", " "], "slaves": ["escapin\u2019"], "salt": [" ", " "], "missin\u2019": ["dirty"], "walking": ["with", "with"], "german": ["luger"], "shoe": ["stiletto"], "ground": ["with"], "helio": ["light"], "kevlaar": ["halos"], "behind": ["closed", "closed"], "intestinals": [" "], "only": ["five", "in", "when", "in", "when"], "black": ["pack", "fangs", "hole", "tomahawk", "ar", "clouds", "knight", "rob", "star"], "equipped": ["with"], "canibus": ["obstacle", " "], "get": ["the", "what", "you", "put"], "cannon": ["blow"], "refreshed": ["it\u2019s", "it\u2019s"], "employers": [" "], "macgyver": ["rhymer"], "lighter": ["plantain"], "cryin": [" "], "youll": ["all"], "priest": ["canibus", "told", "a", "a", "a", "a"], "bombs": ["from"], "paracord": ["packing", "packing"], "\u201crun": ["away"], "where": ["the", "my", "the", "my", "you", "you"], "communicated": ["well"], "vision": ["like"], "concert": ["performers"], "station": ["but"], "concubines": ["pourin\u2019"], "hell": ["jumpers", "will", "rome"], "diver": ["combined"], "clips": ["for"], "ways": ["10000", "10000"], "bootleg": ["when"], "weapons": ["of", "of"], "3": ["hours", "minutes", "hellicopters", "of", "of", "more", "of", "organs", "inches"], "diamonds": ["in"], "herbal": ["spices"], "across": ["who"], "killing": ["stroke"], "multiplier": ["enforcer"], "coma": [" "], "come": ["to", "to", "on", "back", "to", "to", "here", "let", "get"], "dodone": ["dodone", "niggas"], "many": ["different", "different"], "trades": ["herbal"], "according": ["to", "to"], "nile": ["to", "to"], "tour": ["at"], "wheels": ["fall"], "traded": ["our"], "spoil": [" "], "percussionist": ["time", "time"], "pot": ["to"], "poli": ["kid"], "plantation": [" "], "west": ["mauling", "mauling"], "cared": ["too"], "combined": ["with"], "direction": ["i", "i"], "wake": ["up", "up"], "thing": ["rome"], "spirit": ["has"], "sound": ["acknowledge", "we", "we"], "shaft": ["cables"], "stacked": [" "], "rhymes": ["is", "i\u2019m", "i\u2019m"], "rhymer": [" "], "dmmers": [" "], "soil": ["fight"], "califragilistic": [" "], "technology": ["devalues", "devalues"], "different": ["only", "ways", "only", "ways"], "doctor": ["visit"], "pay": ["yours", "your"], "same": [" ", " ", " ", " ", "time"], "check": ["but"], "speech": [" "], "lucian": ["waters"], "sterling": ["sharp"], "thunderbolt": ["obama"], "sickness": [" ", "and"], "cheers": ["rome"], "favorites": ["bar"], "traps": ["across"], "nothin": ["funny"], "dimension": [" "], "summer": [" "], "being": ["ill"], "money": ["not"], "rest": ["within"], "fateful": ["and"], "petunias": ["i\u2019m", "i\u2019m"], "catchin\u2019": ["plague"], "blow": ["create", "harvest"], "death": ["or", "life", "would", "life", "would", "mail", "rome"], "except": ["the", "the"], "it\u2019s": ["really", "all", "like", "so", "really", "all", "like", "too", "like", "time", "lightning"], "meteorite": ["zippers"], "verse": ["about", "train"], "4": ["tombs", "tombs"], "wiseman": ["rhymes", "rhymes"], "real": ["lyricists"], "around": ["the", "omnidirectional", "omnidirectional", "bare", "me"], "zulu": ["shakas"], "hellicopters": [" "], "katana": [" "], "gonna": ["kill", "smash"], "dart": ["adventure"], "dark": ["spitter", "night", "orange"], "world": ["would", "is", "one"], "dare": ["you"], "clan": ["graze", "graze"], "snowmobiles": ["in", "in"], "lightning": ["bolt", "from"], "gimme": ["guinness"], "t": ["doin\u2019"], "robbers": [" "], "buzurk": [" "], "table": ["at"], "danube": ["to", "to"], "crabber": ["big", "big"], "sling": ["so"], "mook": ["to"], "fluids": ["through"], "moon": ["rome", "rome"], "exit": ["my"], "knife": ["to"], "business": ["management", "you"], "slaughter": [" "], "wordsll": ["give"], "innocence": [" "], "anointin\u2019": ["white"], "on": ["march", "33rd", "the", "her", "supersonic", "them", "cocaine", " ", " ", "rivers", "top", "day", "rtj", "day", "deaf", "god\u2019s", "the", "war", "the", "high"], "stone": ["pilots"], "stations": [" ", " "], "gunshots": ["was"], "favorite": ["sin"], "chop": ["it", "it", "it", "it", "it"], "doom\u2019s": ["ascendant"], "stand": ["before", "before", "let"], "mixed": ["with"], "assassin": ["with"], "or": ["dead", "i", "id", "all", "slaughter", "maybe", "maybe", "get", "what", "me"], "wildin": ["im"], "fertile": ["flower"], "numerically": ["in"], "bubonic": [" "], "your": ["phantom", " ", "quarter", "bones", "crew", "tongue", "gift", "talent", "historians", "shit", "gift", "talent", "historians", "shit", "chariots", "neck", "name", "own", "titties", "child", "mess", "eyes", "penance"], "killin\u2019": ["people"], "prepare": ["for"], "removing": ["insight", "insight"], "there": ["is"], "lot": ["we"], "passports": ["we"], "relic": [" ", " "], "kittens": [" "], "cycle": ["of"], "trying": ["to", "to"], "with": ["black", "tomahawk", " ", "wolves", "on", "a", "night", "camouflage", "cardboard", "the", "the", "katana", "ba", "meteorite", "urban", "ocean", "george", "my", "mantis", "laotzu", "my", "his", "my", "mantis", "laotzu", "a", "your", "the", "the", "the", "soldiers", "chest", "gods", "big"], "romantic": [" ", " "], "dirty": ["ass"], "cornmeal": ["porridge"], "gone": ["buzurk", "till"], "telepathic": ["style", "style"], "johnny": ["depp"], "moved": ["telepathic", "telepathic"], "an": ["mc", "irresistible", "immovable", "irresistible", "immovable"], "as": ["an", "soon", "they", "the", "we", "above", "transparent", "cellophane", "above", "transparent", "cellophane", "it"], "ar": ["acogs"], "at": ["the", "330", "the", "ice", "200", "peace", "the", "the", "google", "once", "the", "once", "the", "me", "the"], "file": ["stored", "stored"], "cables": [" "], "again": ["then", " "], "deserve": ["deserve", " "], "repent": ["rome"], "field": ["shoot"], "5": ["man", "man"], "shakas": [" "], "you": ["33rd", "trackin\u2019", "still", "care", "don\u2019t", "know", "wearing", "make", "know", "ain\u2019t", "like", "hate", "feelin\u2019", "refreshed", "gon", "come", "like", "know", "could", "could", "probably", "gon\u2019", "i", "to", "to", "refreshed", "gon", "come", "like", "know", "could", "could", "probably", "what", "to", "not", "prefer", "not", "whore", "dodone", "motherfuckers", "were", "humans", "have", "figure", "bring", "right", "right", "live", "to", "where", "stand", "swines", "mines", "can", "can", "are", "are", "simple", "or", "got"], "poor": ["poor", " "], "bullets": ["hit"], "building": [" "], "curve": ["saber"], "moonlight": ["weapons", "weapons"], "montego": ["bay"], "all": [" ", "out", "the", "the", "the", "the", "the", "working", "lost", "the", "directions", "working", "lost", "the", "directions", "true", "you", "rome", "carryin\u2019", "exit"], "forget": ["rome"], "forged": ["passports"], "children": ["in"], " ": ["yo", "wordsll", "first", "how", "33", "for", "and", "as", "suddenly", "it", "i", "went", "33", "pedestrians", "33", "as", "i", "of", "i", "my", "set", "told", "they", "of", "i", "if", "3", "3", "3", "3", "i", "i", "by", "the", "3", "my", "rewindin", "ayo", "my", "your", "i", "smoke", "legs", "my", "i", "break", "colt", "fertile", "aroma", "\u2018cause", "my", "swing", "my", "and", "yo", "life", "a", "bleed", "veins", "chew", "cumulus", "and", "water", "i", "burgundy", "marchin\u2019", "and", "a", "see", "keep", "horseman", "expand", "i\u2019m", "killah", "i", "shoulder", "the", "at", "priest", "i", "the", "before", "silver", "in", "tell", "the", "acupuncture", "hard", "why", "i", "feel", "used", "now", "posted", "the", "not", "wipe", "i\u2019m", "horseman", "expand", "i\u2019m", "the", "expand", "i\u2019m", "guns", "black", "crossbow", "pay", "nah", "blue", "gold", "and", "protect", "got", "no", "army", "castle", "automatic", "blue", "the", "coming", "forged", "traps", "i\u2019m", "we", "horseman", "expand", "i\u2019m", "the", "expand", "i\u2019m", "give", "and", "radio", "satellite", "give", "and", "radio", "satellite", "for", "and", "the", "good", "the", "we", "we", "allseeing", "the", "everybody", "gimme", "meditate", "raw", "the", "silver", "my", "the", "i", "transcendence", "the", "give", "and", "radio", "satellite", "control", "why", "radio", "satellite", "give", "and", "radio", "satellite", "give", "and", "cobra", "the", "son", "practice", "my", "you", "lightning", "with", "mr", "eatin\u2019", "you", "when", "matte", "you", "the", "tell", "you", "we", "i", "leave", "yeah", "a", "atomic", "catch", "spit", "diva", "matte", "my", "in", "the", "swirl", "chisel", "visible", "kevlaar", "slit", "sharpen", "autograph", "casual", "there\u2019ll", "you", "no", "jesus", "are", "seismoluminescence", "the", "seismoluminescence", "the", "seismoluminescence", "the", "seismoluminescence", "the", "bronze", "phoenix", "seismoluminescence", "the", "bed", "boost", "what\u2019s", "what", "5", "that\u2019s", "the", "snowmobiles", "my", "yeah", "a", "rip", "quantum", "tell", "555", "the", "participating", "wake", "why", "i", "and", "technology", "contaminating", "removing", "your", "marduk", "or", "enter", "the", "when", "the", "next", "and", "i", "cause", "and", "a", "and", "different", "i", "her", "the", "the", "this", "i", "from", "every", "except", "behind", "beyond", "that", "that\u2019s", "my", "where", "until", "then", "i", "instead", "one", "seismoluminescence", "the", "jibo", "jibo", "thought", "but", "you", "what", "come", "i", "artificial", "can", "adlib", "to", "the", "i", "by", "the", "take", "i", "i", "to", "i\u2019m", "makes", "i\u2019m", "fact", "inspire", "i", "dr", "book", "i\u2019ll", "symbolic", "rip", "the", "motion", "germaine", "seismoluminescence", "the", "williams", "are", "seismoluminescence", "the", "seismoluminescence", "the", "seismoluminescence", "the", "seismoluminescence", "the", "bronze", "phoenix", "seismoluminescence", "the", "bed", "boost", "what\u2019s", "what", "5", "that\u2019s", "the", "snowmobiles", "my", "yeah", "a", "rip", "quantum", "tell", "555", "the", "participating", "wake", "why", "i", "and", "technology", "contaminating", "removing", "your", "marduk", "or", "enter", "the", "when", "the", "next", "and", "i", "cause", "and", "a", "and", "different", "i", "her", "the", "the", "this", "i", "from", "every", "except", "behind", "beyond", "that", "that\u2019s", "my", "where", "until", "then", "i", "instead", "to", "seismoluminescence", "the", "jibo", "jibo", "thought", "but", "you", "what", "every", "the", "loads", "the", "russell", "everything", "me", "joaquin", "every", "the", "nobody", "every", "more", "everybody", "corruption", "assassin", "the", "history", "my", "till", "prepare", "the", "come", "now", "do", "would", "come", "how", "sabotage", "the", "destruction", "there", "the", "they\u2019ll", "you", "caesar", "zeus", "the", "you", "you", "our", "the", "romulus", "the", "blood", "the", "peace", "i", "yo", "they", "says", "now", "the", "the", "surrounded", "everybody", "plagued", "the", "we", "we", "we", "for", "we", "we", "the", "we", "and", "now", "we", "you", "i", "god", "you", "all", "you", "it", "every", "time", "then", "it\u2019s", "everything", "you", "and", "and", "armies", "fuckin\u2019", "police", "horses", "gladiators", "we", "leave", "the", "the", "the", "find", "it\u2019s", "welcome", "entrance", "now", "we", "this", "close", "you", "welcome", "do", "city", "with", "roman", "\u2018cause", "full", "bombs", "18", "\u2018cause", "2016", "one", "one", "one", "motherfucker", "you", "livin\u2019"], "griffin": ["tand"], "to": ["a", "me", "load", "the", "the", "respond", "arm", "try", "they", "do", "kick", "gibraltar", "the", "shoulder", "face", "my", "breathe", "the", "eat", "call", "that", "be", "mention", "piss", "kill", "let", "let", "rise", "something", "a", "let", "let", "let", "let", "use", "spit", "listen", "admit", "the", "alaska", "be", "send", "rewrite", "keep", "the", "say", "the", "the", "the", "the", "create", "the", "the", "the", "never", "know", "human", "mock", "my", "the", "the", "the", "the", "enter", "the", "alaska", "be", "send", "rewrite", "keep", "the", "say", "the", "the", "the", "the", "create", "the", "the", "the", "never", "know", "respect", "your", "bear", "invade", "a", "do", "the", "black", "repent", "breathe", "lead", "stop", "learn", "forget", "do", "gold", "the", "chrome", "the", "the", "you", "recoup"], "woman": ["trying", "with", "trying", "with"], "song": ["of", "of"], "far": ["passed", "passed"], "fat": ["master"], "focus": ["strains", "strains"], "fall": ["off"], "ticket": ["for"], "heaven": ["for"], "marvellous": ["artisan"], "streets": ["this", "battle", "beatin\u2019"], "past": [" ", " ", " ", " ", " ", " ", " ", " ", " ", " ", " ", " ", " "], "zero": ["to", "one", "instead", " "], "pass": ["around", "around"], "there\u2019ll": ["never"], "casual": ["till"], "what": ["to", "i\u2019m", "you", "your", "does", "happens", "i", "you", "you", "they", "you", "your", "does", "happens", "i", "you", "they", "is", "happened", "we", "to", "you", "you"], "stood": ["to"], "sun": ["smolders"], "burgundy": ["fire"], "saruman": ["soldiers"], "learned": ["the", "the"], "racing": [" "], "guns": ["and"], "full": ["equipped"], "laotzu": ["along", "along"], "hasa": ["and"], "answers": [" ", " "], "hours": ["and"], "tracks": ["one"], "relaxation": [" "], "directions": ["at", "at"], "november": ["remember"], "iraq": ["stress"], "losses": [" "], "amount": ["to"], "pick": ["a"], "countin": ["33"], "selfadministered": ["apple"], "family": ["opera"], "suddenly": ["at"], "put": ["with"], "vip": ["as"], "armed": ["forces"], "sensors": ["for"], "mahabharat": [" "], "revelation": ["seven"], "pourin\u2019": ["wines"], "pearl": ["harbors"], "minor": ["marijuana"], "contours": [" ", " "], "horses": [" ", "and", " "], "flat": ["with"], "door": ["and"], "knows": ["what"], "grabbing": [" ", " "], "kerosene": ["rivers"], "science": ["was", "was"], "chisel": ["chopper"], "clergy": ["on"], "learn": ["the", "learn", " "], "history": ["as", "falls"], "beautiful": ["description"], "states": ["real"], "climates": [" "], "numbers": [" "], "sense": ["now", "now"], "sharp": ["silver", "thinker"], "axis": [" ", " "], "needs": ["gas"], "reject": ["now", "now"], "tried": ["to"], "adventure": [" "], "coming": ["in"], "a": ["verse", "sniper", "german", "bitch", "kevlar", "catch", "sling", "horseman", "horseman", "limp", "pot", "horseman", "horseman", "horseman", "horseman", "horseman", "horseman", "thunder", "cold", "horseman", "horseman", "horseman", "horseman", "whole", "business", "cup", "black", "winged", "white", "camel", "phantom", "prison", "square", "barbarous", "message", "lie", "reptile", "whispering", "crowd", "week", "nation", "check", "trip", "place", "parallel", "ticket", "circle", "really", "prison", "square", "barbarous", "message", "lie", "reptile", "whispering", "crowd", "week", "warrior", "knife", "slave", "art", "trillion", "favorite", "shit"], "dragon": ["rome"], "media": [" ", " ", " ", " ", " ", " "], "winged": ["griffin"], "essence": ["the", "the", "the", "the", "the", "the", "the", "the", "the", "the", "the", "the", "the"], "soon": ["as"], "through": ["my", "his", "wireless", "seven", "a", "wireless", "espionage", "the"], "cabana": ["cut"], "lasers": [" ", " "], "existence": ["immune"], "its": ["all", "all"], "style": [" ", " ", "rome"], "22": ["2s", "like"], "hounds": ["of"], "late": ["to"], "sauce": [" ", "outta"], "good": ["karma", "times"], "yo": ["in", "ayo", " ", " ", "i"], "ya": [" ", "collagen"], "skipper": ["to"], "foot": ["style"], "ninja": ["sharp"], "feet": ["and", "like", "not"], "2s": [" "], "always": ["clear", "truthful"], "courses": ["for"], "week": ["ago", "ago"], "chopper": [" ", "chapters"], "house": ["basement"], "hard": ["feats"], "fist": [" "], "quantum": ["questions", "answers", "questions", "answers"], "infinity": ["c0mpl3x"], "beyond": ["the", "the"], "caligula": [" "], "really": ["nice", "beautiful", "nice"], "flower": ["hide"], "surrounded": ["by"], "research": [" "], "acting": [" ", " "], "hill": ["arrow"], "ass": ["with", "feet", "in"], "motherfucker": ["is", "and", "this"], "backed": ["by"], "sauna": [" "], "luger": ["regulation"], "castle": ["hill"], "pilots": [" "], "dont": ["fear"], "feel": ["better"], "transcendence": ["this"], "done": ["a", "a", "to"], "blank": ["shots"], "allseeing": ["eyes"], "horse": ["shoe"], "airborne": ["flippers"], "regulation": [" "], "omnipresent": ["light"], "gibraltar": [" "], "passed": ["that", "that"], "syllables": ["chill"], "kasbergs": ["that", "that"], "zeus": ["will"], "convinced": [" "], "obama": [" "], "king": ["crabber", "crabber"], "gazin\u2019": ["constellations"], "performers": [" ", "expected", "expected"], "monger": ["wearin\u2019"], "toe": ["marvellous"], "outta": ["gog"], "c0mpl3x": ["computer"], "organs": ["3"], "lie": [" ", " "], "cardigan": [" "], "\u201cmade": ["in"], "camouflage": ["feathers"], "lit": ["up"], "caesar": ["will"], "judas": ["iscariots"], "eggs": ["hasa"], "most": ["special"], "darts": ["through"], "nothing": [" ", "else", "else"], "won\u2019t": [" ", " ", "know"], "clear": ["cut"], "sometimes": [" "], "clean": ["up", "the"], "elevatin\u2019": ["shaft"], "gold": ["or", "iris", "this", "standard"], "rtj": ["what", "ii"], "session": ["tracks"], "find": ["it", "concubines"], "giant": ["smoke"], "markoff": [" "], "sacrilege": [" "], "failed": ["in", "to"], "breakdancing": [" ", " "], "circle": ["till"], "hip": ["hop"], "his": ["limbs", "cardigan", "heart", "tent"], "hit": ["me", "ya", "the"], "basement": [" "], "silk": ["row"], "enemy": ["is"], "contagious": [" "], "kill": ["33", "em", " ", "you"], "relentless": ["research"], "bars": ["but", " ", "could", "could"], "set": ["the"], "art": ["dart", "form", "rome"], "cynical": ["to"], "creator": ["of", "of"], "sex": ["with"], "culture": [" "], "see": ["me", "armies", "the", "the", "imperial"], "bare": ["foot"], "ravana": ["ashwathama"], "close": ["orbit", "your"], "nations": ["and", "and"], "arm": [" ", "in"], "knees": [" "], "matter": ["if", "if"], "tolls": ["don\u2019t"], "probably": ["rem", "won\u2019t", "won\u2019t"], "burned": ["burned", " "], "corruption": ["is"], "kneel": ["kiss"], "piss": ["in"], "sold": ["this"], "bronze": ["i", "master", "master"], "last": ["toll", "supper"], "roman": ["source", "government"], "whole": ["nother", "worlds"], "load": ["my"], "flies": ["life", "life", "life", "this"], "point": ["blank", "is"], "simple": ["wisdom"], "hollow": ["man"], "goats": ["off", "off", "off", "off", "off"], "belt": ["flows"], "platinum": ["whims"], "passin\u2019": ["it"], "create": ["a", "parallel", "change", "parallel", "change"], "whom": ["the"], "secret": ["service"], "describes": ["a"], "change": [" ", " "], "woke": ["up"], "fire": ["water"], "citizen": ["you"], "gas": ["masks"], "else": ["just", "just"], "lives": [" "], "replaces": ["engineers", "engineers"], "straight": ["to"], "omnidirectional": ["blunts", "blunts"], "chariots": ["and", "rome"], "engineers": ["for", "for"], "secluded": ["survivor"], "10000": ["bars", "bars"], "rip": ["the", "the", "the"], "rulers": ["with"], "obstacle": ["courses"], "lodged": ["and"], "kings": ["sacrilege"], "funny": ["or"], "shorter": [" "], "cumulus": ["cloud", "climber"], "used": ["to"], "illest": ["mc"], "flows": ["to"], "crucible": ["will", "will"], "task": ["force"], "kraken": ["rome"], "eatin\u2019": ["green"], "verlander": ["slider"], "howl": ["at"], "historians": ["are", "are"], "pigeons": [" "], "aroma": ["atomic"], "atomic": ["my", "verlander"], "questions": ["require", "require"], "praying": ["for", "for"], "wage": ["wars"], "cut": ["but", "your"], "cup": ["of"], "calibre": ["mossberg"], "source": ["patrol"], "plateau": ["de"], "heaven\u2019s": ["gate"], "finder": ["secluded"], "march": ["3rd", "till", "till"], "forces": ["for"], "wookies": ["in"], "big": [" ", "booty", "booty", "dreams"], "feelin\u2019": ["it"], "jibo": ["replaces", "jibo", "ni", "super", "replaces", "jibo", "ni"], "lost": ["souls", " ", " "], "shaped": ["planet", "poet", "planet", "poet"], "snowboard": ["paraffin", "paraffin"], "valleys": ["rome"], "33rd": ["degree", "degree", " "], "senate": ["will"], "fathers": ["conscious"], "creation": ["it\u2019s"], "some": ["mad", "kittens", "rob"], "back": ["door", "in", "to"], "couldn\u2019t": ["buy"], "streaming": ["download", "download", "download", "download", "download"], "lips": ["sag"], "bodhidharma": ["body"], "pale": ["moonlight", "moonlight"], "ourselves": ["selves"], "prajna": ["samsara"], "irresistible": ["force", "force"], "religion": ["like"], "pen": ["stay", "drill"], "fragments": [" "], "invade": ["rome"], "porridge": [" "], "be": ["gone", "a", "honest", "another", "romantic", "the", "buried", "too", "romantic", "the", "buried", "too", "this", "the", "merry", "happy", "done"], "run": ["shit"], "ba": ["baracus"], "300": ["bars"], "kunis": [" ", " "], "hostages": ["started"], "jetson": [" "], "by": ["a", "steve", "a", "breakin\u2019", "a", "gold", "homosexual", "sickness"], "hatchet": ["culture"], "wanna": ["be"], "bleeds": ["from"], "seeing": ["mila", "mila"], "into": ["fragments"], "within": ["a"], "lesson": [" ", " ", " ", " ", " ", " ", " ", " ", " ", " "], "whims": [" "], "live": ["like"], "long": [" "], "translate": ["speech"], "melodic": [" "], "inches": ["away"], "boys": ["and"], "doin\u2019": ["muy", "the"], "line": ["again"], "junior": ["jetson"], "posted": ["up"], "up": ["like", "with", "like", "like", "like", "like", "and", "the", "and", "in", "your", "in"], "us": ["all", "all", "be"], "planet": [" ", "pyramid", "centre", " ", "pyramid"], "uh": [" "], "planes": [" ", " "], "bell": ["tolls"], "constant": ["garden"], "single": ["motherfucker"], "phantom": ["curve", "limb"], "hummers": ["a"], "nah": ["the"], "peace": ["the", "to", "they"], "backs": ["on"], "politicians": ["touchin\u2019"], "swirl": ["diamonds"], "\u2018em": [" "], "deviate": ["according", "according"], "mock": ["a"], "nice": ["when", "when"], "liners": [" "], "dragnet": ["your"], "cobblestone": ["bitches"], "meals": ["just"], "mood": ["is"], "ago": [" ", " "], "land": [" ", " ", " ", " ", " "], "pedestrians": ["lay"], "age": ["of"], "youtube": [" "], "orbit": [" "], "scream": ["\u201crun"], "cooked": ["meals"], "waxing": ["like", "like"], "karma": ["will"], "uterus": ["finder"], "once": [" ", " "], "code": ["displayed", "displayed"], "tombs": ["of", "of"], "steve": [" "], "go": ["blaze", "commit"], "young": ["and"], "send": ["a", "a"], "campfire": ["concert"], "blaze": ["my"], "sent": ["me"], "sniper": ["from"], "uploaded": ["any", "any"], "garden": ["mixed"], "babysittin\u2019": ["some"], "wipe": ["my"], "exits": ["back"], "knight": ["satellite"], "button": ["if", "if"], "try": ["nothin"], "travelin\u2019": ["through", "we"], "game\u201d": [" ", " "], "booty": ["bitch", "bitch"], "rivers": [" ", " "], "jump": ["out"], "video": [" ", " ", " ", " ", " "], "picked": ["off"], "download": ["digital", "digital", "digital", "digital", "digital"], "click": ["the", "the"], "sonogram": [" "], "3s": [" "], "body": ["armor"], "degree": ["in", "burns"], "packing": ["king", "king"], "let": ["entertain", "entertain", "entertain", "entertain", "entertain", "entertain", "us", "another"], "sing": ["rome"], "touchin\u2019": ["kids"], "extreme": ["prajna"], "vinegar": [" "], "great": ["adventures", "beast"], "engage": ["multiple"], "talent": ["force", " ", " "], "survivor": [" "], "33": ["lines", "works", "of", "days", "3s", "calibre", "gunshots", " ", "squad", "million", " ", "minutes", " ", "lives", "yards", "3slyrics"], "alaska": [" ", " "], "spices": ["to"], "makes": ["sense", "me", "sense", "some"], "thats": ["just"], "named": ["hamlet", "hamlet"], "apple": ["cider"], "clark": ["had"], "limp": [" "], "330": ["on"], "duck": ["sauce"], "limb": [" "], "clockwise": [" "], "tools": ["session"], "roaming": ["empire", "remorseless"], "cloud": ["in"], "cha": ["cha", "dressed"], "use": ["helio"], "from": ["33", "my", "the", "youtube", "every", "the", "the", "the", "heaven\u2019s", "golden", "the", "the", "the", "the", "the", "drone", "zeus\u2019", "one"], "chi": [" "], "parkin\u2019": ["lot"], "next": ["doctor", "lesson", "lesson", "lesson", "lesson", "to", "lesson", "lesson", "lesson", "lesson", "lesson", "to", "lesson", "rome"], "marchin\u2019": ["to"], "he\u2019s": ["a", "a"], "phallus": ["elevatin\u2019"], "breakin\u2019": ["white"], "started": ["my", "to", "cryin", "wildin", "uprisin", "freestylin", "rhymin"], "becomes": ["the", "the"], "confused": ["this"], "train": ["of"], "antichrist": ["rise"], "harvest": ["my"], "women": ["and", "catchin\u2019"], "this": ["mic", "art", "is", "is", "is", "mantis", "is", "is", "mantis", "is", "is", "is", "is", "is", "is", "is", "is", "is", "is", "is", "is", "is", "upon", "happened", "country", "is", "is", "is", "is", "is", "is", "is", "is", "is", "is", "is", "modern", "is", "is"], "ride": ["we"], "drill": ["doin\u2019", "darts"], "of": ["33", "my", "the", "the", "the", "3", "the", "them", "em", "masons", "the", "cobblestone", "the", "giant", "all", "all", "cornmeal", "9foot", "all", "all", "all", "ravana", "my", "thought", "the", "our", "unknown", "four", "the", "man", "a", "sound", "one", "god\u2019s", "greatness", "omnipresent", "our", "unknown", "four", "the", "man", "a", "sound", "one", "ass", "the", "law", "hell", "death", "the"], "didnt": ["know"], "control": [" ", "of", "of", "of", "the", "of", "of"], "patrol": ["off"], "providers": [" "], "lizard": ["in"], "high": ["cliffs"], "slit": ["ya"], "tag": ["says"], "something": [" "], "bones": ["that", "into"], "tai": ["chi"], "lamb": [" ", " ", " ", " ", " "], "they\u2019ll": ["walk"], "guru": [" "], "forest": [" "], "instead": ["of", " ", "of", " "], "sin": ["go"], "that\u2019s": ["why", "what", "as", "the", "what", "as", "the", "all"], "\u201cafter": ["death"], "stop": ["chemtrails"], "waters": ["screws"], "masks": ["to"], "tongue": ["off"], "autograph": ["a"], "light": ["dmmers", " ", " ", " "], "sit": ["around"], "lines": ["to"], "kodiak": ["radio", "radio"], "move": ["tragic", "down"], "produced": ["was", "was"], "horns": ["and"], "immune": ["to"], "ships": ["it\u2019s"], "vicu\u00f1as": [" ", " "], "blatant": [" "], "degrees": ["i"], "choose": ["to", "to", "to", "to", "to", "to"], "orange": ["the"], "2016": ["rulers"], "adlib": ["bridge"], "material": ["world"], "mention": ["there\u2019s"], "kiss": ["the"], "hands": [" ", " "], "front": ["of", "of"], "transparent": ["as", "as"], "worlds": ["media", "media", "media", "media", "media", "media"], "cider": ["garlic"], "truth": [" ", " ", "they"], "shortage": ["makes"], "bills": ["rome"], "globe": [" "], "our": ["human", "human", "prophets", "heaven", "bills", "backs"], "84": [" ", " "], "out": ["of", "of", "the", "in", "rome", "till", "what", "their"], "populace": ["from"], "armor": [" ", " ", "armed"], "rem": [" "], "we\u2019re": ["saruman"], "cause": ["every", "every"], "perish": ["with"], "wines": ["this"], "graze": ["like", "like", "like", "like", "like"], "bleed": ["metal"], "mainland": ["wall", "wall"], "her": ["pussy", "owner", "mouth", "mouth"], "could": ["do", "do", "unfold", "never", "never", "unfold", "never", "never"], "timer": ["for"], "times": ["are", "are"], "south": [" ", " "], "collagen": ["hologram"], "iscariots": ["rome"], "scene": [" "], "jesus": ["crib\u201d", "feet"], "bitch": ["until", "grabbing", "grabbing"], "owner": [" ", " "], "horseman": ["graze", "he\u2019s", " ", "he\u2019s", " ", "graze", "priest", " ", "priest", " ", "graze", "priest", " ", "priest", " "], "management": ["guru"], "unknown": ["types", "types"], "immovable": ["thought", "thought"], "attack": ["me"], "spaceship": [" "], "boil": ["blood"], "shell": ["dumpers", "providers"], "stomach": ["digest"], "doomed": ["to", "to", "rome"], "nobody": ["knows"], "slider": ["shell"], "rickshaw": ["nigga"], "elite": ["scream"], "ricocheted": ["off"], "neck": ["rome"], "steel": [" ", "post"], "spitter": ["thought"], "submitted": ["by"], "are": ["shorter", "you", "doomed", "you", "doomed", "over", "so", "told", "told"], "drunk": ["in"], "enforcer": [" "], "have": ["sex", "no", "now"], "need": ["translate"], "st": ["lucian"], "rearranged": [" "], "mic": ["just"], "mix": ["worth"], "sprinkled": ["with"], "worldwide": ["hunk"], "centre": [" "], "who": ["get", "they", "they", "they", "they", "they", "they", "time"], "petals": ["coma"], "why": ["this", "you", "would", "is", "do", "and", "is", "do", "and"], "disease": ["disease", " "], "face": ["to", "we\u2019re"], "wounded": ["or"], "fact": ["i", "states"], "recess": ["now"], "baracus": ["a"], "chapters": ["montego"], "hamlet": [" ", " "], "bring": ["it"], "soldiers": [" ", "on"], "fear": ["nothing", "rome"], "knowledge": ["hip"], "planted": ["platinum"], "dodge": ["the"], "insight": ["from", "from"], "monuments": ["inside"], "rewindin": ["and"], "massacre": ["like"], "bear": ["against", "rome"], "beam": ["from"], "ones": ["rights", "they", "rights", "they"], "smash": ["it"], "uprisin": [" "], "tammuz": ["kingu", "kingu"], "hemispheres": ["create", "create"], "rappin\u2019": ["rome"], "futuristic": ["super"], "widow": ["spider"], "cruise": ["acting", "acting"], "humans": ["are"], "we": ["chop", "drill", "chop", "chop", "dodge", "laugh", "dash", "chop", "chop", "took", "had", "like", "gon\u2019", "so", "so", "have", "brought", "got", "traded", "failed", "cared", "never", "gon\u2019", "deserve", "turned", "got", "all", "ain\u2019t", "talkin\u2019", "livin\u2019", "don\u2019t"], "freeze": [" "], "computer": ["canibus", "mix"], "swines": ["this"], "nuclear": ["bomb"], "state": ["on"], "closed": ["doors", "doors"], "sabotage": ["through"], "tent": ["rome"], "job": ["shortage"], "merry": ["and"], "titties": ["hang"], "figured": ["if"], "minds": ["and", "and"], "strains": ["to", "to"], "admit": ["you"], "swim": ["in"], "jersey": ["on"], "escapin\u2019": ["the"], "wall": [" ", " "], "walk": ["on", "with", "around"], "carver": ["pearl"], "laugh": ["as"], "whispering": ["loud", "loud"], "respect": ["rome"], "god\u2019s": ["favorites", "word"], "kingu": ["and", "and"], "germaine\u2019s": ["dna", "dna"], "poet": ["named", "named"], "homosexual": ["men"], "am": ["now", "jibo", "fateful", "dr"], "goddess": ["ovaries"], "general": ["is"], "present": ["my", "what\u2019s", "what\u2019s", "what\u2019s", "what", "what\u2019s", "that\u2019s", "the", "what\u2019s", "what\u2019s", "what\u2019s", "what", "what\u2019s", "that\u2019s"], "homes": ["this"], "will": ["host", "scavenge", "amount", "be", "be", "take", "have", "release", "flood", "be", "perish", "not", "rise", "be"], "comets": ["cigarillos"], "ringing": ["from"], "blood": ["in", "sweat", "will"], "against": ["the"], "whore": ["your"], "radiation": [" "], "cross": ["the"], "matthew": ["markoff"], "lyricists": ["from"], "party": ["and", "and"], "gets": [" "], "injured": ["i"], "practice": ["extreme"], "slave": ["rome", "populace"], "absorb": ["it"], "drink": ["rome"], "upon": ["ourselves"], "automation": [" "], "beast": [" ", "this", "dies"], "expand": ["then", "then", "then", "then", "then"], "destruction": ["of"], "off": [" ", " ", "the", "the", "tendons", "the", "the", " ", "the", "the", "with", "no", "on"], "dock": ["with"], "i": ["write", "created", "started", "figured", "could", "started", "demanded", "was", "gave", "saw", "told", "didnt", "started", "tried", "got", "rest", "stole", "go", "bone", "swim", " ", "clutch", "shoot", "stuck", "dismount", "drop", "am", "need", "write", "was", "selfadministered", "did", "got", "care", "care", "sit", "absorb", "see", "care", "care", "care", "like", "move", "promise", "ride", "planted", "keep", "was", "never", "never", "stand", "was", "been", "was", "aim", "pass", "was", "am", "couldn\u2019t", "don\u2019t", "don\u2019t", "find", "beam", "promise", "arge", "am", "am", "keep", "was", "never", "never", "stand", "was", "been", "was", "aim", "pass", "was", "sing", "speak", "don\u2019t", "cried", "just"], "well": ["rome"], "thought": ["it", "ninja", "robbers", " ", "i", " ", "i"], "drone": ["ships"], "yangtze": ["to", "rtj", "to"], "audio": ["television", "television", "television", "television", "television"], "stout": ["i"], "cried": ["out"], "camel": ["toe"], "percent": ["of"], "mennonite": ["language"], "stored": ["cybernetics", "cybernetics"], "spells": ["spells", " "], "headed": ["dragon"], "sky": ["this"], "day": ["in", "84", "84"], "\u201cit\u2019s": ["time", "time"], "crack": ["soul"], "balloons": ["stomach"], "kick": ["300", "you"], "samsara": ["this"], "crib\u201d": [" "], "government": ["one"], "five": ["percent"], "know": ["what", "you", "you", "now", " ", "what", "now", " ", "what"], "zeus\u2019": ["fist"], "doorways": ["and", "and"], "like": ["gods", "jim", "the", "swingin\u2019", "bullets", "dwight", "goats", "lamb", "lizard", "goats", "lamb", "goats", "lamb", "hot", "goats", "lamb", "goats", "lamb", "garlic", "dhy\u0101na", "zulu", "to", "to", "hyenas", "a", "city", "hollow", "me", "a", "tom", "under", "one", "tom", "under", "one", "me", "how", "i", "this", "this", "rome", "rome", "rome", "rome"], "excluding": ["the", "the"], "works": [" "], "nigga": ["uh", " "], "feast": ["you"], "holler": ["at"], "home": [" ", "cooked"], "empire": ["state", "underneath"], "happens": ["when", "when"], "lead": ["rome"], "mines": ["this"], "does": ["it", "it"], "conveyer": ["belt"], "host": ["the"], "iris": [" "], "about": [" ", "our"], "cliffs": [" "], "universe": ["bleeds"], "dependence": [" "], "sweat": ["and"], "tomb": ["rome"], "emperor": ["has", "now"], "jahmenll": ["fight"], "owl": ["with"], "reptile": ["woman", "woman"], "own": ["thing"], "mossberg": [" "], "pussy": ["lips"], "promise": ["piranhas", "you"], "descriptions": ["deviate", "deviate"], "mississippi": ["south", "south"], "rushed": ["to"], "imperial": ["police"], "joaquin": ["phoenix"], "buy": [" "], "bitches": ["i"], "but": ["i", "it", "dont", "i", "only", "there\u2019s", "i", "don\u2019t", "only", "there\u2019s", "we"], "plague": ["like", "is"], "pleebs": ["out"], "beat": [" ", "master"], "eat": ["for"], "he": ["probably", "pro"], "made": ["of", "you"], "wise": ["old"], "official": ["employers"], "placed": ["flat"], "below": ["its", "its"], "piece": ["of"], "minutes": ["to", "long"], "supreme": ["knowledge"], "plaques": ["but"], "spell": ["cumulus"], "dressed": ["like"], "45": ["horse"], "boot": ["marks", "marks"], "germaine": ["super", "rome"], "book": ["a"], "special": [" "], "illusion": ["is"], "star": ["gazin\u2019", "rome"], "traumatic": [" "], "voicebeckon": ["you"], "stay": ["in"], "friends": ["come", "come"], "carryin\u2019": ["chrome"], "ghost": ["lasers", "lasers"], "pestilence": ["and"], "rule": ["of"], "understand": ["what", "even", "even"]}