{"all": ["the", "the", "my", "my", "my", "my", "my", "my", "my", "my", "my", "my", "my", "my", "kinds", "kinds", "wanna", "they", "they"], "code": ["is"], "chain": ["away"], "celebratelyrics": ["submitted"], "alleyways": [" "], "global": ["focal"], "layaway": [" "], "sleep": [" "], "ice": ["cold"], "cursin": ["fast"], "go": ["to", "on", "on", "how", "on", "on", "pro", " ", " ", "uh", "uh", "uh"], "bomb": ["rocks"], "chair": ["and"], "hate": ["at"], " ": ["im", "everybody", "throw", "yeah", "im", "and", "and", "caz", "im", "live", "representen", "see", "when", "on", "thought", "them", "brought", "now", "now", "how", "you", "yeah", "and", "you", "i", "when", "its", "everybody", "throw", "yeah", "im", "and", "and", "caz", "im", "your", "my", "so", "sorry", "spot", "slow", "well", "she", "when", "this", "like", "now", "i", "my", "and", "a", "and", "she", "since", "everybody", "throw", "yeah", "im", "and", "and", "caz", "im", "as", "unzip", "i\u2019ll", "a", "i", "the", "brah\u2019s", "yeah", "everybody", "throw", "yeah", "im", "and", "and", "caz", "im", "everybody", "and", "it", "and", "i", "a", "so", "cause", "we", "exotic", "fly", "we", "on", "chi", "girls", "bottles", "and", "celebrate", "some", "lit", "everybody", "and", "it", "and", "i", "a", "so", "cause", "in", "my", "this", "tonight", "beaming", "i", "look", "married", "now", "you", "smoke", "hustlas", "everybody", "and", "it", "and", "i", "a", "so", "cause", "ah", "for", "wait", "told", "put", "ah", "my", "we", "im", "its", "bills", "party", "weve", "know", "cmonn", "everybody", "and", "it", "and", "i", "a", "so", "cause", "celebrate", "walk", "champagne", "headed", "walk", "i", "niggas", "im", "stay", "what", "that", "stayed", "learned", "i", "wars", "born", "open", "boys", "the", "my", "this", "thats", "pinot", "im", "so", "they", "i", "yo", "walk", "champagne", "headed", "walk", "hit", "ay", "tryna", "tryna", "tryna", "bars", "raw", "evolve", "read", "niggas", "in", "ive", "you", "the", "moments", "my", "look", "imma", "im", "climbing", "to", "47", "jewels", "dreams", "between", "reminiscing", "im", "way", "i", "had", "older", "said", "real", "slang", "but", "but", "i", "the", "catch", "catch", "weed", "like", "or", "the", "got", "when", "the", "played", "so", "i", "just", "a", "and", "im", "i", "hey", "or", "because", "already", "already", "already", "i", "right", "we", "so", "sell", "my", "my", "that", "its", "i", "i", "i", "i", "when", "its", "what", "i", "you", "cuz", "to", "mic", "girl", "turn", "hey", "or", "because", "already", "already", "already", "i", "some", "some", "u", "and", "and", "her", "and", "we", "and", "and", "u", "we", "we", "girl", "im", "i", "i", "when", "its", "hey", "or", "because", "already", "already", "already", "i", "come", "to", "we", "jobs", "hey", "or", "because", "already", "already", "already", "i", "all", "thats", "this", "beat", "southside", "act", "body", "i", "aint", "this", "some", "girl", "freakn", "im", "this", "ive", "from", "this"], "tearing": ["ya", "ya", "ya"], "imma": ["ride", "be"], "flash": [" "], "ego": [" "], "to": ["the", "announce", "the", "the", "the", "hip", "announce", "the", "the", "the", "announce", "the", "the", "jail", "announce", "the", "the", "hoop", "the", "validate", "you", "the", "shine", "fly", "the", "moppin", "define", "signify", "live", "find", "the", "the", "87", "the", "hit", "get", "day", "day", "day", "bring", "fly", "punch", "do", "make", "be", "be", "fly", "bed", "ya", "volley", "make", "reup", "end", "fly", "punch", "fly", "melodic", "strip", "take", "toast", "the", "coast"], "taim": ["me"], "regal": ["for"], "lord": [" "], "sorry": ["mr"], "pride": ["and"], "fly": ["we", "call", " ", " ", " ", " ", " ", " ", " ", " ", " ", " ", " ", " ", "on", " ", " ", " ", " ", " ", " ", "shit"], "unzip": ["the"], "far": ["we", "been"], "end": ["the", " "], "heard": ["the"], "every": ["niggy", "way", "day", "way", "day", "way", "day"], "fullest": [" "], "screaming": ["oh"], "serdumption": [" "], "fad": ["im"], "tickets": ["is", "is", "is", "is"], "beating": ["all"], "clouds": ["they"], "knockin": ["no", "no"], "stiff": ["get"], "die": [" ", "man"], "marry": ["me"], "chardonnay": [" "], "brother": ["gang"], "team": ["on"], "round": [" ", " ", " ", " "], "yall": ["react"], "gang": ["bang"], "porn": ["play"], "streets": ["i", " "], "zero": [" "], "cost": ["100"], "pour": ["it"], "air": [" "], "shining": ["til"], "even": ["on"], "what": ["da", "more", "i", "i", "ya", "make", "i", "ya", "ya", "ya"], "chicago": ["on"], "giving": ["conscious", "me", "me", "me", "me"], "freakn": ["shaken"], "crush": ["on"], "lights": ["come"], "indian": ["peace"], "goes": ["fast", "coast"], "new": ["year", "shit", "shit", "shit", "shit", "shit", "shit"], "net": ["like"], "eazye": ["though"], "told": ["you"], "body": ["in", " ", "and", "moven"], "aint": ["nobody", "nobody", "nobody", "so", "nobody", "a", "a", "no", "a"], "hero": ["that"], "chose": ["to"], "fr\u00edo": [" "], "get\u2019s": ["stiff"], "kicken": ["us", "us", "us", "us"], "compilation": [" "], "never": ["living", "fade", "been"], "punch": [" ", "the"], "here": [" ", " "], "hundreds": [" "], "refinement": [" "], "representen": ["shaw"], "sink": ["got"], "100": [" "], "wait": ["til"], "boy": ["we", "im"], "silliam": [" "], "galactic": [" "], "bom": ["biggabom", "biggabom", "biggabom", "biggabom", "biggabom", "biggabom"], "smoke": ["blowing"], "dre": ["triple"], "thats": ["ice", "behind", "hard", "my", "all"], "love": ["her", "the"], "campaign": ["poppin", "poppin"], "feelings": ["never"], "brought": ["them", "us", "us"], "put": ["my", "the", "ya"], "bra": ["from"], "everybody": ["id", "id", "id", "id", "home", "home", "home", "home", "with", "with"], "fed": [" "], "eye": [" ", " ", " ", " ", " "], "chi": ["niggas"], "played": ["the"], "throw": ["your", "your", "your", "your"], "live": ["from", "it", "it"], "call": ["up", "me", "me", "me", "me", "me"], "type": ["nuclear", "of", "of", "to", "of"], "tell": ["your", "your", "your", "your"], "today": [" "], "more": ["whips", "stacks", "can"], "shine": ["you", "tomorrow"], "benz": ["leaning"], "door": ["and", "and"], "relax": ["with"], "wars": ["about"], "glass": ["up", "see"], "warm": ["day"], "everywhere": ["for"], "baby": [" ", " ", " ", " ", " ", " ", " ", " ", " ", " ", "now", " ", " ", " ", " ", " ", " ", " ", "go", "go", "go", "go", "am", "am", " ", " ", "am", "am"], "cases": [" "], "hold": ["it"], "glad": ["you"], "me": ["in", "and", "chills", "you", " ", " ", "mobbin", "the", " ", "mobbin", " ", "diamond", "and", "off", "in", "the", "the", "com", "the", "daddy", "big", "the", " ", "the"], "caz": ["this", "this", "this", "this"], "word": ["cant"], "niggas": ["around", "around", "around", "stand", "around", "around", "around", "come", "around", "around", "around", "move", "around", "around", "around", "gotta", "thats"], "this": ["is", "till", "is", "one", "rap", "is", "till", "is", "i", "is", "till", "is", "is", "till", "is", "raw", "on", "bra", "out", "money", "thing", "is", "is", "is", "is", "is", "age", "way", "is", "is"], "science": ["power"], "ride": ["this", "down"], "work": ["even"], "babylyrics": ["submitted"], "crossed": ["my"], "can": ["push", "call", "i", "go", "inhale", "take", "read", "call", "tight", "hold", "fly", "strip"], "mr": ["william"], "knocked": ["and", "uh", "and", "girl"], "my": ["momma", "feast", "bitch", "name", "rose", "dick", "back", "niggas", "niggas", "niggas", "niggas", "niggas", "niggas", "paul", "guys", "niggas", "niggas", "niggas", "money", "team", "niggas", "niggas", "niggas", "niggas", "campaign", "born", "man", "bars", "pr", "salary", "campaign", "time", "piece", "partner", "dame", "combination", "favorite", "uh", "uh", "show", "patients", "futures", "way"], "control": ["now", "now", "now"], "crazy": [" ", " ", " ", " "], "transition": [" "], "thirsty": ["niggers"], "give": ["me"], "lobbying": ["spanish"], "lock": ["some"], "slim": ["shady"], "fuck": ["the"], "biggabigga": ["bom", "bom", "bom"], "days": [" "], "high": [" "], "brah\u2019s": ["say"], "his": ["transition", "chain", "game"], "want": ["it", "more", "to", "it"], "partner": ["like"], "dress": [" "], "veuve": ["pop"], "court": ["beating"], "sit": ["back"], "means": ["to"], "stayed": ["on"], "everyday": ["till"], "thumbing": ["through"], "how": ["they", "far", "to"], "hot": ["baby"], "hop": ["baby", " ", "baby", "baby", "baby"], "botax": ["baby"], "beach": [" "], "mas": ["venac"], "ft": ["was"], "tried": ["a"], "spot": ["to"], "reflect": ["clarity"], "langley": [" "], "philosopha": ["on"], "coming": ["type"], "drastic": ["butts"], "coast": ["to", "dont"], "guys": ["i"], "shaw": ["town"], "cuddling": ["backwards"], "conscious": ["headlights"], "shady": [" "], "doctor": ["i"], "lines": ["hard"], "hypnotic": ["superherorow"], "reminiscing": ["when"], "sh": ["my"], "jail": ["but"], "fuckin": ["voices"], "allow": ["me"], "order": [" "], "macks": ["and"], "wine": [" "], "chicks": ["exotic"], "babang": ["babang", "bang", "babang", "bang", "babang", "biggabigga", "babang", "bang", "babang", "bang", "babang", "bang", "babang", "biggabigga", "babang", "bang", "babang", "bang", "babang", "bang", "babang", "biggabigga", "babang", "banglyrics"], "move": ["work", "your", "robotic", "your", "your"], "top": ["babyx3", "baby", "baby", "baby", "baby", "50", "baby", "baby", "of", "baby", "babylyrics", "mlk", "and"], "paper": ["til", "pussy"], "through": ["a", "the", "all"], "signs": ["to", " "], "cold": ["like"], "still": ["love"], "its": ["just", "new", "gonna", "a", "slippery", "when", "home", "the", "about", "3pm", "calling", "that", "calling", "that", "calling", "that"], "before": ["the"], "ima": ["put"], "disparity": [" "], "style": ["better"], "till": ["they", "they", "they", "they", "my", "the"], "styln": ["and"], "backpack": ["pull"], "better": ["with", "with"], "fade": ["away"], "whips": ["then"], "puerto": ["rico"], "bout": ["to", "it"], "holiday": [" "], "then": ["slavery"], "them": ["jeans", "back", " "], "good": ["dont", "dont", "dont", "dont", "life", "that"], "yo": [" ", "get", " ", "favorite"], "ya": [" ", "like", "feel", "like", "to", "hitting", "head", "body", "like", "likelyrics", "mind", "mind", "mind"], "casio": ["cost"], "they": ["kicken", "be", "taim", "kicken", "kicken", "kicken", "passed", "say", "wanna", "wanna"], "hands": ["up", "up", "up", "up"], "not": [" "], "hunted": ["and"], "now": ["lets", "we", "all", "show", "all", "who", "we", "you", "im", "move", "move", "move"], "day": ["it", " ", " ", " ", " ", " ", " ", " ", "to", "to", "to", " "], "bank": ["thumbing", "like"], "name": ["crossed", "was", "the", "nigga", "nigga", "nigga"], "level": ["supersponic"], "feast": [" "], "slavery": [" "], "rocks": ["coming"], "man": ["who", "precious", " ", " ", " ", "in"], "rock": ["dont", "the"], "bills": ["aint"], "side": ["this"], "em": ["up"], "bionic": ["you"], "bump": ["when"], "house": [" ", " ", " ", " "], "kane": ["and"], "yeah": ["this", "i", "this", "this", "yeah", "i\u2019ll", "this", "got"], "ball": ["with"], "year": [" "], "our": ["paper", "heat", "time"], "girl": ["that", "that", "that", "that", " ", " ", "i", "u", "lets", "you"], "thing": ["got", "poppin", "knockin", "and", "and", "poppin", "knockin", "and", "like"], "scribe": ["of"], "87": ["to"], "out": [" ", " ", " ", " ", "the", "baby", " ", " ", "a", " ", " ", "thinking", "for", "for"], "living": ["in", "in"], "shown": ["groovn"], "drove": ["through"], "funding": ["it"], "god": ["allow"], "since": ["i\u2019ve"], "looking": ["in", "flawless"], "rb": ["broads"], "got": ["my", "all", "all", "a", "all", "body", "all", "all", "a", "all", "the", "some", "all", "all", "a", "all", "all", "all", "a", "all", "my", "my", "that", "a", "a", "the", "ya"], "cause": ["i", "i", "i", "i"], "red": ["dress", "red", " "], "shows": ["at"], "ass": ["is"], "eagle": [" "], "grease": [" "], "heroin": [" "], "backlit": [" "], "ask": ["for"], "teach": ["her"], "beginning": ["the"], "ticket": ["dont"], "training": ["day", "days"], "backwards": ["like"], "yard": ["til"], "g": ["code"], "automatic": ["i"], "could": ["run", "teach"], "needing": ["a"], "moment": ["is"], "keep": ["the", "pushing", "tearing", "tearing", "tearing"], "somalian": [" "], "flawless": [" "], "hunger": ["of"], "chills": [" "], "bite": [" "], "south": ["side", "that", "cuz", "so"], "first": ["the"], "exotic": ["broads", "mix"], "gangways": [" "], "already": ["know", "know", "know", "know", "know", "know", "know", "know", "know", "know", "know", "know"], "saving": ["it"], "dont": ["it", "it", "it", "need", "it", "want", "feel", "stop", "miss", "feel", "feel"], "feel": ["good", "good", "good", "good", "like", "so", "the", "the", "the"], "hoop": ["with"], "robotic": ["like"], "one": [" ", "to", "word", "the", "that"], "done": ["it", "came"], "bitch": ["in", " ", "came"], "another": [" ", "night", "level"], "spanish": ["somalian"], "comic": ["and"], "cups": [" "], "open": ["shows"], "tomorrow": ["and", "with"], "hood": ["on", "on", "on", "on", "is"], "city": [" "], "little": ["bitty\u2019s"], "gourmet": [" "], "unknown": [" "], "caught": ["up"], "girls": ["with"], "plastic": ["cups", " "], "their": ["close"], "too": ["fly", "fly", "fly", "fly", "fly", "fly", "fly", "fly", "fly", "fly", "fly", "fly"], "passed": ["it", "us"], "wrapped": ["in"], "hundred": ["bitches", "bitches", "bitches", "bitches"], "listen": ["to"], "a": ["mink", "slim", "dick", "cop", "city", "magician", "missin", "blow", "show", "track", "50", "net", "philosopher", "couple", "couple", "round", "couple", "couple", "round", "couple", "couple", "round", "holiday", "toast", "couple", "couple", "round", "damn", "warm", "way", "damn", "flash", "rare", "crush", "real", "red", "deep", "chick", "nigga", "homeless", "bonus", "rider", "scribe", "good", "beach", "tko", "broad", "ride", "catholic", "act", "fad"], "shell": ["be"], "stars": ["in"], "that": ["the", "the", "the", "ain\u2019t", "the", "ask", "her", "we", " ", "means", "came", "shit", "we", "was", "fadeaway", "angel", "be", "we", "ass", "type", "automatic", "new", "universal", "new", "bang", "goes", "new", "universal", "new", "bang", "new", "universal", "new", "bang"], "foreplay": [" "], "nobody": ["gone", "gone", "gone", "gone"], "because": ["i", "i", "i", "i"], "venac": ["attracts"], "nahh": ["that"], "nurse": ["it"], "than": ["a"], "fadeaway": [" "], "i\u2019ll": ["be", "probably", "philosopha"], "gotta": ["eat", "get", "be"], "submitted": ["by", "by", "by", "by"], "reup": [" "], "don\u2019t": ["argue"], "patients": ["is"], "street": ["sweeper"], "were": ["you", "you", "you", "you"], "attracts": ["yall"], "and": ["tell", "we", "i", "my", "tell", "we", "give", "if", "i\u2019ll", "tell", "we", "want", "tell", "we", "i", "i", "get", "we", "i", "i", "get", "the", "i", "i", "get", "alleyways", "me", "raise", "i", "i", "get", "aint", "everybody", "gangways", "langley", "ego", "eazye", "my", "got", "aint", "everybody", "refinement", "blow", "the", "prosperity", "my", "say", "a", "i", "i", "the", "the", "the", "im", "yo", "i", "it", "knock", "screaming", "listen", "low", "i", "pushing", "we", "me", "being", "stacks", "it", "trance", "being", "pose", "it", "im", "im", "it"], "volley": ["em"], "mink": [" "], "angel": ["face"], "pro": ["and"], "mind": [" ", "that", "control", "that", "control", "that", "control"], "jewels": ["i"], "voices": ["like"], "tonight": ["shell", " ", "and"], "raw": ["bitch", "off"], "say": ["are", "diamonds", "time", "i"], "rap": ["shit", "photographer", "sh"], "biggy": [" "], "need": ["no", "that", "to"], "seen": ["len"], "grind": ["like", " "], "sell": ["the"], "mountain": ["top"], "trance": ["to"], "mic": ["check"], "lit": ["the"], "mix": ["hypnotic"], "take": ["you", "you", "you", "you", "you", "you", "you", "you", "you", "his", "his", "my", "our", "a", "off"], "so": ["quickly", "baby", "baby", "baby", "bad", "baby", "imma", "marry", "much", "much", "divine", "good", "glad", "n", "lets", "i"], "rider": [" "], "play": [" ", "you"], "superherorow": ["boy"], "pain": ["and"], "though": [" "], "track": ["bite"], "backyards": ["and"], "rappers": ["they", "want"], "knew": ["her"], "reach": [" "], "paid": ["the"], "react": ["so"], "hiphop": ["baby", "baby", "baby", "baby"], "said": ["i", "you"], "consignment": ["gods"], "blowing": ["out"], "salary": [" "], "forever": ["is"], "flow": ["stacks"], "rockefeller": [" "], "face": [" "], "pipe": [" "], "talk": ["this"], "came": ["in", " ", "from", " "], "shot": ["my"], "show": ["out", "me", " "], "cheat": ["on"], "tko": [" "], "bring": ["the"], "deep": ["sleep"], "don\u2019t\u2019": ["know"], "leandra": [" ", " ", " "], "find": ["a", "man"], "faces": [" "], "toast": ["looking", "to", "to"], "slow": ["down"], "noir": ["style"], "jay": ["z"], "explain": [" "], "dick": [" ", "is"], "poppin": [" ", "bad", " ", " ", "bad", " "], "eat": ["we"], "rico": [" "], "pretty": [" "], "gods": ["in"], "announce": [" ", " ", " ", " "], "hip": ["hop", "hop", "hop", "hop", "hop"], "do": ["this", "this", "this", "this", "it", "today", "what", "to", "to", "it", "it", "is", " "], "weve": ["come"], "hit": ["you", "the"], "get": ["some", "money", "us", "it", "around", "us", "us", "my", "our", "us", "this", "to", "it", "it", "it", "it"], "beat": ["goes"], "between": ["cole", "the", "peace", "your"], "stop": ["baby", "it"], "da": ["fuck"], "pocket": ["you"], "southside": ["boy"], "dr": ["said"], "learned": ["strange"], "celebrate": ["like", "that", "celebrate", "celebratelyrics"], "catholic": ["expensive"], "married": ["to"], "partin": [" "], "benzes": ["that"], "calling": ["your", "your", "your"], "banglyrics": ["submitted"], "bad": ["celebrate", "thing", "thing"], "stuff": ["you"], "she": ["be", "reveals", "don\u2019t\u2019", "strip", "got", "tried"], "where": ["drama", "karma"], "wrote": ["this"], "reveals": ["remonist"], "bars": ["and", "in"], "signify": ["us"], "asiatic": ["i"], "throwing": ["up"], "liquor": ["thats"], "kilos": ["of"], "pinot": ["noir"], "see": ["those", "what"], "are": ["you"], "close": ["to"], "moppin": ["no"], "mobbin": [" ", " "], "cole": ["and"], "ways": ["between"], "nuclear": [" "], "away": [" ", " ", " ", "walk", "devil"], "exchange": ["like"], "behind": ["us", "you", "you", "you"], "future": ["future", "of"], "turn": ["around"], "diamonds": ["off", "on", " ", " "], "probably": ["go"], "champagne": ["poppin", "poppin"], "bought": ["another", "her"], "sexual": ["eruption"], "we": ["in", "gonna", "can", "in", "gonna", "in", "gonna", "in", "gonna", "partying", "live", "die", "living", "get", "gonna", "was", "got", "can", "done", "love", "lean", "come", "gon", "biased", "have", "all", "can", "grind", "exchange", "the", "up", "take", "do", "dont", "gon", "can", "cadillactic"], "pushing": ["and", " "], "jobs": ["is"], "bed": [" "], "joy": ["and"], "killing": ["them"], "comm": ["be"], "len": ["bias"], "key": ["partin"], "precious": ["like"], "butts": ["that"], "come": ["around", "from", "on", "for", "from", "on"], "kitchen": ["fucken"], "cop": ["deportion"], "daddy": ["kane", "ima"], "last": [" ", " ", " ", " "], "bitty\u2019s": ["don\u2019t"], "thinking": ["of"], "rose": [" "], "remonist": ["and"], "argue": ["the"], "com": ["com", " "], "masses": ["like"], "comes": ["to"], "supersponic": [" "], "hustlas": ["from"], "headed": ["to", "to"], "simple": ["things"], "had": ["everything", "a"], "jeans": ["is"], "pop": ["like", "baby", "here", "some"], "walk": ["up", "up", "up", "up", "up"], "extinct": [" "], "charismatic": ["asiatic"], "expensive": ["rap"], "headlights": [" "], "pr": ["like"], "devil": ["in"], "likelyrics": ["submitted"], "raise": ["your"], "beef": [" "], "yap": [" "], "been": ["climbing", "affraid"], "quickly": ["i"], "hitting": ["ya"], "much": ["is", "i"], "damn": ["thing", "thing"], "universal": ["mind", "mind", "mind"], "define": ["us"], "life": ["getting", "that"], "affraid": ["fresh"], "maken": ["stylin"], "clarity": ["aint"], "am": ["the", "i", "i", "i", "i"], "diamondwilliams": [" "], "begin": ["my"], "catch": ["me", "me"], "mcs": ["rarara"], "those": ["rappers"], "look": ["where", "where", "through"], "being": ["fly", "fly"], "mlk": ["day"], "tip": ["top", "top", "top", "top", "top", "top", "top", "top", "top"], "cash": ["money"], "n": ["i"], "babyx3": [" "], "slippery": ["when"], "leaning": ["like"], "medicinal": ["passed"], "rarara": ["rock"], "ive": ["seen", "never"], "have": ["in", "never"], "alcoholic": [" "], "is": ["hiphop", "out", "hip", "a", "hiphop", "out", "hip", "the", "like", "hiphop", "out", "hip", "hiphop", "out", "hip", "now", "hard", "money", "my", "to", "my", "the", "in", "in", "so", "up", "everywhere", "dance", "that", "that", "that", "that", "that", "that", "that"], "it": ["comes", "it", "was", "now", " ", "feel", "getting", " ", "til", "like", "giveandgo", "feel", "getting", " ", "feel", "getting", " ", "feel", "getting", " ", "was", "gourmet", "out", "every", "every", "every", "like", "for", "was", "day", "was", "last", "got", "rain", "gotta", "up", "till", "hot", "like", "to", "again", "its", "dont", "chicks", "you", "its", "dont", "its", "dont"], "cant": ["shot", "take", "take", "take", "describe", "explain"], "bias": ["that"], "im": ["gonna", "gonna", "gonna", "gonna", "gonna", "gonna", "gonna", "gonna", "gonna", "an", "the", "hearing", "gambling", "a", "rolling", "hotter", "to", "too", "too", "too", "off", "in", "so", "to", "too", "too", "too", "the", "to", "too", "too", "too", "to", "too", "too", "too", "wrapped", "bionic", "another", "the", "getting", "on"], "triple": ["three"], "in": ["the", "the", "this", "you", "the", "the", "the", "town", " ", "the", "her", "town", "my", "looking", "town", "the", "town", "the", "the", "the", "the", "the", "alignment", "alignment", "the", "the", "a", "the", "the", "this", "a", "the", "court", "a", "the", "order", "your", "your", "between", "plastic", "pocket"], "twista": ["hate"], "bucks": [" "], "id": ["like", "like", "like", "like"], "if": ["get\u2019s"], "party": ["in"], "marazo": ["made"], "bottles": ["of"], "beemer": ["that"], "author": [" "], "things": [" "], "make": ["some", "ya", "it", "lovin", "i", "i", "it"], "same": ["its", "its", "its"], "gack": ["who"], "strange": ["ways"], "babies": [" "], "grand": ["marque"], "80s": [" "], "i\u2019ve": ["done"], "banging": ["like"], "evolve": ["from"], "sweeper": ["now"], "used": ["to", "to"], "prosperity": ["so"], "bonus": [" "], "bald": ["eagle"], "rain": [" "], "weed": ["money"], "fucken": [" "], "barber": ["chair"], "student": ["a"], "puff": ["was"], "climbing": [" ", "to"], "validate": [" "], "magician": ["as"], "focal": ["lets"], "off": ["for", "consignment", "in", "in", "the", "their"], "older": ["brother"], "i": ["know", "pop", "still", "bought", "cheat", "was", "sit", "get", "got", "got", "got", "got", "got", "got", "got", "got", "used", "ball", "got", "got", "got", "got", "got", "get", "knew", "got", "got", "got", "got", "wrote", "say", "pour", "was", "shine", "do", "magnify", "die", "speak", "could", "had", "used", "need", "could", "am", "can", "crazy", "know", "know", "want", "can", "knocked", "knocked", "knocked", "knocked", "feel", "do", "do", "begin", "come", "go", "crazy", "know", "know", "can", "student", "keep", "was", "can", "make", "make", "make", "know", "know", "know", "crazy", "know", "know", "crazy", "know", "know", "stay", "hustle", "touch", "stay", "talk"], "miss": ["the"], "well": ["funding"], "bang": ["banging", "biggabang", "bang", "biggabang", "bom", " ", "biggabang", "bang", "biggabang", "bom", " ", "biggabang", "bang", "biggabang", "bom"], "deportion": ["drove"], "thought": ["the"], "808": [" "], "the": ["tip", "house", "tip", "tickets", "tip", "south", "fullest", "kitchen", "sink", "game", "80s", "bitch", "house", "tip", "tickets", "tip", "is", "whether", "building", "top", "silliam", "little", "pretty", "casio", "rappers", "house", "tip", "tickets", "tip", "backpack", "rap", "way", "flow", "house", "tip", "tickets", "tip", "night", "drastic", "medicinal", "beemer", "act", "game", "wall", "simple", "go", "night", "life", "benzes", "big", "yard", "lights", "clouds", "thing", "door", "thing", "day", "bald", "regal", "hood", "hero", "dr", "diamonds", "thing", "door", "thing", "street", "diamonds", "science", "lines", "benz", "moment", "last", "glass", "mountain", "streets", "hundreds", "hunted", "blunted", "ballin", "training", "barber", "feelings", "g", "bank", "beginning", "end", "first", "last", "south", "hunger", "game", "drive", "definition", "streets", "world", "eye", "wine", "bump", "joy", "pain", "and", " ", "invite", "type", "way", "eye", "red", "type", "doctor", "eye", "lands", "eye", "type", "masses", "same", "one", "lady", "one", "global", "same", "future", "south", "grand", "fly", "top", "same"], "3pm": ["we"], "just": ["me", "one", "stop"], "moments": ["that"], "money": ["and", "right", "forever", "put", "pussy", "i", "maken"], "cadillactic": ["charismatic"], "actress": [" "], "marque": ["rock"], "bugged": ["tonight"], "touch": ["the"], "giveandgo": [" "], "paul": ["smith"], "biggabang": ["babang", "babang", "babang", "babang", "babang", "babang"], "alignment": ["stars", " "], "blow": ["pop", "everything"], "niggers": ["cant"], "photographer": ["the"], "drive": [" "], "smith": ["like"], "cuz": ["you", "i", "u"], "wall": ["up"], "lets": ["make", "go", "go", "go", "go"], "gon": ["do", "do"], "dance": [" "], "cmonn": ["and"], "real": ["play", "rockefeller"], "around": [" ", " ", " ", " ", "like", " ", " ", " ", " ", "keep", " ", " ", " ", " ", " ", " ", " ", " ", "its"], "magnify": ["man"], "read": ["between", "your"], "big": ["ticket", "bank"], "couple": ["minutes", "hundred", "minutes", "hundred", "minutes", "hundred", "minutes", "hundred"], "combination": [" "], "gonna": ["take", "take", "do", "take", "take", "do", "take", "act", "take", "do", "take", "take", "do", "take", "get", "be"], "lovin": ["and"], "game": ["was", "like", "away", "it", "and"], "know": ["whats", "the", "the", "im", "im", "im", "im", "what", "im", "im", "im", "im", "what", "i", "i", "just", "im", "im", "im", "im", "what", "im", "im", "im", "im", "what", "you", "you", "you"], "mathematics": [" "], "world": ["in"], "lady": ["ladies"], "dreams": ["reflect"], "knock": ["and"], "dubai": [" "], "like": ["to", "grease", "to", "what", "a", "a", "a", "to", "jay", "to", "dubai", "2pacs", "its", "an", "im", "usher", "the", "when", "foreplay", "kilos", "puerto", "dre", "we", "your", "diamonds", "an", "it", "an", "a", "an", " ", "its", "the", " ", "students", "i", "we", " ", "im", "a", "it", "cash", "comic", "it", "everyday", "it"], "ballin": ["that"], "piece": ["like"], "50": ["ft", "yap"], "chica": ["so"], "biggabom": ["babang", "babang", "babang", "babang", "babang", "babang"], "thighs": [" "], "night": ["toast", "we", " "], "chick": ["in"], "exceed": ["galactic"], "right": [" ", "for", " ", "now"], "partying": ["yeah"], "scared": ["me"], "some": ["babies", "botax", "bomb", "rb", "call", "call", "pop", "lock", "move"], "back": ["from", "relax", " ", "off"], "oh": ["lord"], "born": ["day", "to"], "usher": ["we"], "home": ["aint", "aint", "aint", "aint", " "], "niggy": [" "], "ain\u2019t": ["me"], "for": ["bucks", "her", "the", "far", "the", "my", "daddy", "long", "the", "u", "mathematics"], "technotronic": [" "], "broad": [" "], "lean": ["on"], "philosopher": [" "], "everything": ["you", "on"], "three": ["yo"], "hustle": ["for"], "be": ["dunken", "bucken", "needing", "cuddling", "giving", "on", "shining", "cursin", "game", "a", "fed"], "biased": [" "], "who": ["i", "made", "macks"], "run": ["it"], "power": ["and"], "eruption": ["got"], "pose": ["to"], "speak": ["my"], "inhale": ["to"], "from": ["the", "the", "the", "the", "porches", "zero", "the", "the", "chica", "the"], "by": ["leandra", " ", "diamondwilliams", "leandra", "leandra"], "shaken": ["money"], "futures": ["backlit"], "hearing": ["fuckin"], "on": ["the", "every", "my", "top", "it", "and", "our", "it", "and", "it", "and", "like", " ", "get", " ", "a", " ", "it", "and", "my", "your", "porches", "display", "layaway", "whats", "girl", "air", "my"], "about": ["paper", "to"], "rare": ["diamond"], "getting": ["hood", "hood", "hood", "bugged", "hood", "better", "paid"], "of": ["ya", "veuve", "tomorrow", "heroin", "faces", "cases", "a", "a", "the", "stuff", "dame", "yo", "this"], "favorite": ["compilation", "actress"], "drama": ["brought"], "stand": ["up"], "act": ["right", "right", "the", "with"], "2pacs": ["here"], "definition": ["of"], "wanna": ["reach", "do", "do"], "or": ["an", "were", "were", "were", "were"], "ladies": ["chose"], "lands": ["unknown"], "whats": ["beef", "her"], "pussy": ["pride", "liquor"], "son": ["your"], "down": ["son", "south"], "dame": ["away", " "], "momma": ["a", "bought"], "nigga": ["nurse", "this", "this", "this"], "homeless": [" "], "strip": ["her", "like", "and"], "old": ["man"], "your": ["hands", "girl", "hands", "girl", "like", "killing", "hands", "girl", "hands", "girl", "glass", "grind", "last", "body", "mind", "signs", "thighs", "behind", "name", "behind", "name", "behind", "name"], "fast": [" ", "exceed"], "her": ["she", "eye", "momma", " ", "like", "when", "name", "name", "how", " ", "serdumption", "sexual"], "stylin": ["and"], "hey": ["baby", "baby", "baby", "baby"], "long": ["as"], "low": ["key"], "way": ["the", " ", "every", "every", "every", "before", "i", "twista", "lets"], "was": ["extinct", "the", "not", "with", "a", "caught", "chardonnay", "a", "fr\u00edo", "training", "back", "she", "saving"], "melodic": ["technotronic"], "head": [" "], "hard": ["like", "to", "to"], "invite": ["tonight"], "bitches": ["around", "around", "around", "around"], "but": ["nahh", "you", "she"], "boys": ["in"], "heat": ["on"], "with": ["biggy", "chicago", "the", "is", " ", "me", "time", "watches", "time", "what", "me", "the", "me", "gack"], "porches": ["and", "backyards"], "pull": ["out"], "made": ["a", "his"], "whether": [" "], "up": ["when", "when", "when", "when", "plastic", " ", " ", " ", "high", "in", "in", "in", "in", "signs", "in", " ", " ", " ", " "], "us": ["out", "out", "out", "out", "a", "a", "look", " ", "a", "by", "a", " ", "throwing", " "], "broads": ["lobbying", "we"], "uh": ["is", "is", " ", " ", " ", " "], "bucken": ["in"], "groovn": ["styln"], "z": [" "], "minutes": ["in", "in", "in", "in"], "display": [" "], "gone": [" ", " ", " ", " "], "hotter": ["than"], "moven": ["shown"], "tryna": ["get", "get", "get"], "ah": ["another", "i"], "ak": [" "], "describe": ["her"], "moved": ["out"], "watches": ["getting"], "an": ["alcoholic", "author", "ak", "808", "old", "indian"], "as": ["marazo", "i", "god"], "diamond": ["thats", " "], "at": ["the", "the"], "ay": ["ay", "ay", "ay", "ay", "ay", "ay", "ay", " "], "check": ["like"], "shit": [" ", "scared", "keep", "and", "keep", "and", "like", "keep", "and"], "again": [" "], "divine": [" "], "beaming": ["from"], "no": ["one", " ", " ", " ", "disparity"], "47": ["to"], "peace": ["and", "pipe"], "when": ["we", "comm", "it", "we", "puff", "we", "we", "she", "porn", "i", "it", "we", "its", "girl", "im", "we"], "til": ["we", "we", "i", "the", "i"], "tight": ["her"], "gambling": ["with"], "you": ["to", "to", "to", "heard", " ", "thirsty", "to", "to", "gonna", "to", "to", "a", "to", "to", "niggas", "its", "and", "find", "with", "gotta", "can", "have", "cant", "cant", "cant", "giving", "cant", "got", "came", "the", "giving", "giving", "giving", "know", "like", "mcs", "a", "bout", "can", "know", "like", "know", "like"], "kinds": ["of", "of"], "students": ["cuz"], "missin": [" "], "stay": ["stay", "on", "fresh", "in"], "william": ["moved"], "town": ["to", " ", " ", " ", " "], "dunken": [" "], "rolling": ["with"], "blunted": [" "], "slang": ["away"], "building": [" "], "age": [" "], "u": ["can", "bout", "need", "call", "and"], "karma": ["brought"], "time": [" ", " ", "is", "man", "time", " "], "push": ["more"], "fresh": ["like", "and"], "stacks": [" ", " ", "mas"]}