{"all": ["in", "fast", "you", "in", "fast", "you", "a", "fifties", "who", "the", "the", "fifties", "wings", "wings", "this", "that", "headshots", "this", "she", "this", "these", "this", "this", "in", "we"], "rob": ["him", "him"], "swerving": ["in"], "gang": ["control"], "hating": ["we"], "go": ["out", "out", "out", "out", " ", " ", " ", " ", "out", "out", "out", "out", "out", "out", "out", "out", "out", "out", "on", "flexing", " ", " ", " ", " ", " ", "good"], "monty": ["can", "can"], " ": ["baby", "im", "im", "and", "you", "benjamins", "i", "he", "i", "i", "im", "wonder", "she", "to", "and", "remy", "all", "no", "tell", "is", "i", "i", "they", "i", "all", "and", "dont", "you", "you", "baby", "i\u2019m", "i\u2019m", "and", "you", "benjamins", "i", "he", "i", "i", "i\u2019m", "wonder", "she", "to", "and", "remy", "all", "no", "tell", "is", "i", "i", "they", "i", "all", "and", "don\u2019t", "you", "you", "i", "i", "i", "we", "i", "i", "and", "i", "but", "we", "i", "i", "i", "baby", "coming", "i", "big", "turned", "baby", "i", "she", "get", "i\u2019m", "i\u2019m", "she", "we", "hop", "roll", "dumping", "married", "baby", "dumping", "married", "baby", "i", "i", "i", "we", "i", "i", "and", "i", "but", "we", "i", "i", "i", "i", "i", "do", "top", "know", "we", "and", "you", "i", "girl", "yeaah", "big", "when", "zoovier", "i", "i", "i", "we", "i", "i", "and", "i", "but", "we", "i", "i", "i", "and", "i", "but", "we", "i", "i", "i", "my", "my", "my", "i", "benjamin\u2019s", "that", "i", "a", "robin", "all", "robin", "all", "what", "i", "see", "jimmy", "i", "she", "jimmy", "jimmy", "my", "she", "everything", "all", "slim", "i", "so", "top", "they", "all", "jimmy", "ain\u2019t", "baby", "got", "cannot", "but", "all", "and", "bababy", "baby", "this", "i", "take", "he", "how", "the", "and", "if", "never", "i", "and", "and", "well", "big", "baby", "all", "what", "and", "bitch", "all", "me", "got", "and", "counting", "try", "cause", "all", "and", "while", "and", "do", "and", "baby", "im", "seen", "i", "married", "showed", "she", "we", "we", "got", "man", "hit", "everybody", "in", "and", "i", "and", "i", "and", "i", "and", "i", "im", "i", "i", "i", "she", "its", "remy", "how", "fetty", "if", "i", "remy", "ill", "cause", "yeah", "sounding", "i", "put", "money", "money", "put"], "imma": ["start", "cash"], "baddest": [" "], "young": ["nigga"], "to": ["see", "see", "be", "please", "see", "be", "please", "see", "the", "the", "be", "please", "see", "be", "please", "see", "please", "going", "the", "be", "please", "see", "be", "please", "see", "be", "please", "see", "split", "say", "go", "feds", "the", "roll", "the", "my", "whip"], "me": ["what", " ", "what", " ", "zoovier", "if", "so", "pull", "ayy", "and"], "far": ["them", "them", "can"], "every": ["pair", "pair"], "screaming": ["out"], "turnt": ["when"], "try": ["and"], "these": ["niggas", "niggas", "knots"], "cash": ["it"], "jump": ["out"], "mansion": [" "], "eating": ["shit"], "even": ["left", "make"], "what": ["you", "you", "them", "you", "you", "the", "these", "you", "you", "i"], "trapping": ["out"], "buncha": ["frozen"], "cooking": ["pies", "pies"], "new": ["bag", "jag"], "ever": ["chase", "take", "letting"], "never": ["let", "let", "really"], "let": ["her", "go", "go", "her"], "sink": ["ayy"], "sing": ["ayy"], "stares": ["looking"], "digits": [" "], "boy": ["fetty", " ", "whatever"], "38": [" ", " ", " ", " "], "my": ["pocket", "trues", "rari", "rari", "v", "baby", "jeans", "niggas", "pocket", "trues", "\u2018rari", "\u2018rari", "v", "baby", "jeans", "niggas", "lifestyle", "way", "way", "lifestyle", "way", "pockets", "face", "trap", "beamer", "lifestyle", "way", "way", "lifestyle", "way", "knees", "lifestyle", "way", "way", "lifestyle", "way", "lifestyle", "way", "beamer", "bitch", "neck", "robin\u2019s", "bih", "crystals", "robin", "robin", "way", "brain", "bitch", "way", "way", "shits", "arm", "jeans", "bitch", "i8", "way", "stove", "trap", "baby", "baby", "baby", "baby", "baby", "baby", "baby", "baby", "trap", "boo", "pockets", "boy", "boy"], "k": ["how"], "smoke": ["twenty", "twenty"], "boo": ["in", "a"], "countin": ["up"], "makes": ["me"], "thats": ["fasho"], "love": ["my", "her", "with"], "she\u2019ll": ["be"], "wit": ["yo"], "zoowap": ["from", "from", "to", "how", "all", "in", "what"], "everybody": ["hating"], "from": ["behind", " ", "behind", " ", "the", "the", "the", "the"], "two": ["shots", "to"], "going": ["up", "up"], "call": ["them", "them", "them", "them", "me", "them", "them", "them", "them"], "shits": ["on"], "tell": ["me", "me", "me"], "more": ["time", "time"], "tryna": ["know", "know", "finish", "spend"], "door": [" "], "started": ["with"], "yeaaah": ["baby", "baby", "baby", "baby"], "everywhere": [" ", " "], "baby": ["girl", "daddy", "girl", "daddy", " ", " ", "can", "it\u2019s", "it\u2019s", "it\u2019s", " ", " ", " ", " ", " ", " ", "i", "girl", "all", "scream", " ", " ", " ", "damn", "damn", " ", " ", " ", " ", " ", " ", "wont", "wont", "girl", "you", "you", " ", "yeah", " ", "yeah", " ", "yeah", " ", " "], "shoot": ["swear"], "niggas": ["everywhere", "play", "everywhere", "play", "think", "should"], "this": ["sewed", "sewed", "who", "fking", "ayy", "is", "dough", "ice", "bread", "money"], "ride": ["with", "with", "with"], "work": ["the"], "roof": ["going"], "mall": ["im", "im"], "anywhere": [" ", " "], "can": ["you", "control", "you", "you", "show", "stay", "ride", "ride", "ride", "your"], "v": [" ", " "], "meet": ["up", "up"], "fking": ["money"], "didnt": ["even"], "control": ["us", "us"], "crazy": [" ", " ", " ", " ", " ", " ", " "], "give": ["a", "a"], "slim": ["thick"], "fuck": ["who", "who", "these", "big", "big", "when", "your"], "high": ["with"], "something": ["i", "you"], "want": ["sauce", "sauce", "you", "you", "you", "you", "you", "you", "you", "you", "then", "cause", "to", "to", " "], "counting": ["up", "all"], "lamb": [" "], "hoe": [" "], "goal": ["talkin"], "sit": ["on"], "watching": ["baby"], "how": ["we", "we", "far", "the", "we", "we", "we", "we", "we", "you", "dare", "to", "far", "she", "far", "i"], "hop": ["out"], "rewind": ["though", " ", "though", " "], "if": ["i", "somebody", "i", "somebody", "you", "you", "he", "you"], "designer": ["it\u2019s", "things"], "mad": ["as", "as", "as"], "coming": ["from"], "man": ["i"], "a": ["glock", "glock", "problem", "glock", "glock", "problem", "young", "nigga", "little", "fuck", "fuck", "movie", "buncha", "lick", "hunnid", "new", "new", "drought", "sack", "goal", "rari", "lamb", "necklace", "couple", "ring", "zillion", "track"], "chasing": ["no"], "neck": ["a"], "backwoods": ["what"], "so": ["damn", "damn", "perfect", "nervous", "fine"], "necklace": ["drop"], "playing": ["batman", "batman", "no", "no", "no", "no"], "wind": ["go"], "wine": ["though", "though"], "hunnid": ["thou"], "cute": ["ass"], "over": ["i", "i"], "move": ["that"], "soon": ["as"], "brain": [" "], "through": ["ay", "it", "they", "the"], "hell": ["and"], "its": ["over", "me", "mine", "looking", "big"], "perfect": [" "], "benjamins": ["all", "all"], "till": ["the"], "talkin": ["matchin"], "him": [" ", " "], "window": [" ", " "], "sauce": ["no", "no"], "finer": ["things", "things"], "then": ["i", "go", "ill"], "them": ["fans", "fans", "bands", "bands", "fans", "fans", "fans", "fans", "fans", "benji\u2019s", "finer", "bands", "bands", "fans", "bands"], "good": [" ", " "], "somebody": ["got", "got"], "yo": ["cute"], "ya": ["house"], "grand": ["five"], "they": ["know", "like", "know", "like", "call", "screaming", "like", "sex"], "blink": ["ayy"], "bank": ["rolls"], "bread": ["i"], "wont": ["you", "miss", "you", "you", "blink"], "drop": ["a"], "robin\u2019s": ["baby"], "trap": ["all", "queen", "queen", "queen"], "dumping": ["wood", "wood"], "turnin": ["up"], "yeah": ["shes", " ", "she\u2019s", " ", "baby", " ", " ", " ", "you"], "ex": ["i"], "girl": ["youre", "i", "you\u2019re", "i", "you", "you", "i\u2019m", "you", "you", " ", "i", "tell", "you", "you", "you", "you"], "ring": [" "], "whip": ["it"], "really": ["cared"], "living": [" ", "like", "fifty"], "gon": ["rob", "rob"], "driving": ["you", "you", "you", "you", "you", "you", "you"], "your": ["ex", "house", "boo", "pretty", "bands", "hoe", "money", "mouth"], "looking": ["too", "like"], "got": ["it", "a", "a", "this", "hunnies", "robins", "a", "it", "a", "a", "this", "hunnies", "robins", "a", "it", "it", "something", "deep", "your", "a", "50", "her", "the", "whatever"], "cause": ["you", "its", "baby", "all", "remy", "fights"], "highway": [" "], "ass": ["one", "one", "ayy", "dont", "soon"], "shut": ["up"], "disrespect": ["two"], "put": ["out", "you", "your", "up"], "could": ["hit", "meet", "hit", "meet", "triple", "take"], "keep": ["you"], "moving": ["through"], "loud": [" "], "think": ["you", "ayy", "ayy"], "first": ["off"], "knots": ["in"], "dont": ["you", "want", "ever", "think", "talk"], "sack": ["for"], "one": ["more", "more", "can"], "feet": ["when", "when"], "bitch": ["i", "ayy", "its", "you"], "thick": ["wit"], "miss": ["ayy"], "hood": ["gang"], "benji\u2019s": ["do"], "matchin": ["lambos"], "little": ["check"], "twenty": ["smell", "smell"], "top": ["down", "down"], "too": ["good", "ay", "turnt"], "hundred": ["grams"], "tats": ["on"], "shell": ["be"], "that": ["ass", "ass", "what", "she", "she", " ", "money", " ", "glow", "nigga", "door"], "snatch": ["a", "her"], "true\u2019s": ["damn", " ", "just"], "past": ["like", "i"], "showed": ["you", "her"], "don\u2019t": ["you", "want", "give", "give", "do", "do"], "and": ["when", "i", "if", "when", "i", "if", "i", "i", "all", "i", "i", "some", "some", "my", "im", "he", "i", "i", "i", "he", "he", "i", "zoo", "she", "take", "im", "im", "im", "i", "i", "i", "i", "buy", "you"], "rag": [" "], "lick": ["ain\u2019t"], "outta": ["sight"], "ran": ["through"], "fights": [" "], "turned": ["a"], "mine": [" ", " ", "again", "again", "again", "again", "again", "again", "again", "cant"], "jewels": ["damn"], "talking": ["bands", "bands", "\u2018bout"], "say": ["she", " "], "have": ["to"], "need": ["you", "you", "you", "you", "you", "you", "you"], "seen": ["your"], "sounding": ["like"], "afraid": ["admit"], "zoo": ["turnin", "wap"], "without": ["you", "you", "you", "you", "you", "you", "you", "dinero"], "take": ["my", "you", "you", "my", "two"], "fetty\u2019s": ["gon"], "wanting": ["for"], "play": ["dumb", "dumb"], "though": [" ", " ", " ", " ", " ", " ", " ", " ", "girl", "girl", "girl", "girl", "girl", "girl", "girl", " ", " ", " ", " "], "track": [" "], "who": ["cares", "stares", "i", "i"], "sue": ["cause"], "mouth": ["when", "is"], "pair": [" ", " "], "drought": [" "], "glow": ["watch"], "grams": ["though"], "face": [" "], "talk": ["to"], "she\u2019s": ["fine"], "scream": ["it", "for"], "came": ["from", "from", "in"], "saying": ["this"], "walking": ["baby", "ayy", "yeah"], "show": ["you"], "stove": [" "], "queen": ["let", "let", "cause"], "fifty": ["thousand"], "bring": ["them", "the"], "\u2018rari": ["17", "17"], "fine": ["though", "wine", " ", "though", "wine", " ", "i"], "aint": ["ever", "ever", "wanting"], "slow": ["bucks", "bucks"], "just": ["some", "wanna", "set", "call", "left", "left", "might", "might"], "nervous": ["the"], "behind": ["though", "though"], "should": ["know", "be", "come"], "only": ["want"], "wood": ["guts", "guts", "make"], "pretty": ["ass"], "jag": ["damn"], "remixin": ["for"], "hope": ["you"], "do": [" ", " ", " ", " ", "anything", " ", " ", " ", "damn", "the", "the", "rag", "that", "twohundred"], "his": ["mouth", "pockets", "ass"], "hit": ["it", "it", "the", "a", "the", "the", "the"], "get": ["it", "you", "up", "it", "high"], "dope": ["and"], "watch": ["how", "me", "how"], "sipping": ["on", "on"], "pocket": [" ", " "], "cannot": ["see", "see", "see", "see", "see", "see", "see", "keep"], "choo\u2019s": ["damn", "damn", "damn", "damn", "when", "on", "on", "but", "and"], "allout": ["the", "the"], "17": ["shots", "shots", "shots", "shots"], "married": ["to", "to", "to"], "bag": ["damn"], "she": ["walk", "walk", "don\u2019t", "my", "jump", "works", "so", "makes", "works", "be", "be", "say", "love", "sing", "scream", "sue", "remixin", "my", "work", "aint"], "shots": ["no", "no", "no", "no", "and"], "dough": [" "], "where": ["we", "we", "you", "your"], "trues": ["for", "for"], "spotted": ["you"], "set": ["a"], "sex": ["she"], "see": ["that", " ", "the", "is", "that", " ", "the", "is", "myself", "you", "myself", "you", "myself", "you", "myself", "you", "myself", "you", "myself", "you", "myself", "you", "you", "them", " "], "dumb": [" ", " ", "as"], "now": ["she"], "hoes": [" "], "arm": [" "], "wonder": ["when", "when"], "knees": ["too"], "morn": [" "], "movie": [" "], "please": ["you", "you", "you", "you", "you", "you", "you", "you"], "fans": ["though", "though", "though", "though", "though", "though", "though", "though"], "fifties": [" ", "baby"], "fetty": ["wap", "eating"], "bought": ["a"], "we": ["could", "came", "could", "came", "call", "do", "call", "do", "be", "call", "do", "call", "do", "breeze", "living", "ran", "call", "do", "call", "do", "call", "do", "be", "just", "be", "just", "know"], "dinero": ["cant"], "come": ["through", "my", "my", "my", "my"], "kitchen": ["cooking", "cooking"], "last": ["single"], "thou": ["in"], "ill": ["run", "fuck"], "barely": ["even"], "swervin": ["all"], "admit": ["it"], "games": ["i", "i", "i", "i"], "traded": ["in", "in"], "jeans": ["you", "you", "and", "and", " ", " ", " ", " "], "whatever": ["on", " "], "walk": ["past", "past"], "60": ["grand"], "pole": [" "], "cares": ["tats"], "i\u2019ma": ["spend", "move"], "bando": [" ", " ", " ", " ", "without"], "cared": ["what"], "damn": ["fine", "fine", " ", " ", " ", " ", " ", " ", " ", " ", " ", " ", " ", " ", "pole"], "glock": ["in", "in", "in", "in"], "thousand": ["k"], "understand": ["i\u2019m"], "smoking": ["dope"], "chill": ["got"], "remy": ["boyz", "boyz", "boyz", "boyz", "boys", "boy", "boyz"], "myself": ["without", "without", "without", "without", "without", "without", "without"], "frozen": ["jewels"], "might": ["buy", "put", "snatch", "snatch"], "single": ["he"], "while": ["im"], "robin": ["jeans", "jeans", "jeans", "wings", "jeans", "jeans"], "lambo": [" "], "is": ["it", "remy", "it", "remy", "driving", "driving", "get", "driving", "driving", "driving", "driving", "driving", "something", "bands", " "], "it": ["from", " ", "money", "from", " ", "money", " ", " ", "all", "with", " ", " ", " ", " ", "loud", "baby", "baby", "baby", "i", " ", "out", " ", "now"], "cant": ["you", "go"], "im": ["tryna", "sipping", "like", "like", "too", "swervin", "trapping", "moving", "swerving", "like", "getting", "getting", "like", "living", "like"], "triple": ["it"], "in": ["my", "my", "my", "my", "my", "my", "my", "my", "my", "my", "my", "all", "my", "jimmy", "robin", "a", "her", "my", "the", "traffic", "my", "that", "love", "the", "the", "ya"], "bucks": [" ", " ", "on"], "chase": ["no"], "hunnies": ["in", "in"], "things": ["damn", " ", "ayy"], "make": ["it", "the"], "split": ["it"], "big": ["bank", "zoowap", "zoowap", "zoowap", "zoowap", "zoo"], "\u2018bout": ["the"], "i8": [" "], "finish": ["this", " "], "weed": [" ", " "], "feds": [" "], "fucked": ["on"], "off": ["imma"], "i": ["could", "press", "got", "traded", "got", "got", "got", "smoke", "got", "got", "could", "press", "got", "traded", "got", "got", "press", "got", "smoke", "got", "got", "want", "know", "cannot", "go", "go", "want", "know", "cannot", "go", "go", "ain\u2019t", "need", "ain\u2019t", "showed", "could", "don\u2019t", "started", "got", "ain\u2019t", "ain\u2019t", "want", "know", "cannot", "go", "go", "want", "know", "cannot", "go", "go", "ain\u2019t", "need", "hope", "need", "get", "need", "ain\u2019t", "need", "come", "want", "know", "cannot", "go", "go", "want", "know", "cannot", "go", "go", "ain\u2019t", "need", "want", "know", "cannot", "go", "go", "ain\u2019t", "need", "buy", "can", "hit", "don\u2019t", "don\u2019t", "pull", "swear", "swear", "might", "bought", "want", "shoot", "wont", "dont", "spotted", "know", "swear", "wont", "got", "swear", "might", "dont", "just", "swear", "love", "aint", "get", "just", "can", "be", "can", "just", "can", "be", "hit", "just", "just", "got", "stand", "be", "roll", "got"], "youre": ["so"], "well": ["he"], "nothin": ["because"], "breeze": ["through"], "flexing": ["on"], "bababy": ["wont"], "five": ["hundred"], "the": ["weed", "wings", "weed", "wings", "way", "trap", "digits", "bando", "lambo", "wind", "window", "money", "bando", "window", "money", "fucking", "way", "bands", "bands", "finish", "way", "way", "true\u2019s", "true\u2019s", "way", "finer", "last", "fuck", "night", "morn", "cut", "roof", "head", "baddest", "mansion", "tristate", "highway", "money", "bando", "damn", "strip", "money", "mall", "kitchen", "mall", "kitchen", "strip", "bando", "stamp", "wood", "game"], "spend": ["it", "it"], "left": ["your", "the", "the"], "i\u2019m": ["tryna", "sipping", "like", "like", "a", "talking", "tryna", "tryna", "in"], "benjamin\u2019s": ["bring"], "money": ["no", "or", "no", "or", "i", "i", "bring", "i\u2019ma", "imma", "introduced", "i", "where", "on", "outta"], "robins": [" ", "on", " ", "on"], "letting": ["bands", "go"], "cut": [" "], "guts": ["allout", "allout"], "had": ["that"], "it\u2019s": ["over", "me", "zoovier", "zoowap", "zoowap", "designer"], "dreams": ["ayy"], "zillion": ["bucks"], "bih": ["in"], "checking": ["for"], "bands": ["girl", "girl", "go", "up", "down", "i\u2019ma", "in", "go", "go", " ", "though", "go"], "couple": ["on"], "gonna": ["take"], "game": ["go"], "traffic": [" "], "know": ["if", "us", "my", "where", "if", "us", "my", "where", "my", "how", "my", "how", "is", "my", "how", "my", "how", "i", "they", "we", "my", "how", "my", "how", "my", "how", "i", " ", "is", "backwoods"], "press": ["rewind", "rewind", "rewind", "rewind"], "wings": ["on", "on", "i", "i", " "], "dare": ["that"], "like": ["some", "yeah", "press", "monty", "yeah", "some", "yeah", "monty", "yeah", "a", "zoowap", "what", "the", "hey", "hey", " ", "a"], "fettys": ["gon"], "50": ["60"], "zoovier": ["only", " ", "baby"], "you\u2019re": ["so"], "night": ["till"], "works": ["it", "it"], "nigga": ["living", "know", "run"], "fucking": ["bando"], "some": ["fine", "robins", "fine", "robins", "jimmy", "jimmy", "robin"], "shes": ["fine"], "sight": [" ", "cause"], "ain\u2019t": ["playing", "chasing", "never", "never", "playing", "afraid", "playing", "playing", "have", "no", "no"], "for": ["some", "some", "me", "us", "low", "nothin", "my"], "ice": ["on"], "tristate": [" "], "everything": ["designer", " "], "be": ["mine", "my", "mine", "my", "mine", "mine", "counting", "mine", "mine", "mine", "mine", "mine", "walking", "walking", "ayy", "countin", "letting", "in", "in", "smoking"], "run": ["his", "in"], "by": ["saying"], "on": ["you", "my", "every", "you", "my", "every", "my", "sight", "my", "jimmy", "get", "her", "her", "my", "your", "sink", "my", " ", "the", "a", "a", "my", "the"], "lifestyle": ["is", "is", "is", "is", "is", "is", "is"], "anything": ["to"], "getting": ["fly", "fly"], "rari": ["17", "17", "and"], "of": ["my", "my", "my", "the", "my", "my", "my", "the", "my", "my", "my", "the", "my", "the"], "twohundred": ["on"], "stamp": ["count"], "swear": ["that", "she", "i", "his", "my", "i"], "stand": ["though"], "pockets": ["all", "in", "and", "im"], "introduced": ["her"], "wanna": ["chill"], "or": ["its", "it\u2019s", "nothing", "nothing", "shut"], "jimmy": ["choo\u2019s", "choo\u2019s", "choo\u2019s", "choo\u2019s", "choo\u2019s", "choo\u2019s", "choo\u2019s", "choo\u2019s", "choo\u2019s"], "whats": ["up", "up"], "pussy": ["girl"], "down": ["when", "to", "ain\u2019t"], "nothing": ["rereremy", " "], "because": ["i"], "strip": ["club", "with"], "rolls": ["in"], "her": ["hit", "jimmy", "feet", "feet", "dreams", "to", "how", "hit", "how", "a", "everything"], "hey": ["whats", "whats"], "fast": ["money", "money"], "start": ["by"], "low": [" "], "way": ["to", "to", "to", "to", "to", "to", "to", "to", "to", "to", "to", "to", "to", "to", "that", " ", " ", " ", " "], "house": [" ", "then"], "ayy": [" ", " ", " ", " ", " ", " ", " ", " ", " ", " ", " ", " ", " ", " "], "lambos": [" "], "wap": ["from", "im"], "head": [" "], "buy": ["her", "you", "my"], "fasho": [" "], "batman": ["fettys", "fetty\u2019s"], "but": ["i", "i", "i", "i", "i\u2019m", "first"], "boys": ["got"], "hear": ["my"], "boyz": ["they", "you", "they", "you", "or", "or"], "with": [" ", " ", "it", "the", "my", "my", "my", "my", "my", "my", "my", "my", "my"], "he": ["playing", "playing", "aint", "put", "dumb", "disrespect", "mad", "mad", "mad"], "count": ["up"], "pull": ["up", "out"], "smooth": ["how"], "up": [" ", "anywhere", " ", "anywhere", "watch", "smooth", "on", "girl", "see", " ", " ", "hello", "watch", "hello", "hella", "thats", "or", " "], "us": [" ", " ", " ", " ", "to"], "problem": ["we", "we"], "daddy": ["im", "i\u2019m"], "rereremy": ["boyz"], "deep": ["pockets"], "fly": ["with", "with"], "as": ["hell", "fuck", "fuck", "fuck", "you"], "ay": ["yeaaah", "yeaaah", "yeaaah", "yeaaah"], "crystals": ["on"], "check": ["then"], "shit": ["up"], "headshots": ["if"], "again": ["baby", "baby", "baby", "baby", "baby", "baby", "baby"], "no": ["38", "38", "slow", "hood", "a1", "38", "38", "slow", "one", "a1", "games", "pussy", "games", "games", "games", "do", "true\u2019s", "hoes"], "when": ["its", "shell", "it\u2019s", "she\u2019ll", "we", "i", "you", "she", "she", "i", "his", "they"], "club": ["we"], "you": ["like", "talking", "see", "be", "see", "see", "know", "niggas", "know", "dont", "like", "talking", "see", "be", "see", "see", "know", "niggas", "know", "don\u2019t", "to", "crazy", " ", "know", " ", " ", "to", "crazy", " ", "know", " ", " ", " ", "understand", "i", " ", "fucked", "to", "crazy", " ", "know", " ", " ", "to", "crazy", " ", "know", " ", " ", " ", "know", "ay", "ay", "know", "baby", "baby", "with", "to", "crazy", " ", "know", " ", " ", "to", "crazy", " ", "know", " ", " ", " ", "to", "crazy", " ", "know", " ", " ", " ", "what", "want", "want", "got", "watching", "walking", "a", "do", "come", "out", "think", "could", "come", "come", "should", "you", "had", "where", "want", "out", "can", "like", "want", "on", "see", "gonna", "the", "should", "came", "checking", "know", "hear"], "out": ["of", "of", "of", "of", "my", "the", "of", "of", "of", "of", " ", "of", "of", "of", "of", "of", "of", "my", "all", "barely", "didnt", " ", "the"], "smell": ["the", "the"], "roll": ["them", " ", " "], "stay": ["the"], "a1": [" ", " "], "pies": ["with", "with"], "sewed": ["up", "up"], "yeaah": ["baby"], "hella": ["them"], "time": [" ", " "], "beamer": ["she", "sit"], "hello": [" ", " "]}