{"ritz": ["into", "into"], "all": ["the", "the", "the", "the", "means", "i", "i", "them", "they", "the", "my", "8", "the", "on", "on", "on", "in", "night", "you", "out", "on", "i", "out", "out", "my", "this", "day", "the", "the", "the", "the", "the", "the", "in", "dirty", "these", "i", "i", "over", "the", "i", "i", "i", "i", "i", "i", "i"], "since": [" "], "suicidal": [" "], "zoes": ["on"], "chain": ["worthy"], "watchu": ["lookin"], "dollar": ["line"], "yellow": ["drinking", "drinking", "drinking", "drinking", "drinking", "drinking", "ice", "bone"], "month": ["yea", "yea", "yea", "yea"], "themes": ["yeahyeah"], "grinning": [" "], "sleep": ["you", " "], "gang": ["of", "of", "of"], "hating": ["on"], "go": ["for", "for", "to", "to", "good", "tell", "tell", "tell", "tell", "and", "and", "pull", "head", "ahead", "down", "all", "outta", "to", "far", "through", "through", "through", "to", "through", "through", "through", "from", "through", "through", "through", "to", "to", "to", "out"], "jason": ["young"], "mill": ["or", "or"], "lowlife": [" "], "rot": ["im"], "spike": ["lee"], "drinkin": ["on"], " ": ["blow", "blow", "blow", "blow", "i", "40", "take", "what", "blow", "blow", "blow", "blow", "what", "i", "i", "put", "help", "stuff", "blowing", "all", "i", "all", "wrote", "i", "i", "when", "you", "think", "yall", "i", "like", "stay", "like", "im", "i", "i", "40", "take", "what", "blow", "blow", "blow", "blow", "just", "cost", "ludacris", "so", "took", "just", "worth", "niggas", "what", "i", "just", "3000", "everything", "too", "just", "nigga", "i", "bought", "got", "got", "i", "40", "take", "what", "blow", "blow", "blow", "blow", "or", "nigga", "you", "fuck", "the", "it", "show", "partner", "yea", "better", "yea", "swear", "all", "had", "i", "i", "make", "i", "40", "take", "what", "blow", "blow", "blow", "blow", "the", "i", "and", "a", "the", "sometimes", "my", "my", "my", "pain", "im", "i", "then", "to", "i", "and", "im", "trying", "niggas", "all", "i", "i", "and", "a", "and", "sometimes", "my", "my", "my", "pain", "taking", "and", "i", "that", "ima", "all", "niggas", "they", "they", "niggers", "then", "then", "then", "million", "better", "i", "and", "a", "and", "sometimes", "my", "my", "my", "pain", "im", "im", "yeah", "ay", "i", "ay", "i", "im", "and", "and", "i", "i", "i", "you", "im", "im", "i", "took", "took", "im", "i", "i", "i", "i", "found", "you", "lets", "sit", "these", "they", "first", "cooped", "im", "im", "10", "drizzed", "bag", "started", "ended", "i", "got", "remix", "got", "had", "cash", "come", "im", "aint", "vvs", "and", "going", "im", "im", "i", "hook", "you", "i", "you", "i", "go", "go", "go", "go", "in", "fill", "and", "catch", "lay", "and", "now", "trapping", "talk", "they", "so", "treble", "and", "how", "you", "i", "niggasll", "cross", "if", "its", "im", "i", "looking", "keep", "let", "slang", "i", "them", "theyll", "i", "be", "you", "you", "good", "aint", "im", "if", "dark", "rock", "everything", "gold", "we", "name", "gold", "100000", "coupes", "i", "and", "i", "my", "got", "im", "got", "we", "aint", "these", "i", "ima", "and", "live", "real", "name", "gold", "100000", "coupes", "i", "and", "i", "got", "my", "these", "we", "you", "you", "got", "kept", "took", "to", "lil", "i", "name", "gold", "100000", "coupes", "i", "and", "i", "im", "you", "you", "slang", "pull", "living", "chopping", "drink", "serving", "blowing", "got", "got", "smoke", "had", "bitch", "roll", "you", "i", "50000", "pop", "keep", "imma", "whipping", "young", "al", "i", "in", "nigga", "young", "we", "got", "got", "send", "i", "hol", "money", "killers", "if", "i", "i", "sell", "my", "i", "all", "have", "i", "getting", "i", "got", "she", "im", "bitch", "ferraris", "bout", "i", "its", "go", "girl", "and", "and", "getting", "east", "never", "bitch", "always", "baby", "used", "now", "if", "im", "i", "cause", "repping", "low", "know", "said", "low", "im", "said", "im", "low", "rep", "wake", "i", "if", "if", "porches", "taking", "popping", "bitch", "turn", "roaches", "flood", "got", "i", "this", "i", "niggas", "running", "shoot", "lil", "my", "cause", "repping", "low", "know", "said", "low", "im", "said", "low", "low", "rep", "cause", "and", "keep", "cause", "and", "and", "sniper", "wifey", "thats", "i", "thats", "i", "oh", "i", "getting", "getting", "getting", "getting", "and", "getting", "getting", "getting", "getting", "and", "i", "got", "she", "im", "bitch", "ferraris", "bout", "bout", "fishtailin", "two", "the", "sipping", "fishtailin", "two", "the", "sipping", "wala", "fishtailin", "sipping", "on", "call", "had", "the", "50", "ke", "all", "gotta", "cuse", "see", "two", "aye", "turn", "for", "drinkin", "im", "fishtailin", "two", "the", "sipping", "fishtailin", "two", "the", "sipping", "wala", "fishtailin", "sipping", "billionaire", "learned", "flyin", "just", "two", "gotta", "i", "ion", "you", "you", "im", "i", "i", "while", "my", "i", "and", "real", "ah", "yo", "yo", "hey", "yo", "yo", "yo", "hey", "yo", "yo", "yo", "hey", "yo", "yo", "yo", "hey", "yo", "yo", "yo", "hey", "yo", "yo", "yo", "hey", "yo", "yo", "yo", "hey", "yo", "yo", "yo", "hey", "yo", "yo", "yo", "hey", "yo", "yo", "yo", "hey", "yo", "yo", "yo", "hey", "yo", "yo", "yo", "hey", "yo", "yo", "yo", "hey", "yo", "yo", "yo", "hey", "yo", "yo", "yo", "hey", "yo", "yo", "yo", "hey", "yo", "we", "we", "its", "you", "cuz", "you", "i", "we", "i", "you", "ill", "wont", "you", "long", "youll", "i", "know", "you", "i", "i", "i", "as", "lets", "where", "i", "you", "i", "we", "from", "i", "you", "i", "i", "you", "you", "ooh", "but", "its", "and", "swear", "is", "is", "you", "i", "i", "actually", "you", "i", "i", "i", "you", "i", "hold", "we", "we", "i", "imma", "no", "we", "we", "she", "no", "we", "we", "you", "i", "your", "anytime", "but", "im", "you", "we", "i", "and", "we", "i", "we", "i", "imma", "no", "we", "we", "she", "no", "we", "its", "i", "you", "and", "its", "tell", "you", "everyday", "will", "and", "i", "cause", "and", "we", "we", "i", "imma", "no", "we", "we", "she", "no", "told", "im", "i", "im", "just", "we", "and", "and", "when", "you", "i", "i", "and", "last", "its", "these", "you", "preach", "you", "you", "you", "you", "you", "i", "im", "just", "we", "and", "and", "when", "you", "when", "i", "blow", "get", "i", "they", "they", "we", "we", "go", "they", "with", "and", "right", "i", "im", "just", "we", "and", "and", "when", "you", "im", "thatll", "would", "thats", "would", "thats", "im", "im", "dubbs", "if", "would", "when", "would", "when", "and", "i", "would", "thats", "would", "thats", "im", "im", "if", "can", "when", "if", "would", "could", "can", "like", "we", "can", "will", "will", "can", "would", "thats", "would", "thats", "im", "im", "take", "first", "baby", "bet", "bitch", "bitch", "bitch", "would", "thats", "would", "thats", "im", "im", "thats", "i", "on", "selling", "fucking", "at", "at", "im", "on", "gucci", "the", "i", "dont", "fucking", "puerto", "yellow", "iphone", "my", "red", "horse", "yellow", "space", "mail", "i", "on", "selling", "fucking", "at", "at", "im", "on", "im", "got", "bad", "just", "working", "drinking", "thumbing", "talking", "that", "vvs", "im", "free", "and", "i", "i", "on", "selling", "fucking", "at", "at", "im", "on", "give", "got", "my", "jump", "in", "flying", "doing", "walk", "spent", "in", "and", "i", "spike", "i", "on", "selling", "fucking", "at", "at", "im", "on", "im", "im", "im", "im", "is", "with", "used", "i", "and", "her", "and", "were", "on", "you", "if", "if", "we", "dont", "i", "and", "turn", "im", "i", "i", "i", "turn", "im", "im", "im", "turn", "im", "im", "im", "im", "send", "tell", "hangin", "and", "turn", "im", "i", "i", "i", "and", "and", "and", "whenever", "she", "but", "she", "now", "i", "to", "ive", "and", "just", "just", "and", "you", "and", "make"], "swag": ["im"], "apartment": ["and"], "lyrics": ["submitted", "submitted", "submitted", "submitted", "submitted", "submitted", "submitted"], "religion": [" "], "imma": ["take", "be", "be", "be"], "young": ["nigga", "nigga", "bitch", "nigga", "nigga", "nigga", "bitch", "future", "g", "hood", "nigga", "williams"], "send": ["it", "er", "er"], "to": ["copy", "bunch", "raise", "raise", "waste", "waste", "fill", "rent", "blow", "blow", "the", "your", "get", "blow", "california", "blow", "laying", "clear", "harvard", "hold", "chase", "take", "the", "the", "switch", "the", "the", "the", "cali", "the", "the", "take", "the", "the", "the", "the", "you", "what", "do", "you", "tell", "what", "do", "you", "tell", "the", "what", "do", "you", "tell", "the", "beat", "go", "fuck", "have", "stunt", "a", "take", "afterlife", "fuck", "fuck", "aspen", "do", "magic", "get", "drop", "be", "war", "myself", "me", "each", "do", "understand", "make", "be", "get", "each", "spoil", "him", "intervene", "share", "be", "you", "you", "me", "each", "do", "you", "get", "paradise", "get", "paradise", "go", "sleep", "practice", "you", "get", "paradise", "get", "paradise", "cut", "burn", "bring", "town", "you", "get", "paradise", "get", "paradise", "hong", "know", "get", "you", "talk", "my", "royalty", "az", "bathe", "another", "get", "drive", "drink", "change", "this", "keep", "medallions", "find", "probly", "dial", "take", "go", "sleep", "me"], "suite": ["trying"], "sorry": [" ", " ", " "], "te": [" "], "worth": ["a", "a"], "sent": [" "], "sniper": ["sniper", "sniper", "sniper", "sniper", " "], "shoot": ["you"], "dranking": ["talking"], "woman": ["want"], "street": ["nigga"], "league": [" "], "outside": ["crim"], "far": ["away"], "billionaire": ["boy"], "end": ["we", " ", "we", "we", "we", " ", " ", " ", " ", " ", " "], "rhyme": [" "], "wave": ["now", "get"], "heard": ["you", "that", "she", "she", "she", "she", "that"], "every": ["hour", "girl"], "aviator": ["gucci"], "jealous": [" "], "telling": ["who"], "locked": ["up"], "drinking": ["magic", "magic", "magic", "magic", "magic", "magic", "on"], "roaches": ["everywhere"], "four": ["now"], "heaven": ["sent"], "baking": ["pies"], "did": [" "], "die": ["for", "for", "for", "for", "for"], "tokyo": ["ay"], "laying": ["up"], "brother": [" "], "turnt": ["up"], "try": ["to", "to", "to", "and"], "these": ["hoes", "niggas", "zoes", "diamonds", "niggas", "niggas", "crimes", "two", "two"], "porshe": [" "], "team": [" ", "trafficin"], "quick": [" "], "freebands": [" "], "round": ["the", "a", "a", " "], "yall": ["niggas", "dont"], "louie": ["kicks", "gave"], "twerking": ["off"], "homey": ["and", "and", "and"], "ten": ["rifles", "snipers", "wifeys"], "thin": [" "], "bleeding": ["on"], "brrrat": [" "], "yourself": ["a"], "japanese": ["we"], "boots": ["with"], "past": ["life", "behind", "the"], "across": ["from", "her"], "second": [" "], "cost": ["300", "300", "your"], "chopping": ["bricks"], "champagne": [" "], "trailin": ["in"], "further": ["in", "in", "in"], "kidnap": ["you"], "birdman": ["numbers"], "wings": [" "], "snipers": [" ", " "], "even": ["play", "play", "know", "know", "tried", "finish", "drink"], "trick": ["but"], "what": ["i", "a", "i", "youre", "youre", "i", "i", "you", "my", "we", "we", "we", "im", " ", "you", "else", "else", "else", "up", "else", "else", "else", "else", "else", "up", "else", "else", "else", " ", "it", "it", "no", "no", "yeah", " ", "no", "yeah", "no", "no", "yeah", " ", "no", "yeah", "no", "no", "yeah", " ", "no", "yeah", "you"], "3x": [" ", " ", " ", " ", " ", " ", " ", " "], "trapping": ["rapping"], "clock": ["yeahyeah"], "wylin": [" "], "bail": ["on"], "rauri": [" "], "cooking": ["amy", "white", "white", "white", "dope", "dope", "dope", "dope"], "fingers": ["thats"], "poison": [" "], "find": ["us", "my", "out"], "lights": [" ", " ", " ", " "], "waiting": ["for"], "energy": ["im", " "], "goes": [" ", " ", " "], "attire": ["design"], "new": ["blow", "rarri", "mercedes", "porshe"], "learned": ["the"], "lighty": ["city"], "ever": ["since", "get", "been"], "bird": ["go"], "filled": ["up"], "told": ["you"], "body": ["bleeding", "peaking"], "ayee": ["whatchu"], "full": ["of", "of", "of", "of", "of"], "lee": ["need"], "marzal": ["on"], "youd": ["rather", "like"], "rarri": [" ", "yea"], "men": ["worth", " "], "stallion": [" "], "vet": ["she"], "here": ["with", "hustling", "aint"], "pluto": ["i", "talkin", "im", "im", "im", "im"], "water": [" ", "and"], "met": ["through", "er"], "tracks": ["like"], "let": ["the", "me", "you"], "meet": ["my"], "active": ["and"], "sing": ["for"], "shows": ["from"], "legend": ["god"], "change": ["a", "my", "the"], "extreme": ["yeahyeah"], "box": ["of"], "boy": ["im", "thats", "hold", "you", " "], "bible": [" "], "daughter": ["played", " "], "ahead": ["and"], "shoes": ["on"], "my": ["denim", "coat", "coat", "denim", "denim", "team", "family", "denim", "ac", "ac", "cup", "cup", "daughter", "denim", "paint", "denim", "jacket", "nigga", "pain", "pain", "pain", "thoughts", "pain", "jacket", "nigga", "pain", "pain", "pain", "jacket", "nigga", "pain", "pain", "pain", "old", "chucks", "little", "locks", "ear", "neck", "wrist", "cousin", "hands", "rival", "motherfucking", "swag", "neck", "piss", "draws", "diamonds", "check", "rari", "hand", "niggas", "whole", "own", "number", "phone", "room", "niggas", "cross", "religion", "baby", "side", "sixth", "face", "fuckin", "whole", "whole", "way", "taxes", "accountant", "lingo", "pimpin", "energy", "bitches", "own", "mother", "brother", "ego", "pocket", "homey", "best", "lens", "homey", "best", "concern", "main", "words", "homey", "best", "pocketloss", "heart", "pocketloss", "pocketloss", "bong", "gun", "mind", "way", "vault", "kids", "profession", "ear", "jeans", "neck", "mind", "mind", "cash", "young", "aviator", "cup", "way", "dreams", "cash"], "title": ["with"], "wherever": [" ", " "], "36": ["for"], "doooooo": [" "], "walkin": ["when", " ", "out"], "airport": ["for"], "saint": ["laurent"], "mings": [" "], "lingo": ["crazy"], "smoke": ["a", "a", "up"], "salty": [" "], "military": [" ", " "], "floor": ["now"], "430": [" "], "thats": ["all", "all", "the", "200", "repping", "your", "your", "your", "true", "a", "how", "how", "how", "all", "all", "ways", "all", "all", "full", "all", "all", "gone", "gone", "gone", "all", "all", "all", "the"], "motherfucking": ["kinfolk"], "love": ["you", "me", "my"], "ours": [" "], "family": [" "], "luvinher": ["beenehart"], "dubbs": ["i"], "porche": [" "], "brr": ["and", "wrap"], "bloody": [" "], "screens": ["in"], "till": ["the", "the", "the"], "word": ["got"], "wit": ["no", "my"], "thought": ["itd"], "x2lyrics": ["submitted"], "rican": ["japanese"], "thick": ["and"], "boosie": [" "], "unit": ["try"], "red": ["rauri", "eyes"], "standing": ["next"], "strapped": ["up", "up", "up"], "ash": ["it"], "from": ["a", "dead", "tokyo", "my", " ", "cross", "it", "a", "lil", "follies", "pakistan", "the", "no", "follies", "pakistan", "yo", "the", "the", "the", "the", "town", "the", "gotta", "mississippi", "me", "the"], "locd": ["out"], "snoop": ["dogg"], "aye": ["young"], "letcha": ["blow"], "whipping": ["up"], "mexico": ["for", "let", "from"], "two": ["years", "years", "bad", "bad", "bad", "bad", "bad", "bitches", "cups", "bad", "questions", "questions"], "next": ["to"], "bratc": [" "], "cali": ["yeahyeah"], "live": ["a", "and", "above", "better"], "avonlea": [" "], "call": ["that", "the", "hustle", "it", "magic", "up", "it", "magic"], "iphone": ["a", "sipping"], "alright": ["alright", " ", "alright", " "], "cocaine": [" "], "parkin": ["lot", "lot", "lot", "lot", "lot", "lot"], "type": ["writer", "to"], "tell": ["em", "em", "em", "em", "the", "the", "the", "her", "her", "you", "him", "the", "er", "er", "er", "her", "er", "er", "er"], "today": ["you", "you", "you", "you", "im"], "more": ["than", "and", " "], "breathe": ["without"], "flat": ["screens"], "popped": ["a"], "slim": [" "], "door": ["beamer"], "knows": ["about"], "sprite": ["got", "forever"], "vuitton": ["loui", "dont", "and"], "started": ["off", "clubbing"], "gangstas": ["in"], "mad": [" "], "flugazy": [" "], "chucks": ["now"], "it": [" ", " ", "in", " ", "in", " ", "up", " ", " ", "in", " ", "in", " ", "in", "in", " ", " ", "in", " ", "in", " ", "from", "was", " ", " ", "in", " ", "in", " ", " ", "is", " ", "came", " ", "is", " ", " ", "is", " ", "up", "up", "in", "with", " ", "til", "rot", " ", "real", "over", "on", "magic", "to", "magic", "mike", " ", "up", "is", "be", "heaven", "for", "up", "further", "to", "further", "main", "to", "serious", "further", " ", "goes", "goes", "in", "goes", "right", " ", " ", "to", "taste", " ", " "], "sofa": ["popping", "popping", "popping", "popping"], "phone": [" ", "call", "line", "cooking", "cooking", "cooking", "cooking"], "everywhere": ["like"], "broke": [" ", "the", "the", "the"], "baby": [" ", "girl", "momma", "bottle", "oooohh", " ", " ", "everythangs", "its"], "benefits": [" "], "hold": ["me", "it", "it", "it", "my", "my", "me", "dem"], "must": ["be"], "me": ["right", "think", "think", "right", " ", "right", "700", "something", "feel", "right", "back", "with", "with", "a", "im", "too", "right", "too", "too", "work", "like", "scuse", " ", "how", "i", "cheating", "cheating", "at", "on", "but", " ", "the", "dont", "they", " ", " ", " ", " ", "so", " ", "the", " ", "and", " ", "with", "find", "could", "like", "down", "patiently", " ", " ", " ", "an", "you", "free", "like", " ", " ", " ", " "], "tastefully": [" "], "none": ["of"], "crimes": [" ", "shooter"], "room": ["service"], "hour": [" "], "niggas": ["forgave", "cant", "cant", "wont", "start", "try", "selling", "get", "im", "im", "all", "serve", "locked", "tryna", "play", "play"], "this": ["just", "club", "my", "club", "club", "damn", "high", "serious", "serious", "shit", "cheddar"], "car": ["and"], "ride": ["get", "for", "you", "my", "or", "for", "for", "for", "for", "for"], "work": ["hard", "round", "you", " ", "disappear", "disappear", "disappear", "disappear"], "soul": [" "], "jackie": ["chan"], "can": ["say", "take", "take", "take", "spot", "ball", "hit", "whoop", "put", "get", "find", "walk", "talk", "fuck", "give", "give", "give", "letcha", "i", "you", "you", "you", "you", "have", "swim", "come", "buy", "get", "do"], "panamera": ["round"], "making": ["in", "in", "flips"], "jeweler": ["drop"], "didnt": ["wanna", "wanna", "mean"], "atl": [" "], "pick": ["you"], "control": ["of"], "heart": ["girl", "boy", "in", "boy", "through"], "crazy": [" ", " "], "traphouse": [" "], "stream": [" "], "give": ["a", "you", "you", "you", "me"], "wed": ["never"], "benz": ["whoa", " "], "share": ["our"], "fuck": ["out", "you", "nigga", "the", "her", "this", "the", "her", "this", "this", "me", "this", "wherever", "with", "her"], "high": ["getting", "getting", " ", "getting", "getting", " ", "getting", "getting", " ", "getting", "getting", " ", "getting", "getting", " ", "getting", "getting", " ", "getting", "getting", " ", "getting", "getting", " ", "getting", "getting", " ", " ", "horse", "siddity"], "locks": ["yeahyeah"], "pulling": ["up", "up"], "something": ["to"], "want": ["to", "fetti", " ", "nobody", "to", "her", "i", "to", "er", "your"], "gallon": ["of"], "dj": ["in"], "honest": [" ", " ", " ", " ", " ", " ", " ", " ", " ", " ", " ", " ", " ", " ", " ", " ", " ", " ", " ", " ", " ", " ", " ", " ", " ", " ", " ", " ", " ", " ", " ", " ", " ", " ", " ", " ", "and"], "repping": ["north", "for", "for", "for", "for", "for", "thats", "im", " ", "for", "for", "for", "for", "for", "for"], "homicide": ["murder", "murder", "murder", "ya"], "sir": ["you"], "sip": ["a", "of", "of"], "court": ["just", " ", "rotting"], "sit": ["on", "with"], "rather": ["be"], "afterlife": [" "], "hol": ["up"], "get": ["me", "inside", "inside", "inside", "a", "us", "in", "a", " ", "your", "shot", "nothing", "money", "that", "36", "up", "you", "a", "over", "this", "to", "to", "discouraged", "to", "to", "two", "to", "to", "tight", "off", "lost", "this", "too", "used", "jealous", "that", "the", "together", "together"], "hugh": ["hefner"], "stone": [" "], "everyday": [" ", "its"], "machine": [" ", "yeahyeah", " "], "how": ["many", "you", "it", "it", "it"], "hot": ["im", "im", "im"], "pair": ["go"], "worry": ["bout"], "hop": ["in"], "bentleys": ["i"], "if": ["anybody", "you", "you", "i", "they", "she", "she", "everythang", "some", "i", "twelve", "youd", "you", "you", "i", "i", "we", "she"], "smokers": [" "], "fare": ["on", "on", "on", "on"], "tried": ["to", "to", "to"], "fore": ["i"], "advice": [" ", " ", " "], "spot": ["a", "im", "im"], "loyalty": ["to", "lead"], "jimmy": ["walkin", "choos"], "3": ["months"], "comin": ["back"], "plane": ["to", "getting"], "wrist": ["whoa"], "blood": ["and"], "coming": ["down", "back"], "such": ["thing"], "sipping": ["on", "on", "on", "on", "on", "on", "out"], "racks": ["stuffed", "on", "on", "of", "stuffed", "cost", " ", "stuffed", "stuffed", " "], "man": ["i", " ", "the", "you"], "a": ["candle", "candle", "candle", "candle", "gram", "blunt", "month", "candle", "candle", "candle", "candle", "bird", "kilo", "little", "little", "gold", "mill", "mill", "copy", "taliban", "taliban", "gram", "month", "candle", "candle", "candle", "candle", "458", "458", "legend", "hundred", "hundred", "year", "year", "week", "week", "guest", "guest", "bball", "bball", "hundred", "playground", "safe", "tennis", "gram", "month", "candle", "candle", "candle", "candle", "boat", "bigger", "new", "gram", "month", "candle", "candle", "candle", "candle", "ratchet", "nigga", "bad", "penthouse", "demon", "ratchet", "nigga", "million", "million", "hit", "price", "ratchet", "nigga", "box", "hundred", "gallon", "half", "bean", "machine", "plug", "ride", "bunch", "benz", "homicide", "homicide", "homicide", "homicide", "plane", "cheap", "few", "ride", "nigga", "boss", "lick", "dirty", "rat", "bunch", "benzo", "young", "bunch", "second", "wise", "gang", "rock", "check", "dope", "rich", "gang", "nigga", "gang", "real", "bunch", "bunch", "panamera", "young", "young", "vet", "lot", "lot", "blunt", "lot", "nigga", "maserati", "donk", "ace", "lot", "young", "phone", "cake", "spider", "type", "nigga", "4", "rifle", "tube", "baby", "jerry", "styrofoam", "clean", "triple", "fuck", "poor", "hoes", "crib", "sip", "five", "traphouse", "lean", "nigga", "nigga", "baby", "nigga", "nigga", "nigga", "fuck", "driver", "superstars", "bitch", "half", "brick", "flyer", "brand", "do", "180", "gone", "360", "astronaut", "platinum", "embassy", "rare", "fck", "sip", "guarenteed", "bond", "promise", "mutual", "bond", "promise", "woman", "spell", "damn", "promise", "special", "bond", "promise", "pocket", "lick", "bitch", "nigga", "rider", "rider", "rider", "rider", "rider", "rider", "rider", "rider", "rider", "rider", "rider", "rider", "connection", "rider", "rider", "rider", "rider", "rider", "rider", "bitch", "rider", "rider", "rider", "rider", "rider", "rider", "jimmy", "immigrant", "bumble", "quarter", "metro", "jelly", "flight", "hundred", "young", "unit", "check", "rolling", "bunch", "bail", "pimp", "magic", "glimpse", "beamer", "loner", "crib", "pretty", "stallion", "precious", "hood", "good", "stay", "face", "flashlight"], "chasing": ["paper", "paper", "that"], "neck": ["in", "im", "porche", "no"], "famous": [" "], "whenever": ["you"], "coat": ["that", " "], "anytime": ["we", "you"], "thangs": ["from"], "switch": ["her"], "courage": [" "], "so": ["i", "i", "i", "scared", "mad", "walk", "i", "many", "many", "walk", "i", "walk", "i", "much", "they"], "road": ["doin"], "pimp": [" "], "things": ["that", "about", "on"], "order": ["what"], "talk": ["shit", "about", "to", "to", "to", " "], "exotic": ["im"], "serving": ["to", "jays"], "help": ["me", "me", "me"], "burn": ["the"], "ludacris": ["im"], "numbers": ["making"], "john": ["gotti", "gotti"], "over": ["from", "you", "yoooouuuu", "me", "night"], "move": ["that", "that", "that", "that", "that", "that", "that", "that", "that", "that", "that", "that", "that", "that", "that", "that", "that", "that", "that", "that", "that", "that", "that", "that", "that", "that", "that", "that", "that", "that", "that", "that", "that", "that", "that", "that", "that", "that", "that", "that", "that", "that", "that", "that", "that", "that", "that", "that", "that", "that", "that", "that", "that", "that", "that", "that", "that", "that", "that", "that", "that", "that", "that", "that", "that", "that", "that", "that", "that", "that", "that", "that", "that", "that", "that", "that", "that", "that", "that", "that", " "], "casted": ["with"], "tricked": ["you"], "years": ["off", "off"], "brain": [" "], "fifs": ["with"], "paper": ["stay", " ", " "], "through": [" ", "lik", "a", "my", "hell", "hell", "hell", "so", "hell", "hell", "hell", "hell", "hell", "hell", "thick", "the", "a", " "], "hangin": ["with"], "falling": ["for", "for"], "dem": ["pounds"], "hell": ["so", "to", "to", "so", "to", "to", "so", "to", "to"], "cold": [" "], "still": ["drive", "drive", "love", "want", "working"], "its": ["me", "waiting", "stinking", "going", "a", "a", "a", "a", "a", "full", "like", "water", "like", "like", "like", "like", "nice", "all", "hard", "yo", "ours"], "bunch": ["of", "of", "of", "of", "of", "of", "of"], "ima": ["blow", "say", "stack", "take", "pick"], "splurge": [" "], "benjamins": ["talking", " ", " "], "intervene": ["with"], "20": ["crip", "in"], "thank": ["to"], "la": ["familia"], "thang": ["up", " "], "curses": [" "], "clubbing": ["dranking"], "styrofoam": ["cup", " "], "better": ["help", " ", "wrote", " ", "tie", "go", "see", "know", "chruch", " "], "nessie": ["whoa", "whoa"], "spell": ["or"], "puerto": ["rican"], "bout": ["to", "to", "to", "the"], "main": ["thing", "fling", "stream", "dreams"], "rat": [" "], "then": ["i", "you", "they", "you", "quit", "we", "what", "i"], "them": ["bands", "bands", " ", "blow", "in", "hollow", "bodies", "streets", "gangstas", "my", "mollies", "lambs", "xans", "lambs", "the"], "evening": [" "], "crash": ["it", "it", "it"], "yo": ["shavening", "body", "broad", "lifell", "mouth", "watch", "past", "nigga", "nigga", "nigga", "nigga", "nigga", "nigga", "nigga", "nigga", "nigga", "nigga", "nigga", "nigga", "nigga", "nigga", "nigga", "nigga", "nigga", "nigga", "nigga", "nigga", "nigga", "nigga", "nigga", "nigga", "nigga", "nigga", "nigga", "nigga", "nigga", "nigga", "nigga", "nigga", "nigga", "nigga", "nigga", "nigga", "nigga", "nigga", "nigga", "nigga", "nigga", "nigga", "nigga", "nigga", "nigga", "nigga", "nigga", "nigga", "heart", "nigga", "nigga", "tongue", "nigga", "nigga", "kid", "nigga", "nigga", "night", "nigga", "nigga"], "fling": ["i"], "ya": ["ya", " ", " ", "life", " ", " ", "heart", "oxygen", "te", "heart", "soul", "heart", "till", "through", "till", " ", "till", "rinng"], "safe": ["filled"], "finish": ["i"], "number": ["four", "and", "you"], "answer": ["these"], "taliban": ["like", " "], "crib": ["my", " ", "wherever"], "they": ["see", "didnt", "didnt", "put", "work", "smell", "dont", "get", "looking", "smokers", "legs", "try", "salty", "know", "know", "know", "know", "know", "like", "high", "always", "tried", "even", "treat", "must", "doing", "can"], "half": ["of", "a"], "mollies": [" "], "now": ["and", "and", "and", "and", "ay", "im", "im", " ", " ", "my", "they", "im", "im", " ", "uh", " ", "she", "she"], "killed": ["quick"], "bigger": ["both"], "freeband": ["la"], "wont": ["feel", "give"], "stinking": ["up"], "robbing": ["jeans"], "name": ["another", "another", "another"], "oxygen": [" "], "always": ["turnin", "change", "repping", "repping", "lurkin"], "drop": ["yeahyeah", "me", "a", "a"], "hollin": ["out"], "harbor": ["shopping"], "weather": [" "], "newport": ["smoke"], "trap": ["spot"], "truth": [" ", " ", " "], "rock": ["star", "star", "a"], "found": ["me", "my", "my", "my"], "went": ["to", "from", "to", "back"], "quarter": ["key"], "marquelle": ["bratc"], "side": ["getting", "you", " ", " ", "bitch"], "daniielle": [" "], "bond": ["from", "from", "from", "thats"], "em": ["its", "its", "its", "its", "out", "out", "up", "forgave", "out", "out"], "square": ["feet", "feet"], "woo": [" "], "doing": ["birdman", "the"], "house": ["just", " ", " ", "ay", " ", " "], "turnin": ["up"], "hard": ["and", "to"], "700": ["for"], "yeah": ["i", " ", " ", "im", " ", " ", " ", "lyrics", "yeah", "yeah", "yeah", " "], "police": ["on"], "ball": ["all"], "ferraris": ["and", "and"], "beginnin": [" "], "year": ["what", " "], "our": ["life", "main", "thing"], "flock": ["yeahyeah"], "thing": ["as", "for", " ", " ", " ", " "], "pills": ["on"], "popping": ["like", "tags", "bottles", "bottles", "bottles", "bottles"], "out": ["of", " ", "my", "whoa", "on", "on", "here", "the", "in", "military", "like", " ", " ", "the", "of", "the", "of", "the", "the", "the", "of", "the", "of", "the", "in", "you", "wit", "of", "im", "on", "the", "the", "if", "past"], "leave": ["the", "yo"], "gon": ["starve", "lie", "hit", "lie", "lie", "never", "never", "never", "be"], "driving": ["foreign", "with", "planes"], "space": ["boots"], "god": ["damn", "down"], "motel": [" "], "nauseous": [" "], "immigrant": [" "], "ricky": [" "], "looking": ["at", "suicidal", "like"], "laid": ["up"], "playground": ["at"], "wide": [" "], "paradise": [" ", " ", " ", " ", " ", "lyrics"], "medicine": [" "], "got": ["brick", "that", "played", "played", "benjamins", "brick", "enough", "a", "a", "brick", "nothing", "it", "brick", "to", "back", "brr", "brr", "the", "the", "bitches", "a", "crack", "flaws", "flat", "a", "a", "the", "a", "workers", "some", "bentleys", "raris", "the", "my", "some", "em", "em", "lean", "em", "em", "all", "all", "all", "together", "my", "yo", "all", "all", "another", "no", "everything", "a", "some", "out", "benefits", "some", "my", "my", "that", "a", "my"], "cause": [" ", "im", "im", "they", "they", "youre", "i", "she"], "qiandre": ["luvinher"], "highway": [" "], "she": ["working", "gonna", "catch", "catch", "gonna", "gone", "gone", "gone", "a", "got", "in", "from", "keep", "aint", "gon", "be", "come", "got", "a", "a", "a", "will", "ready", "recognize", "honest", "stay"], "uh": ["huh"], "shut": ["it"], "working": [" ", " ", "with"], "bass": ["put"], "frank": ["matthews"], "turned": ["up"], "million": ["crimes", "rhyme", "aint"], "molly": ["what", "and", "what"], "story": [" "], "free": ["bands", "up", "bands", "champagne"], "embassy": [" "], "everythangs": ["on"], "reason": ["why", "why"], "flyer": [" "], "california": [" "], "struggle": [" "], "put": ["the", "the", "spikes", "spikes", "a", "spikes", "spikes", "that", "in", "in", "that", "me", "the"], "matthews": [" "], "hand": ["like"], "beginning": [" ", " ", " "], "juan": ["take"], "mars": ["at", "at", "at", "at"], "ate": ["some"], "yard": ["them"], "jet": [" "], "g": ["in"], "yahad": ["the"], "surgeries": [" "], "could": ["buy", "make", "tell", "see", "you", "you"], "kiss": ["all"], "days": ["gone", "get"], "keep": ["up", "up", "them", "a", "a", "a", "a", "ten", "ten", "a", "twenty", "twenty", "ten", "the", "my", "her", "er"], "turn": ["down", "the", "up", "a", "the", "out", "on", "on", "on", "on", "on"], "jumping": ["out"], "place": ["youd"], "100000": ["on", "on", "on"], "twenty": ["rifles", "snipers"], "beenehart": [" "], "shootin": ["dice", "for"], "loud": [" "], "think": ["a", "a", "i", "i", "i", "i", "about"], "fuckin": ["wave"], "first": ["by", "ima"], "458": ["bought", " "], "flood": ["my"], "there": ["anything", "any", "for", "for", "for", "for", "for", "for", "for", "anytime"], "dont": ["even", "even", "recognize", "open", "even", "need", "sell", "lie", "wanna", "wanna", "wanna", "neva", "wanna", "wanna", "wanna", "wanna", "want", "wanna", "wanna", "get", "worry", "touch", "want", "even", "get"], "blown": [" "], "feel": ["the", "my", "my", "my", "ya"], "scene": [" ", "bloody"], "sack": [" ", "going"], "one": ["time", " ", "to"], "feet": ["3000", " "], "hook": ["future"], "done": ["turnt", "took", "took", "took", "took"], "bitch": ["gotta", " ", "pulling", "nigga", "looking", "from", "from", "im", "i", "kissing", "from", "from", "wanna", "with", " ", "thats", "thats", "thats", "thatll"], "another": ["nigga", "nigga", "nigga", "league", "nigga", "one"], "guap": ["yeahyeah"], "owner": [" "], "donk": [" "], "cups": [" "], "crip": ["cause"], "tomorrow": [" "], "blunts": [" ", "for", "man"], "cris": ["angel"], "fire": ["for", " "], "city": [" "], "little": ["better", "better", "beat"], "vipline": [" "], "guest": ["house", "house"], "service": ["bill"], "their": ["brain"], "dogg": [" "], "chan": [" "], "while": ["i"], "paint": ["rarri"], "180": [" "], "2": ["bad", "bad", "bad", "bad"], "too": ["much", "much", " ", " ", "honest", " ", "thirsty", " ", " "], "stuffed": ["down", "down", "down", "down"], "dealing": ["it"], "eightythou": [" "], "white": [" ", " ", " ", "selling", "selling", "stones", "stones", "selling", "selling"], "hundred": ["fucking", "fucking", "thousand", "dollar", "eightythou", "over"], "syrup": [" ", " "], "spaceship": [" "], "friend": [" ", " ", " ", " "], "penitentiary": [" "], "ceiling": ["fans", "fans"], "selling": ["a", "white", "mid", "white", "mid", "white", "mid", "white", "mid"], "lot": ["of", "of", "of", "of", " ", " ", " ", " ", "im", " ", " ", " "], "relationship": ["you"], "that": ["money", "kush", "money", "kush", "money", "kush", "money", "kush", "in", "in", "money", "kush", "money", "kush", "shit", "money", "kush", "money", "kush", "hop", "bitch", "money", "money", "kush", "money", "kush", "escalade", "rare", "escalade", "aint", "escalade", "cream", "other", "thang", "fire", "pressure", "new", " ", "on", "low", "low", "low", "low", "low", "low", "low", "low", "low", "low", "low", "low", "lowlife", "work", "work", "work", "work", "new", "dope", "dope", "dope", "dope", "dope", "dope", "dope", "dope", "dope", "dope", "dope", "dope", "dope", "dope", "dope", "dope", "dope", "dope", "dope", "dope", "dope", "dope", "dope", "dope", "dope", "dope", "dope", "dope", "dope", "dope", "dope", "dope", "dope", "dope", "dope", "dope", "dope", "dope", "dope", "dope", "dope", "dope", "dope", "dope", "dope", "dope", "dope", "dope", "dope", "dope", "dope", "dope", "dope", "dope", "dope", "dope", "dope", "dope", "dope", "dope", "dope", "dope", "dope", "dope", "dope", "dope", "dope", "dope", "dope", "dope", "dope", "dope", "dope", "dope", "dope", "dope", "dope", "dope", "dope", "dope", "you", "yao", "active", "dirty", "money", "gambino", "her", "beamer", "ive", "cake", "she"], "diddy": [" "], "gym": [" "], "hotel": ["to"], "serve": ["fiends"], "took": ["two", "two", "a", "shit", "some", "some", "some", "ya", "a", "ya", "ya", "it", "it", "it", "it", "my"], "snatch": ["a", "a", "a"], "lifell": ["change"], "because": ["i"], "bringin": ["them"], "rifle": [" ", " "], "x2": [" ", " ", " "], "kept": ["it"], "copy": ["machine", "my"], "representing": ["for", "that"], "than": ["the", "the", "the", "the", "the", "the", "the", "the", "the", "the", "the", "the", "we"], "earthlin": ["now"], "boarding": ["on"], "10": ["flight"], "gotti": ["the", "was", " "], "grew": ["up", "up", "up"], "showed": ["your"], "rival": ["they"], "gotta": ["blow", "question", "make", "get", "drop", "thing", "live", "pack", "hold", "get"], "tree": [" "], "slowed": ["down", "down", "down"], "submitted": ["by", "by", "by", "by", "by", "by", "by", "by", "by"], "war": ["over"], "karate": ["chwaaa"], "matter": ["what", "what", "what", "what", "what", "what", "what", "what", "what", "what", "what", "what", "what", "what", "what", "what", "what", "what"], "idle": [" "], "future": [" ", "and", " ", "bringin"], "guilt": ["so"], "williams": [" "], "were": ["walking", "the"], "design": [" "], "playing": ["file"], "bet": ["you", "you", "you"], "and": ["ill", "roll", "ill", "roll", "ill", "roll", "the", "ill", "roll", "im", "crash", "it", "i", "im", "game", "crash", "you", "im", "game", "crash", "i", "i", "im", "its", "i", "you", "my", "they", "snoop", "leave", "get", "popping", "leave", "go", "snatch", "yo", "we", "im", "we", "we", "snatch", "its", "then", "them", "ash", "show", "i", "im", "my", "them", "the", "my", "they", "they", "they", "im", "im", "them", "the", "yellow", "yellow", "the", "yellow", "yellow", "pull", "go", "the", "my", "grinning", "the", "learn", "im", "more", "my", "im", "your", "aint", "we", "ima", "you", "my", "i", "when", "i", "i", "when", "hit", "we", "i", "when", "thin", "i", "we", "ireine", "stretch", "it", "white", "white", "my", "some", "i", "they", "i", "yves", "i", "i", "if", "never", "she", "i", "stand", "if", "if", "when", "its", "seen", "tell", "tell", "promise"], "before": ["dishonor"], "lick": [" ", "for"], "outta": ["sight"], "angel": [" "], "bumble": ["bee"], "ran": ["up"], "niggasll": ["shit"], "greyhound": [" "], "few": ["thangs"], "spent": ["today", "today", "today", "today", "so"], "kicks": ["thats"], "talking": ["to", "laughing", "on"], "say": ["blow", "a", "you", "its", "you"], "murder": [" ", "murder", " ", "murder", " "], "rent": ["a"], "have": ["went", "a", "my", "no", "to", "whateva"], "need": ["a", "a", "them", "no", "ya", "to", "to", "to", "to", "er"], "seen": ["a", "er"], "breakfast": [" "], "grind": ["up"], "any": ["chance", "place", "relationship"], "spade": ["bottle", "like"], "sell": ["a", "remix", "no", "dreams"], "kush": ["like", "like", "and", "like", "like", "and", "like", "like", "and", "like", "like", "and", "like", "like", "i"], "hood": ["im", "nigga", "girl"], "pretty": ["face"], "built": ["a", "a", "a", "a"], "lil": ["mexico", "mexico", "mexico", "things"], "probly": [" "], "friends": [" "], "mid": ["at", "at", "at", "at"], "lik": ["skerrrrrrrrrrrrrrr"], "mix": ["matching"], "kaleena": [" "], "squad": ["what", "what"], "take": ["a", "a", "a", "a", "it", "it", "his", "it", "the", "a", "a", "a", "the", "it", "the", "you", "a", "control"], "ego": ["in"], "blunt": ["i", "i", "i", "i", "of"], "rider": ["a", "a", " ", "a", "a", " ", "a", "a", " ", "watchu", "a", " ", "a", "a", " ", "a", "a", " ", "a", "a", " ", "a", "a", "alright"], "guarenteed": [" "], "200": [" "], "play": ["nigga", " ", "brrrat", "with", "for", "for"], "sure": ["you", "when"], "pain": ["running", "running", "running", "running", " ", "running", "running", "running", "running", "running", "running", "running", "running", "from", "pills", "runnin"], "serena": [" "], "huh": [" "], "price": [" "], "who": ["blow", "i", "listening", "shooting"], "dial": ["it"], "petals": ["when"], "mouth": ["make"], "printed": ["it"], "nothing": ["to", "but", "but"], "fck": ["about"], "medal": [" "], "why": ["a", " ", " "], "grinding": ["up"], "death": ["before"], "forever": [" ", " "], "don": ["juan"], "ke": ["young"], "nobody": ["can", "but", "come", "can"], "clear": ["my"], "sometimes": ["i", "i", "i"], "drive": ["in", "in", "the"], "face": ["im", "your", "and", "send"], "thirsty": ["get"], "shavening": [" "], "clean": ["free", "shirt", " "], "metro": ["twerking"], "er": [" ", " ", " ", " ", "cause", "fore", "i", " ", "too", "she", " ", " ", " ", " ", " ", " ", " ", "my", "ive", "in", "man", "too", "in", "to", "ive", "with", "if", "tell", "we"], "came": ["out", "up", "from"], "shop": ["wit"], "saying": [" "], "walking": ["back", "back", "on"], "shot": ["for"], "gold": ["medal", "all", "bottles", "bottles", "bottles"], "show": ["me", "me"], "chances": ["when", "when", "when", "slim"], "lay": ["low"], "retire": [" "], "cheap": ["motel"], "ending": ["then"], "bring": ["god"], "colors": [" "], "chartered": [" "], "jump": ["across"], "x3": [" "], "corner": [" "], "sweaty": ["would"], "eyes": ["on", "no"], "chruch": ["my"], "ground": [" "], "aint": ["got", "enough", "way", "coming", "gone", "ready", "never", "no", "never", "nothing", "get", "never", "got", "even", "never", "none", "tryna", "got", "my", "mean", "a", "mean", "even", "had", "gone", "nothin"], "ear": ["whoa", "ring"], "medallions": [" "], "dice": ["im"], "blowin": ["money"], "true": ["inspiration", "colors", " "], "writer": [" "], "fans": ["like", " "], "should": ["have"], "being": ["honest", "honest", "honest", "honest", "honest", "honest", "honest", "honest", "honest", "honest"], "tears": [" ", " ", " "], "going": ["to", "to", "down", "in", "for", "back", "back", "back", "out", "crazy"], "rich": ["who", "nigga"], "8": ["themes"], "mike": ["will"], "itd": ["be"], "wearing": ["diapers"], "do": [" ", " ", " ", "is", "my", "a", "a", "with", "it", "tell", "about"], "his": ["life", "main"], "hit": ["the", "on", "the", "onyx", "a", "a", "greyhound"], "above": ["the"], "means": ["i"], "beat": ["in", "the"], "dope": [" ", "boy", "fiends", "deal", " ", " ", "hey", " ", " ", " ", " ", "hey", " ", " ", " ", " ", "hey", " ", " ", " ", " ", "hey", " ", " ", " ", " ", "hey", " ", " ", " ", " ", "hey", " ", " ", " ", " ", "hey", " ", " ", " ", " ", "hey", " ", " ", " ", " ", "hey", " ", " ", " ", " ", "hey", " ", " ", " ", " ", "hey", " ", " ", " ", " ", "hey", " ", " ", " ", " ", "hey", " ", " ", " ", " ", "hey", " ", " ", " ", " ", "hey", " ", " ", " ", " ", "hey", " ", " ", "at", "at", "at", "at", "boys"], "between": ["our", " "], "watch": ["young"], "lead": ["to"], "legs": ["wide"], "coast": ["nigga"], "pocket": [" ", "during"], "beam": [" "], "bean": ["yeahyeah", "gangster", " "], "killers": ["around"], "stars": ["now"], "words": ["mean"], "during": ["the"], "kong": [" "], "aspen": ["i"], "him": ["off", "aint", "i"], "smash": [" "], "spikes": ["around", "around", "around", "on", "go"], "swim": [" "], "bel": ["harbor"], "girl": ["dripping", "go", "i", "hold", "overdose", "want", "you", " ", " "], "ended": ["up"], "taxes": [" "], "loyal": [" "], "bag": ["it"], "bad": ["drink", "dont", "bitches", "bitches", "bitches", "bitches", "bitches", "bitches", "bitches", "bitches", "bitches", "bitches", "bitches", "bitches", "bitches", "bitches"], "stuff": ["the", "the"], "spiked": ["up"], "gram": ["of", "of", "of", "of"], "double": ["back", "tree"], "mercedes": [" "], "piss": ["coming"], "where": ["im", "you", "nobody", "the", "im"], "wrote": ["a", "a"], "preach": ["gone"], "magic": [" ", " ", " ", " ", " ", " ", "wala", "wala", "wala", " ", " ", " ", " ", " ", " ", " ", " ", " ", "wala", "wala", "wala", " ", " ", "in", "don", "and"], "blew": [" "], "set": ["my", "my", "my"], "geeking": ["on"], "questions": ["i", " ", " ", "i", " ", "please"], "dump": ["like"], "mind": ["i", "gone", "blown"], "committed": ["they"], "we": ["got", "aint", "used", "done", "gon", "aint", "used", "can", "aint", "used", "go", "was", "forgot", "wearing", "dont", "dont", "dont", "became", "dont", "dont", "dont", "dont", "got", "dont", "dont", "made", "broke", "took", "made", "gon", "met", "started", "spend", "spend", "spend", "didnt", "aint", "made", "broke", "took", "made", "gon", "can", "can", "together", "been", "aint", "got", "made", "broke", "took", "made", "go", "go", "shootin", "live", "aint", "go", "made", "make", "laid", "can", "get", "gon", "get", "make", "go"], "wifeys": [" "], "sex": [" "], "gangster": ["lean"], "see": ["racks", "is", "me", "me", " ", "what", "these", " ", "ya", "you", "a", "er"], "kicked": ["out"], "horse": [" ", "shoes"], "skully": ["on", "on"], "hoes": ["gone", "time"], "yeahyeah": [" ", " ", " ", " ", " ", " ", " ", " ", " ", " ", " ", " ", " ", " ", " ", " "], "wait": ["for", "to"], "bee": ["pinky"], "glimpse": [" "], "best": ["of", "friend", "friend", "friend"], "concern": ["cause"], "gotten": ["a"], "bong": ["hold"], "capone": ["john", " "], "said": ["im", "im", "im", "im"], "draws": ["im"], "destiny": ["phelps"], "ireine": [" "], "ways": ["beyond"], "jumped": ["all"], "away": [" "], "tags": ["on", "i"], "please": [" "], "yves": ["saint"], "suge": ["djifa"], "enough": ["weed", "for"], "diamonds": ["aint", "aint", "around"], "burned": ["em"], "jock": ["yeahyeah"], "youll": ["shop", "come"], "monsters": ["call"], "360": [" "], "bought": ["a", "a", "a", "the"], "50000": ["on"], "hefner": ["ay"], "never": ["turn", "liked", "going", "going", "going", "snitching", "waste", "tell", "tell", "end", "end", "come", "end", "had", "had", "turn", "make"], "janet": ["in"], "scuse": ["me", "me"], "stand": ["up"], "gambino": ["jumping"], "everythang": ["fell"], "planes": [" "], "boss": [" "], "guitar": ["play"], "kicking": ["it"], "harvard": [" "], "answers": [" ", " ", " "], "spoil": ["ya"], "adderall": ["nauseous"], "cousin": ["future"], "precious": ["jewel"], "killing": ["shit"], "come": ["through", "back", "right", "between", "between", "in", "racks", "to", "sit", "through"], "bone": ["on"], "kitchen": ["baking", "cooking", "cooking", "cooking"], "both": [" ", "ate"], "last": ["night"], "mob": [" "], "many": ["a", "surgeries", "curses"], "ill": ["blow", "blow", "blow", "blow", "blow", "blow", "blow", "blow", "go"], "fishtailin": ["out", "out", "out", "out", "out", "out"], "jelly": ["bean"], "foreign": ["coupes"], "connection": ["cant", "thats"], "became": ["the"], "lookin": ["for", "for", "for", "for", "for", "for", "for", "for", "for", "for", "for", "for", "for", "for", "for", "for", "for", "for", "for", "for", "for", "for", "for", "for", "for", "for"], "loui": ["vuitton", "vuitton"], "vault": [" "], "whole": ["house", "club", "body", "lot", "life", "life", "time", "thing"], "wear": ["gucci", "bally", "gucci", "bally", "gucci", "bally", "gucci", "bally"], "enzo": [" "], "pakistan": ["what", "what"], "liked": ["nintendo"], "madness": [" ", " ", " "], "wala": ["magic", "magic", "magic", "magic", "magic", "magic", "magic", "magic"], "drunk": ["a"], "bricks": ["like"], "sky": ["5"], "denim": ["ill", "stuff", " ", "ill", "ill", "ill"], "jeans": [" ", "robbing", "with"], "promises": ["and"], "pop": ["a"], "walk": ["around", "until", "with", "with", "with", "inside"], "key": [" "], "bathe": ["me"], "thumbing": ["through"], "eviction": ["number"], "3000": ["square", "square"], "fetti": ["yo"], "escalade": ["and", "and", "and"], "actually": ["thats"], "boat": [" "], "patiently": ["tastefully"], "platinum": ["then", "infiniti"], "quit": [" "], "most": ["to", "to"], "raise": ["my", "my"], "deep": ["dont"], "would": ["disappear", "you", "you", "run", "you", "you", "you", "you", "you", "you", "you", "you", "you", "you", "you"], "west": ["side"], "lurkin": [" "], "three": ["drugs"], "been": ["through", "mix", "on", "right", "casted", " ", "in", "lookin", "lookin"], "yao": ["mings"], "much": ["money", "money", "at"], "damn": ["right", "cash", "thing", "time", "time", "time", "time", "time", "time", "time", "time", "time", "time", "time", "time", "time", "time", "time", "time", "time", "time", "time", "time", "time", "time", "time", "time", "time", "time", "time", "time", "time", "time", "time", "time", "time", "time", "time", "time", "time", "time", "time", "time"], "treat": ["you", "you", "her"], "ah": ["push"], "brick": ["fare", "fare", "fare", "fare", "you"], "waste": ["everything", " ", "a"], "whoa": [" ", " ", " ", " ", " ", " ", "whoa", " ", "whoa", " ", " ", " ", "whoa", " ", " ", " "], "woke": ["up", "up", "around"], "shine": ["thunderstorms"], "peaking": [" "], "life": [" ", "you", "im", "im", "im", " ", "turn", "low", "low", " ", " ", " ", "low", "low", "low", " ", " ", " ", "low", "low", " ", "to", "my", " ", " ", " ", "low", "low", " ", " ", " ", "low", "low", "low", " ", " ", " ", "im", "low", "low", " ", " ", "is"], "flight": ["pringle", " "], "deeper": ["than", "than", "than", "than", "than", "than", "than", "than", "than", "than", "than", "than"], "rinng": [" "], "packs": ["and"], "drugs": ["i", "i", "at"], "gliss": ["and"], "thousand": ["blunts"], "wet": ["like"], "onyx": [" "], "snitching": ["i"], "else": ["hey", " ", " ", " ", " ", " ", " ", " ", " ", " ", " ", "because"], "pringle": ["all"], "whatever": ["we"], "kids": [" "], "wake": ["up"], "mothafuckin": ["spaceship", "dayship"], "ooh": ["boy"], "mail": ["a"], "catch": ["a", "me", "me"], "overdose": ["my"], "haters": ["im"], "driver": ["just"], "visine": ["im"], "diapers": [" "], "runnin": ["hella"], "djifa": [" "], "myself": ["what", "questions"], "fiends": ["they", " "], "limits": ["see"], "juice": ["and"], "maceo": [" "], "balloons": ["lyrics"], "bill": ["cost"], "harder": [" "], "cash": ["in", "in", "out", "make", "way", "in", "money", "right"], "will": ["never", "never", "made", "never", "you", "your", "miss"], "gucci": ["skully", "skully", "i", "made", "i", "i", "like", "i"], "ain": ["been"], "ratchet": [" ", " ", " "], "flashlight": [" "], "kissing": ["on", " "], "taking": ["three", "pain", "chances", "chances", "chances"], "coolest": ["dj"], "pack": ["miami"], "penthouse": [" "], "ive": ["been", "met", "been", "tried", "been"], "kinfolk": [" "], "10000": ["single"], "thatll": ["stay", "hold"], "played": ["all", " ", "on", "them", "me"], "is": ["full", " ", "fame", "full", " ", "full", " ", "sell", "for", "just", "shawty", "it", "there", "there", "that"], "coupes": ["all", "im", "thats", "all", "im", "all", "im"], "demon": [" "], "designs": ["up"], "sleeping": ["with"], "pinky": ["ring"], "cant": ["keep", "keep", "feel", "breathe", "believe", "get", "nobody", "think", "wait", "tell"], "good": ["on", "or", "advice", "advice", "advice", "girl"], "im": ["freeband", "a", "strapped", "spiked", "on", "strapped", "strapped", "gone", "gone", "in", "cooking", "gone", "gone", "chasing", "gone", "gone", "always", "gone", "gone", "going", "back", "from", "going", "from", "just", "just", "just", "just", "just", "just", "just", "just", "just", "just", "a", "just", "just", "just", "just", "just", "driving", "just", "just", "just", "just", "just", "just", "just", "just", "just", "honest", "just", "just", "just", "just", "just", "just", "just", "just", "just", "just", "saying", "frank", "gotti", "sorry", "a", "fucking", "on", "camoed", "in", "always", "repping", "repping", "representing", "repping", "repping", "repping", "on", "always", "repping", "repping", "representing", "repping", "repping", "the", "the", "a", "a", "a", "a", "a", "pluto", "hawkin", "sifi", "swimmin", "asking", "falling", "falling", "jocking", "just", "taking", "taking", "going", "taking", "lookin", "lookin", "lookin", "from", "on", "lookin", "lookin", "lookin", "lookin", "lookin", "lookin", "on", "on", "killing", "dealing", "kicking", "locd", "on", "on", "in", "rolling", "in", "in", "driving", "on", "on", "lookin", "lookin", "lookin", "lookin", "lookin", "lookin", "lookin", "lookin", "lookin", "lookin", "lookin", "lookin", "lookin", "a"], "triple": ["beam"], "in": ["my", "a", "a", "my", "my", "my", "my", "my", "the", "a", "my", "my", "a", "a", "a", "a", "the", "the", "my", "the", "a", "the", "my", "my", "the", "a", "the", "a", "pluto", " ", "the", "the", "my", " ", " ", " ", "the", "a", "the", "yo", "the", "survival", "the", "broad", "platinum", "my", "the", "the", "that", "a", "a", "the", "my", "the", "the", "the", "your", "a", "the", "the", "a", "that", "benjamins", "another", "my", " ", " ", " ", " ", "the", "the", "the", "the", "the", "the", "3", "the", "the", "sweaty", " ", "the", "italy", "fifs", "the", "pluto", "mars", "my", "cash", "bel", "the", "a", "the", "the", "my", "case", "case"], "ready": ["for", "say", " ", "for"], "partner": ["made"], "lambs": ["what", "what"], "bubble": ["gum"], "fame": [" "], "disappear": ["call", "call", "call", "call", "from"], "chase": ["the"], "ransom": [" ", " ", " "], "hong": ["kong"], "az": ["on"], "bottles": ["on", "im", "on", "im", "on", "im", "at", "at", "at", "at"], "shirt": [" "], "open": ["up", "yo"], "swimmin": ["in"], "make": ["all", " ", "me", "yourself", "sure", "a", "that", "that", "it", "a", "that", "that", "you", "me", "mistakes", "a", "no", "magic", "sure"], "dishonor": [" "], "cross": ["you", "the", "with", "down"], "same": ["work", "damn", "damn", "damn", "damn", "damn", "damn", "damn", "damn", "damn", "damn", "damn", "damn", "damn", "damn", "damn", "damn", "damn", "damn", "damn", "damn", "damn", "damn", "damn", "damn", "damn", "damn", "damn", "damn", "damn", "damn", "thang", "damn", "damn", "damn", "damn", "damn", "damn", "damn", "damn", "damn", "damn"], "check": ["on", " ", "boarding", "a"], "belly": ["of"], "80s": [" "], "limitation": [" "], "shawty": [" "], "cream": ["yeahyeah"], "showing": ["you"], "week": ["i", " "], "used": ["to", "to", "to", "to", "to", "to", "to"], "lie": ["to", "to", "to", " ", "for"], "keys": ["like"], "drink": ["the", " ", "a", "coronas", "tomorrow"], "vvs": ["in", "and", "and"], "rain": ["shine"], "weed": ["to"], "beast": [" "], "ion": ["trick"], "running": ["deeper", "deeper", "deeper", "deeper", "deeper", "deeper", "deeper", "deeper", "deeper", "deeper", "deeper", "deeper", "with"], "000": ["on"], "infiniti": [" "], "discouraged": [" "], "fucked": ["her"], "maserati": ["pulling"], "flips": ["like"], "stack": ["it"], "thoughts": [" "], "kid": ["no", "no", "all", " ", "no", "no", "where", "would", "death", "like"], "dark": ["marzal"], "ring": ["a", "a"], "off": ["took", " ", "with", " ", "wax", " ", "the"], "choos": ["the"], "i": ["got", "blow", "spent", "blow", "got", "could", "make", "make", "need", "blow", "drink", "hit", "printed", "blow", "blow", "got", "got", "blow", "spent", "blow", "still", "blow", "blow", "got", "got", "blow", "spent", "blow", "was", "blow", "blew", "went", "just", "just", "got", "blow", "spent", "blow", "put", "wanna", "can", "work", "went", "woke", "seen", "should", "put", "wanna", "can", "commit", "put", "wanna", "can", "smoke", "woke", "had", "just", "put", "aint", "been", "get", "bought", "drunk", "gliss", "gleam", "popped", "jumped", "went", "got", "float", "grew", "heard", "fuck", "am", "hit", "grew", "put", "can", "played", "grew", "keep", "was", "had", "fucked", "keep", "was", "had", "came", "keep", "was", "had", "have", "can", "was", "can", "can", "tricked", "be", "be", "got", "do", "get", "lean", "just", "turn", "feel", "dont", "go", "free", "been", "will", "will", "got", "got", "was", "got", "turn", "cant", "think", "like", "think", "like", "think", "like", "just", "got", "make", "got", "make", "forgot", "smoked", "burned", "got", "make", "got", "make", "know", "could", "used", "was", "i", "stay", "double", "know", "done", "could", "know", "dump", "took", "ain", "thank", "got", "done", "thought", "cant", "let", "still", "just", "cant", "dont", "bet", "bet", "aint", "got", "got", "done", "found", "could", "had", "got", "want", "found", "see", "still", "aint", "took", "made", "know", "found", "had", "go", "talk", "can", "just", "got", "gotten", "done", "go", "talk", "can", "just", "hit", "had", "came", "go", "talk", "can", "just", "wanna", "wanna", "can", "come", "just", "wanna", "wanna", "need", "come", "need", "ever", "wanna", "wanna", "wanna", "wanna", "wanna", "wear", "wear", "rock", "fuck", "wear", "wear", "see", "wear", "wear", "can", "keep", "check", "wear", "wear", "dont", "heard", "dont", "wanna", "do", "wish", "heard", "heard", "heard", "know", "heard", "heard", "wanna", "go", "get", "cant", "want", "run", "got"], "moonlyrics": ["submitted"], "youre": ["making", "making", "loyal"], "codeine": [" ", "drank"], "anybody": ["knows", "with"], "nothin": ["nobody", "else"], "ocean": ["it", "no", "i", " ", "it", "no", "i", " ", "it", "no", "i", "lyrics"], "rapping": ["in"], "knowin": ["my"], "jocking": ["me", "you"], "without": ["me"], "greatest": [" "], "bottle": ["sip", "like"], "mother": ["oooohh"], "very": ["beginning", "end", "beginning", "end", "beginning", "end"], "cuse": ["me"], "the": ["gucci", "gucci", "cash", "cash", "drugs", "drugs", "songs", "songs", "strongest", "strongest", "scene", "blunt", "way", "way", "crib", "blunt", "rich", "enzo", "car", "deed", "power", "blunt", "coolest", "world", "game", "ocean", "ocean", "ocean", "ocean", "evening", "ocean", "ocean", "ocean", "ocean", "shit", "plug", "sack", "paper", "ocean", "ocean", "ocean", "ocean", "moon", "moon", "whole", "plasma", "weekend", "moon", "moon", "extreme", "clock", "flock", "drop", "moon", "moon", "10000", "mellie", "celly", "cold", "whole", "trip", "benz", "sky", "sixth", "moon", "moon", "kitchen", "scene", "atl", "cut", "strip", "bass", "pavement", "side", "ending", "title", "rifle", "same", "guitar", "yard", "police", "tracks", "club", "truth", "spot", "truth", "trap", "strip", "niggas", "hood", "truth", "mob", "dope", "grind", "bible", "80s", "girl", "squad", "ritz", "floor", "west", "military", "penitentiary", "molly", "valley", "plane", "juice", "carbon", "trash", "ritz", "wave", "reason", "reason", "squad", "parkin", "way", "purple", "yellow", "parkin", "way", "purple", "parkin", "purple", "airport", "way", "blunts", "fire", "greatest", "lot", "haters", "parkin", "way", "purple", "yellow", "parkin", "way", "purple", "parkin", "purple", "astronaut", "mothafuckin", "mothafuckin", "best", "questions", "answers", "past", "questions", "answers", "day", "things", "questions", "answers", "very", "very", "rules", "kid", "whole", "lil", "kid", "fuck", "man", "very", "very", "rules", "kid", "most", "most", "very", "very", "rules", "kid", "good", "streets", "kitchen", "chain", "burden", "streets", "courage", "belly", "guilt", "good", "streets", "kitchen", "game", "couch", "cross", "stars", "ground", "highway", "lighty", "good", "streets", "kitchen", "rain", "kid", "kid", "kid", "road", "way", "bond", "money", "money", "town", "red", "same", "phone", "same", "same", "same", "same", "same", "same", "same", "same", "sofa", "same", "way", "word", "way", "double", "whole", "bean", "wings", "team", "spikes", "same", "phone", "same", "same", "same", "same", "same", "same", "same", "same", "sofa", "same", "sack", "suite", "jet", "iphone", "styrofoam", "same", "phone", "same", "same", "same", "same", "same", "same", "same", "same", "sofa", "same", "gym", "jeweler", "same", "same", "phone", "same", "same", "same", "same", "same", "same", "same", "same", "sofa", "same", "vipline", "vuitton", "nissan", "corner", "owner", "type", "weather", "world", "lights", "lights", "lights", "broad", "dope", "hallways", "lights", "one", "number", "world", "moonlyrics"], "smoked": ["the"], "spend": ["it", "it", "it", "it", "time", "more", "benjamins"], "bodies": ["off"], "left": ["magic"], "understand": [" "], "burden": [" "], "just": ["bought", "to", "to", "built", "built", "built", "built", "want", "need", "got", "honest", "honest", "honest", "honest", "honest", "honest", "honest", "honest", "being", "being", "being", "being", "being", "being", "being", "being", "honest", "honest", "honest", "honest", "honest", "honest", "honest", "honest", "too", "honest", "honest", "honest", "honest", "honest", "honest", "honest", "honest", "being", "some", "to", "took", "took", "to", "left", "beginnin", "come", "scared", "so", "slowed", "so", "slowed", "so", "slowed", "need", "a", "like", "so", "in", "in"], "benzo": [" "], "yea": ["i", "i", "if", "i", "that", "nigga", "i", " ", " "], "money": ["like", "like", "like", "like", "like", "like", "its", "in", "in", "like", "like", "like", "every", "like", "like", "stay", "nigga", "like", "for", "my", "but", "the", "gone", "got", "smell"], "hands": ["dirty", "on"], "cheddar": [" "], "gun": [" "], "shape": ["and"], "mistakes": ["to"], "cocky": [" "], "wifey": ["wifey", "wifey", "wifey", "wifey", " ", "wifey", "wifey", "wifey", "wifey", " ", "wifey", "wifey", "wifey", "wifey", " ", "wifey", "wifey", "wifey", "wifey", " "], "daylight": ["no"], "kilo": [" "], "touch": ["her"], "couch": ["down"], "blow": ["that", "that", "that", "that", "it", "it", "it", "it", "blow", "blow", "that", "blow", "that", "blow", "that", "blow", "that", "racks", "the", "them", "them", "it", "it", "it", "it", "blow", "blow", "that", "blow", "that", "blow", "that", "blow", "that", "it", "it", "it", "it", "it", "it", "blow", "blow", "that", "blow", "that", "blow", "that", "blow", "that", " ", " ", "got", " ", " ", " ", " ", "your", "thats", "days", "so", "their", "that", "it", "it", "it", "it", "blow", "blow", "that", "blow", "that", "blow", "that", "blow", "that", "it", "it"], "cut": [" ", "him", "the"], "cup": ["just", " ", "and", "with"], "niggers": ["try"], "rose": ["petals"], "workers": ["like"], "had": ["to", "to", "to", "to", "to", "to", "to", "to", "your", "to", "to", "to", "did", "been", "a"], "cuz": ["its", "yeahyeah", "we"], "day": [" ", "we", " "], "streets": ["as", "thats", " ", "thats", "thats", "raised"], "lets": ["get", "put"], "4": ["door"], "crack": ["all", " "], "astronaut": ["nigga", "kid", "kid"], "as": ["a", "limitation", "im", "i"], "east": ["coast"], "plasma": ["for"], "camoed": ["all"], "gave": ["me"], "real": ["street", "with", "nigga", "nigga", "dope", " "], "purple": ["and", "and", "and", "and", "and", "and"], "starving": [" "], "around": ["my", "my", "with", "my", "me", "430", "my"], "phelps": [" "], "rules": ["we", "we", "we"], "bands": ["i", " ", " ", "on"], "survival": [" "], "follies": ["with", "with"], "gonna": ["fuck", "fuck"], "amy": ["winehouse"], "game": ["is", "is", "is", "playing"], "royalty": [" "], "five": ["star"], "know": ["who", "struggle", "why", "this", "what", "im", "im", "im", "a", "a", "a", "a", "a", "tricks", "all", "what", "youll", "you", "i", " ", "my", "these", " ", " ", "these", " ", " ", " ", " ", " ", " ", "lyrics", "your", "to", "i", "we"], "listening": ["make"], "dripping": ["wet"], "world": [" ", "you", "about", " "], "hollow": ["shells"], "pies": ["snatch", " "], "dreams": [" ", "and", " "], "stylist": [" "], "gum": [" "], "whatchu": ["lookin"], "like": ["a", "a", "a", "a", "a", "a", "a", "a", "a", "ceiling", "ceiling", "a", "a", "a", "a", "a", "a", "kaleena", "a", "a", "a", "a", "a", "a", "a", "a", "a", "hugh", "whoa", "fish", "balloons", " ", "boosie", "john", "karate", "a", "janet", "a", "im", "im", "a", "machine", "eviction", "im", "its", "we", "you", "we", "her", "her", "her", "her", "her", "her", "her", "her", "her", "her", "her", "her", "newport", "my", "cris", "two", "our", "every", "i", "were", "we", "diddy", "you", "you", "any", " ", "some", "a", "im", "cocaine", "jackie", "a", "to", "a"], "lost": ["can"], "pounds": ["if"], "miami": ["heat"], "hustling": [" "], "italy": ["bally"], "50": ["000"], "talkin": ["jimmy"], "pavement": [" "], "serious": [" ", " ", " "], "laughing": ["and"], "night": ["nigga", "was", "you", "yeah"], "hung": ["out"], "nissan": ["now"], "twelve": ["pull"], "right": ["now", "now", " ", "now", "now", "now", "ever", "back", "where", "now", " ", "now", " "], "old": ["phone", "man"], "deal": ["is"], "fucking": ["men", "men", "anybody", "2", "up", "2", "2", "2"], "scared": ["for", "for"], "trafficin": ["that"], "some": ["guap", "bitches", "real", "molly", "bitch", "bitches", "molly", "bitch", "poison", "money", "things", "diamonds", "bubble", "water"], "back": [" ", "from", "to", "on", "to", "dirty", "to", "to", "like", "like", "again", "again", " ", " ", "to", "to"], "dead": ["broke"], "oh": ["thats"], "strongest": ["dope", "lean"], "alteasha": [" "], "neva": ["end", "end", "end", "end", "end"], "sight": [" ", "niggas", " "], "candle": ["block", "block", "block", " ", " ", " ", " ", " ", " ", " ", "yea", " ", " ", " ", " ", " ", " ", " ", " ", "lyrics"], "matching": ["designs"], "jays": ["outside"], "learn": ["to"], "for": ["go", " ", "trying", "serena", "you", "by", "you", "breakfast", "the", "you", "you", "the", "the", "ya", "life", "being", "life", "a", "a", "that", "that", "that", "that", "that", "that", "that", "that", "that", "that", "that", "that", "what", "the", "me", "me", "real", "ransom", "me", "ransom", "ransom", "ya", "the", "it", "her", "her", "ya", "the", "it", "ya", "the", "you", "keep", "keeps", "hundred", "the", "a", "a", "yo", "yo", "a", "a", "the", "the", "yo", " ", "yo", "a", "a", "a", "me", "me", "yo", "yo", "a", "a", "yo", "yo", "a", "a", "er", "er", "er", "er", "er", "er", "er", "er", "er", "er", "er", "er", "er", "er", "the", "er"], "bball": ["court", "court"], "broad": ["in", "daylight", "day"], "decision": [" "], "thunderstorms": [" "], "lean": [" ", "yeahyeah", " ", "house", "all", "and"], "ice": [" ", "getting", "a"], "moon": ["3x", "3x", "3x", "3x", "3x", "3x", "3x", "3x"], "everything": ["go", "go", "exotic", "a"], "cooped": ["up"], "asking": ["myself"], "drizzed": ["it"], "belt": ["im"], "doin": ["shows"], "whoop": ["a"], "hustle": ["everyday"], "be": ["so", "fresh", "geeking", "fly", "is", "forever", " ", "cocky", "there", "there", "the", "there", "there", "this", "there", "there", "winning", "there", "there", "the", "wylin"], "blowing": ["racks", "money"], "run": ["run", "through", "across"], "power": ["blow"], "rep": ["rep", "rep", "rep", "rep", "rep", "rep", " ", "rep", "rep", "rep", "rep", "rep", "rep", "woo"], "300": ["racks", "racks"], "sixth": [" ", "time"], "each": ["other", "other", "other"], "curl": [" "], "sifi": [" "], "pressure": ["on"], "cheating": ["i", "i"], "crim": [" "], "worthy": [" "], "flaws": ["im"], "by": ["all", "destiny", "maceo", "the", "alteasha", "suge", "daniielle", "marquelle", "qiandre", "jason", "avonlea"], "mellie": ["whoa"], "plug": [" ", "yeahyeah"], "on": ["me", "put", " ", "blow", "ice", "me", "that", "me", "me", "that", "future", "your", "sight", "all", "my", "the", "loud", "that", "and", "the", "the", "you", "a", "the", "ya", "ya", "me", "my", "smash", "bottles", "watches", "coupes", "bitches", "me", "the", "bottles", "watches", "coupes", "sight", "bottles", "watches", "coupes", "yo", "the", "ya", "them", "the", "my", "the", "the", "tags", "adderall", "the", "the", "the", "my", "a", "a", "sprite", "the", "the", "the", "they", "me", "rose", "my", "my", "my", "the", "my", "the", "me", "the", "pluto", "mars", "the", "louie", "the", "my", "the", "a", "the", "pluto", "mars", "the", "that", "the", "the", "al", "the", "the", "ya", "film", "the", "pluto", "mars", "the", "dirty", "the", "you", "the", "the", "the"], "about": ["blowin", "showing", "yahad", "whatever", "the", "you", "it"], "rare": ["codeine", "pair"], "chwaaa": [" "], "ace": ["of", "of"], "getting": ["it", "high", "high", "high", "faded", "chartered", "money", "kicked", "high", "high", "high", "high", "high", "high", "high", "high", "high", "high", "high", "high", "high", "high", "high", "high", "high", "high", "high", "high", "high", "high", "high", "high"], "rari": [" "], "of": ["kush", "jeans", "them", "kush", "kush", "here", "kush", "madness", "madness", "madness", "blunts", "lean", "a", "pies", "packs", "monsters", "bad", "bad", "bad", "narcotics", "codeine", "kush", "sex", "chronic", "crack", "spade", "syrup", "syrup", "ace", "spade", "magic", "magic", "em", "magic", "magic", "friends", "ya", "beast", "town", "affection", "clones", "me"], "months": ["im"], "cleans": [" "], "pocketloss": [" ", " ", " "], "rifles": [" ", " "], "stretch": ["it"], "swear": ["thats", "i"], "hawkin": [" "], "forgave": ["for", "me"], "cherish": ["yo"], "commit": ["a"], "tongue": [" "], "mean": ["for", "to", "for", "the", "the"], "wanna": ["get", "get", "see", "see", "get", "take", "retire", "put", "fuck", "sing", "neva", "x3", "neva", "x2", "neva", "x2", "know", "neva", "x2lyrics", "know", "know", "know", "know", "know", "know", "know", "know", "know", "live", "tell", "be"], "or": ["better", "better", "to", "where", "you", "bad", "you", "both"], "block": [" ", " ", " "], "flying": ["cash"], "treble": ["with"], "raised": ["me"], "own": ["time", "medicine"], "winehouse": ["ay"], "film": [" "], "keeps": ["you"], "tight": ["and"], "into": ["a", "a", "me"], "float": ["like"], "profession": [" "], "loner": [" "], "down": ["in", "in", "in", "in", "ay", " ", "im", " ", "20", "on", "on", " ", " ", " ", "on", "for", "knowin", " "], "chronic": ["nigga"], "momma": ["and"], "nigga": ["dont", "dont", "need", "ima", "set", "up", "set", "up", "set", "up", "standing", "aint", "hot", "life", "aint", "hot", "im", "yall", "out", "hot", "shit", "story", "neck", "get", "get", "sell", "line", "splurge", "workin", "play", "idle", "where", "we", "repping", "keep", "keep", "keep", "keep", "keep", "better", "move", "move", "move", "move", "move", "move", "move", "move", "move", "move", "move", "move", "move", "move", "move", "move", "move", "move", "move", "move", "move", "move", "move", "move", "move", "move", "move", "move", "move", "move", "move", "move", "move", "move", "move", "move", "move", "move", "move", "move", "move", "move", "move", "move", "move", "move", "move", "move", "bitch", "through", " ", "yea", "ayee", " ", " ", " ", "alright", " ", "streets", "serving"], "promise": ["to", "to", "to", "to", "she"], "strip": ["club", "club"], "wrap": ["my"], "youu": ["baby"], "siddity": ["girl"], "your": ["blow", "house", "bitch", "head", "hands", "whole", "daughter", "back", "wifey", "wifey", "wifey", "true", "eyes", "face", "shape", "loyalty", "loyalty", "chances", "energy"], "bally": ["at", "belt", "at", "at", "at"], "behind": ["us"], "mississippi": ["all"], "pretendo": [" "], "carbon": [" "], "her": ["to", "out", "on", "broads", "sorry", "sorry", "like", "like", "like", " ", "like", "like", "like", " ", "like", "like", "like", " ", "broads", "yeah", " ", "more", "she", "she", "in", "old", "promises", "to", "today", "nothin"], "shells": [" "], "gleam": ["yeahyeah"], "tennis": ["court"], "question": ["a"], "hey": [" ", "move", "move", "move", "move", "move", "move", "move", "move", "move", "move", "move", "move", "move", "move", "move", "move", "move", "move", "move", "move", "move", "move", "move", "move", "move", "move", "move", "move", "move", "move", "move", "move"], "long": ["as", "turned"], "start": ["hating"], "accountant": ["he"], "drank": [" "], "winning": [" "], "low": ["in", "life", "life", "life", "life", "life", "low", "life", "life", "life", "life", "life", "life", "life", "life", "life", "life", "life", "life", "life", "life", "life", "life", "low", "life", "life", "life", "life", "life", "life", "life", "life", "life", "life", "life", "life"], "way": ["too", " ", "what", "i", "i", "to", "i", "i", "i", "to", "back", "i", "im", "long", " "], "wax": ["i"], "skerrrrrrrrrrrrrrr": ["on"], "dayship": [" "], "valley": ["i"], "was": ["gone", "going", "gon", "gon", "gon", "a", "never", "grinding", "starving", "an", "into", "woke", "a"], "fish": ["whoa"], "starve": ["or"], "head": [" ", "and", "do"], "buy": ["a", "a"], "north": ["side"], "pimpin": [" "], "believe": ["you"], "brand": ["new"], "bitches": ["with", "kissing", "im", "with", "out", "with", "from", "i", "i", "wanna", "i", "i", "trailin", "on", "and", "at", "at", "in", "at", "at"], "but": ["i", "a", "pain", "i", "i", "my", "i", "now", "i", "youu", "the", "its", "she"], "spider": [" "], "boys": ["in"], "heat": ["they"], "hallways": [" "], "familia": ["my"], "clones": [" "], "laurent": [" "], "line": ["up", "order", " "], "trying": ["to", "to", "to"], "with": ["dirty", "your", "a", "a", "the", "the", "a", "a", "nessie", "nessie", "them", "the", "my", "me", "me", "all", "me", "keys", "a", "us", "they", "some", "your", "ice", "the", "us", "an", "me", "a", "his", "you", "the", "you", "all", "you", "the", "yo", "the", "the", "the", "a", "me", "the", "me", "the", "a"], "porches": ["in"], "he": ["gone"], "celly": ["whoa"], "pull": ["up", "up", "out", "up"], "made": ["that", "it", "a", "a", "a", "a", "a", "a", "a", "the", "in"], "wise": ["decision"], "wish": ["that"], "inside": ["that", "that", "that", "the"], "banging": ["20"], "attached": [" "], "up": ["like", "niggas", " ", "with", "with", " ", "like", "in", "the", "with", " ", "with", " ", "like", "the", "ay", "ay", "in", "the", "the", "with", "whoa", "on", " ", "in", "that", "on", "round", "in", "shootin", "in", "in", "ran", "my", "a", "a", "on", "from", "sir", "and", " ", "what", "all", "in", " ", "take", " ", "my", "like", " ", "for", "for", "in", "right", "on", "at", " ", "like", "here"], "us": ["some", "scuse", " ", "and", " "], "until": ["you"], "broads": ["what", "what"], "dirty": ["money", "world", " ", "im", " ", "got", "sprite"], "case": ["i", "she"], "faded": ["with"], "cake": ["just", " "], "jerry": ["curl"], "affection": [" "], "whateva": ["you"], "gone": ["for", " ", "to", "to", "to", "to", "jock", "to", "to", "never", "to", "to", "make", "head", "need", "be", "be", "be", "take", "come", "treat", "stay", "stay", "that", "cheat"], "ac": ["still", " "], "shooter": ["committed"], "tryna": ["ride", "be"], "taste": ["just"], "recognize": ["who", "a"], "forgot": ["to", "to"], "am": ["or"], "al": ["capone", "capone"], "watches": ["im", "im", "im"], "an": ["earthlin", "astronaut", "apartment"], "fly": ["but"], "single": ["whoa"], "at": ["the", "one", "my", "nigga", "the", "the", "the", "the", "the", "the", "the", "the", "the", "the", "the", "the", "the", "the", "the", "the", "the", "the", "the", "the", "the", "the", "the", "the", "the", "the", "the", "the", "the", "the", "the", "the", "louie", "the", "the", "the", "the", "the", "the", "the", "the", "the", "the"], "file": [" "], "ay": ["and", " ", "and", " ", " ", " ", " ", " ", " ", " ", " "], "shopping": ["and"], "deed": ["to"], "shooting": [" "], "trip": ["whoa"], "shit": ["once", "ive", "to", "i", "on", "a", " ", "on"], "fill": ["a", "it"], "again": [" ", " "], "mutual": ["friend"], "beyond": ["loui"], "theyll": ["kidnap"], "stones": ["vvs", " "], "no": ["tears", "tears", "tears", "pretendo", "telling", "stylist", "cleans", "money", "life", "such", "limits", "matter", "matter", "matter", "matter", "matter", "matter", "strings", "matter", "matter", "matter", "matter", "matter", "matter", "matter", "matter", "matter", "matter", "matter", "matter", "visine", "flugazy", "move"], "when": ["i", "you", "we", "i", "you", "you", "i", "you", "you", "you", "i", "you", "you", "days", "im", "i", "we", "you"], "superstars": ["attire"], "40": ["racks", "racks", "racks", "racks"], "narcotics": ["then"], "til": ["it"], "club": ["hollin", "banging", "on", "im", "up", "what", "what"], "raris": [" "], "other": ["side", "we", "we", "wed"], "5": ["fingers"], "special": ["connection"], "yoooouuuu": ["x2"], "tie": ["her"], "you": ["spend", "see", "spend", "spend", "aint", "can", "spend", "niggas", " ", "got", "walk", "see", "better", "blood", "cuz", "say", "wanna", "niggas", "say", "up", "open", " ", "gotta", "cut", "gotta", "any", "out", "aint", "gotta", "put", "and", "call", "ready", "ready", "gon", "want", "shut", "ride", "better", "but", "but", "fuck", "aint", "niggas", "but", "know", "know", "can", "want", "at", "in", "know", "go", "killed", "in", "ricky", "wanna", "famous", "would", "a", "walkin", "walkin", "comin", "got", "was", "ride", "die", " ", " ", "know", "cant", "gone", "got", "showed", "played", "meet", "hung", "know", "baby", "make", "doooooo", "wanna", "can", "feel", "walking", "walking", "got", "got", "had", "gotta", "jocking", "harder", "got", "my", "and", " ", "mean", "i", "baby", " ", " ", "the", "in", "in", "go", "sleeping", "have", " ", "pain", "in", "know", "still", "gotta", "cant", " ", " ", "the", "in", "in", "go", "in", "like", " ", " ", "the", "in", "in", "go", "ride", "die", "fuck", "kiss", "ride", "lie", "ride", "die", " ", "help", "cherish", "never", "love", "love", "be", "never", "ever", "hold", "wait", "answer", "ride", "die", "on", "up", "can", "like", "aint", "right", "ride", "die", "know", "can", "wanna", "just", "see", " ", "need", "gotta", "treat", "know", "know", "up", "cant", "tell"], "trash": ["out"], "smell": ["like", "like"], "roll": ["it", "it", "it", "it", "a"], "nice": ["to"], "poor": ["house"], "miss": ["me"], "star": ["my", "for", "hotel"], "practice": ["what"], "living": ["like"], "cheat": ["and"], "coronas": [" "], "stay": ["chasing", "chasing", "clean", "high", "down", "down", "round", "clean", "true"], "lens": [" "], "town": [" ", "to", " ", "baby"], "chance": ["they"], "fell": ["would"], "nintendo": [" "], "rolling": ["like", "stone"], "weekend": ["ay"], "slang": ["a", "a"], "inspiration": [" "], "workin": [" "], "remix": ["remix", "like", "dont"], "anything": ["you"], "stunt": ["me"], "rotting": ["cuz"], "tricks": ["like"], "flyin": ["down"], "jewel": ["you"], "together": [" ", " ", "girl", "we"], "strings": ["attached"], "jacket": [" ", " ", " "], "xans": ["with"], "oooohh": [" ", " "], "hella": ["deep"], "time": [" ", "freebands", " ", "getting", " ", "we", " ", " ", " ", " ", "at", " ", "at", " ", " ", " ", " ", " ", " ", " ", "at", " ", "at", " ", " ", " ", " ", " ", " ", " ", "at", " ", "at", " ", " ", " ", " ", " ", " ", " ", "at", " ", "at", " ", " ", "lyrics"], "push": ["it"], "fresh": ["dont"], "beamer": ["driving", " ", "was"], "songs": ["got", "got"], "tube": ["a"], "once": [" "]}