{"all": ["them", "them", "them", "them", "them", "that", "your", "feel", "my"], "liar": ["liar", "pants"], "forget": ["it"], "dance": ["floors"], "four": [" ", " ", " ", " ", " ", "good"], "go": ["through", "through", "through", "through", "through", "back"], "follow": ["mine"], "hate": ["you"], " ": ["damn", "it", "you", "but", "let", "oh", "let", "come", "knowing", "ok", "but", "flossin", "knowing", "ok", "but", "aiyo", "cuz", "youse", "ten", "he", "in", "in", "quick", "me", "when", "had", "throwing", "stop", "and", "but", "aiyo", "and", "it", "staining", "sweatin", "heard", "honey", "thats", "messing", "and", "if", "on", "bounce", "i", "gots", "my", "shorty", "didnt", "flyest", "thats", "i", "them", "rolling", "thats", "im", "females", "acting", "taking", "you", "nahwhatimean", "you", "damn", "it", "you", "but", "let", "oh", "let", "come", "knowing", "ok", "but", "flossin", "knowing", "ok", "but", "aiyo", "cuz", "youse", "ten", "he", "in", "in", "quick", "me", "when", "had", "throwing", "stop", "and", "but", "aiyo", "and", "it", "staining", "sweatin", "heard", "honey", "thats", "messing", "and", "if", "on", "bounce", "i", "gots", "my", "shorty", "didnt", "flyest", "thats", "i", "them", "rolling", "thats", "im", "females", "acting", "taking", "you", "nahwhatimean", "you", "damn", "it", "you", "but", "let", "oh", "let", "come", "knowing", "ok", "but", "flossin", "knowing", "ok", "but", "aiyo", "cuz", "youse", "ten", "he", "in", "in", "quick", "me", "when", "had", "throwing", "stop", "and", "but", "aiyo", "and", "it", "staining", "sweatin", "heard", "honey", "thats", "messing", "and", "if", "on", "bounce", "i", "gots", "my", "shorty", "didnt", "flyest", "thats", "i", "them", "rolling", "thats", "im", "females", "acting", "taking", "you", "nahwhatimean", "you", "damn", "it", "you", "but", "let", "oh", "let", "come", "knowing", "ok", "but", "flossin", "knowing", "ok", "but", "aiyo", "cuz", "youse", "ten", "he", "in", "in", "quick", "me", "when", "had", "throwing", "stop", "and", "but", "aiyo", "and", "it", "staining", "sweatin", "heard", "honey", "thats", "messing", "and", "if", "on", "bounce", "i", "gots", "my", "shorty", "didnt", "flyest", "thats", "i", "them", "rolling", "thats", "im", "females", "acting", "taking", "you", "nahwhatimean", "you", "damn", "it", "you", "but", "let", "oh", "let", "come", "knowing", "ok", "but", "flossin", "knowing", "ok", "but", "aiyo", "cuz", "youse", "ten", "he", "in", "in", "quick", "me", "when", "had", "throwing", "stop", "and", "but", "aiyo", "and", "it", "staining", "sweatin", "heard", "honey", "thats", "messing", "and", "if", "on", "bounce", "i", "gots", "my", "shorty", "didnt", "flyest", "thats", "i", "them", "rolling", "thats", "im", "females", "acting", "taking", "you", "nahwhatimean", "you", "yo", "revenge", "while", "wonderin", "i", "my", "them", "my", "for", "ten", "worth", "yall", "liar", "verbal", "i", "thats", "get", "dont", "and", "hey", "you", "look", "and", "who", "im", "bet", "i", "took", "my", "kangol", "guerilla", "niggaz", "rip", "when", "or", "frauds", "bird", "stay", "think", "i", "you", "now", "you", "they", "because", "ask", "i", "half", "terry", "bring", "my", "prestige", "the", "sprouting", "and", "they", "back", "pretty", "proof", "my", "ibf", "listen", "im", "sometimes", "now", "now", "thats", "the", "ghostface", "tommy", "he", "maybe", "brothers", "no", "lost", "snuck", "goldie", "starstudded", "and", "scottfree", "theyre", "tired", "i", "one", "put", "come", "fine", "we", "before", "swallow", "slim", "theyll", "theyll", "oh", "tonys", "now", "always", "ooooo", "sometimes", "sometimes", "life", "this", "i", "sometimes", "life", "yet", "life", "my", "sometimes", "those", "lord", "i", "he", "i", "thats", "sometimes", "life", "this"], "buddy": ["tone"], "paris": ["and", "and", "and", "and", "and"], "send": ["em"], "to": ["go", "leave", "blow", "do", "him", "put", "bang", "his", "war", "your", "watch", "hold", "go", "leave", "blow", "do", "him", "put", "bang", "his", "war", "your", "watch", "hold", "go", "leave", "blow", "do", "him", "put", "bang", "his", "war", "your", "watch", "hold", "go", "leave", "blow", "do", "him", "put", "bang", "his", "war", "your", "watch", "hold", "go", "leave", "blow", "do", "him", "put", "bang", "his", "war", "your", "watch", "hold", "rearrange", "battle", "morocco", "step", "me", "keep", "have", "it", "gran", "the", "dc", "kiss", "pass", "be", "die", "be"], "erects": ["and"], "under": ["my", "my", "my", "my", "my"], "road": [" "], "worth": ["millions", "it"], "town": ["for", "for", "for", "for", "for"], "breathing": ["bounced", "bounced", "bounced", "bounced", "bounced"], "very": ["upset"], "robes": ["is"], "fat": ["nigga"], "every": ["night"], "passin": ["it"], "ma": ["we", "we", "we", "we", "we"], "roaches": ["and"], "did": ["was", "was", "you", "was", "was", "you", "was", "was", "you", "was", "was", "you", "was", "was", "you", "em"], "die": [" "], "gettin": ["it"], "brother": ["went", "went", "went", "went", "went"], "leave": ["a", "a", "a", "a", "a"], "this": ["dude", "dude", "is", "dude", "dude", "is", "dude", "dude", "is", "dude", "dude", "is", "dude", "dude", "is", "before", "nigga", "is", "aint", "aint"], "quick": ["old", "old", "old", "old", "old"], "round": ["like", "like", "like", "like", "like"], "yall": ["stuck", "niggaz", "bit", "staring", "i", "forget", " "], "dimes": ["from"], "hell": ["find"], "ten": ["points", "points", "points", "points", "points", "four"], "eagle": ["on"], "streets": [" ", "when", " ", "when", " ", "when", " ", "when", " ", "when"], "mural": ["was"], "past": ["me", "is"], "battle": ["the"], "second": ["then"], "street": ["opera"], "charted": ["marquee"], "ibf": ["wbc"], "pass": ["me"], "further": ["than", "than", "than", "than", "than"], "pajamas": [" "], "makers": ["stuffed"], "even": ["have", "even", "that", "have", "even", "that", "have", "even", "that", "have", "even", "that", "have", "even", "that"], "what": ["i", "i", "is", "you", "it", "i", "i", "i", "is", "you", "it", "i", "i", "i", "is", "you", "it", "i", "i", "i", "is", "you", "it", "i", "i", "i", "is", "you", "it", "i", " "], "hide": ["in", "in", "in", "in", "in"], "clock": ["yo"], "giving": ["that", "that", "that", "that", "that"], "fine": ["dr"], "jaeger": ["stones"], "new": ["benz", "benz", "benz", "benz", "benz"], "learned": ["that", "that", "that", "that", "that"], "bird": ["you", "you", "you", "you", "you", "ass"], "told": ["on", "on", "on", "on", "on", "yall"], "body": ["is", "is", "is", "is", "is"], "ghostface": ["killllllllllllllaaaaaaaaaaaaaaaalyrics", "killah", "ghostface", "killahx9lyrics"], "never": ["trust", "trust", "trust", "trust", "trust", "came"], "here": ["man"], "revenge": [" ", "off", " ", "off", " ", "off", " ", "off", " ", "off", "is"], "slim": ["doodoo"], "let": ["me", "me", "me", "me", "me", "me", "me", "me", "me", "me", "me", "me", "me", "me", "me", "me", "me", "me", "me", "me"], "alone": ["hes"], "strong": [" "], "box": ["for"], "kids": [" ", " ", " ", " ", " "], "my": ["packs", "arm", "facell", "girl", "packs", "arm", "facell", "girl", "packs", "arm", "facell", "girl", "packs", "arm", "facell", "girl", "packs", "arm", "facell", "girl", "arts", "wallos", "raps", "face", "corner", "gun", "left", "swagger", "man", "dick", "friend", "past", "loved"], "calvin": ["klein"], "imma": ["holla", "holla", "holla", "holla", "holla"], "cousins": ["they", "they", "they", "they", "they"], "proof": ["and"], "thats": ["why", "the", "what", "why", "the", "what", "why", "the", "what", "why", "the", "what", "why", "the", "what", "when", "right", "why"], "dick": ["bust"], "love": ["yous", "yous", "yous", "yous", "yous", "you", "me", "me"], "ask": ["his", "myself"], "wit": ["a"], "tomato": ["plants"], "fake": ["arm"], "lime": [" "], "yourself": [" ", " ", " ", " ", " "], "fed": ["this"], "from": ["paris", "paris", "paris", "paris", "paris", "the", "the", "bahamas"], "takes": ["the"], "dude": ["aint", "got", "you", "aint", "got", "you", "aint", "got", "you", "aint", "got", "you", "aint", "got", "you"], "two": [" ", " ", " ", " ", " ", "razors", "months"], "next": [" ", "to", " "], "live": [" ", " ", " ", " ", " "], "swagger": ["is"], "tell": ["these"], "more": ["pipe"], "flav": ["clock"], "females": ["out", "out", "out", "out", "out"], "bodily": ["harm", "harm", "harm", "harm", "harm"], "glass": ["table"], "stick": ["em"], "broke": ["his", "his", "his", "his", "his"], "smile": ["hey"], "baby": [" ", "yeah"], "hold": ["that", "that", "that", "that", "that"], "killah": [" "], "me": ["get", "get", "get", "get", "and", "and", "and", " ", "get", "get", "get", "get", "and", "and", "and", " ", "get", "get", "get", "get", "and", "and", "and", " ", "get", "get", "get", "get", "and", "and", "and", " ", "get", "get", "get", "get", "and", "and", "and", " ", " ", "dead", " ", "mine", "politics", "down", "to", "a", "but", " ", "im", " ", " ", " ", " ", " ", " "], "none": ["could"], "word": ["to", "to", "to", "to", "to"], "mc": ["king"], "tunnel": [" "], "car": ["on", "on", "on", "on", "on"], "mo": [" "], "getting": ["they", "they", "they", "they", "they"], "niggaz": ["get", "want"], "mall": [" ", " ", " ", " ", " "], "nine": ["model"], "can": ["bring", "bring", "bring", "bring", "bring", "dont", "freak", "go"], "didnt": ["i", "i", "i", "i", "i", "know"], "mz": [" ", " ", " ", " ", " "], "crazy": ["baby"], "give": ["this", "him", "me"], "raps": ["yall"], "benz": [" ", " ", " ", " ", " "], "fuck": ["with"], "honey": ["look", "look", "look", "look", "look"], "heard": ["you", "you", "you", "you", "you"], "fronting": ["for", "for", "for", "for", "for"], "dropped": ["the"], "want": ["to", "me", "me", "to"], "keep": ["me", "reminiscing"], "complaining": [" "], "means": ["i", "ill"], "model": ["dimes"], "how": ["yall", "we"], "eyeballs": ["in", "in", "in", "in", "in"], "suffer": ["in"], "staying": ["yo", "yo", "yo", "yo", "yo"], "blocks": ["out", "out", "out", "out", "out"], "watch": ["you", "you", "you", "you", "you"], "after": ["i"], "spot": ["you", "you", "you", "you", "you"], "flossin": ["around", "around", "around", "around", "around"], "wrong": ["imma", "imma", "imma", "imma", "imma"], "mad": ["look"], "backyard": ["next"], "man": [" ", " ", "back", "back", "to", " ", " ", " ", "back", "back", "to", " ", " ", " ", "back", "back", "to", " ", " ", " ", "back", "back", "to", " ", " ", " ", "back", "back", "to", " ", "fully", "after", " ", "and", "was", " ", " "], "a": ["mark", "bird", "snail", "silly", "brother", "four", "weekend", "monster", "female", "ruthless", "good", "mark", "bird", "snail", "silly", "brother", "four", "weekend", "monster", "female", "ruthless", "good", "mark", "bird", "snail", "silly", "brother", "four", "weekend", "monster", "female", "ruthless", "good", "mark", "bird", "snail", "silly", "brother", "four", "weekend", "monster", "female", "ruthless", "good", "mark", "bird", "snail", "silly", "brother", "four", "weekend", "monster", "female", "ruthless", "good", "tec", "good", "fake", "fat", "45", "hysterectomy", "puppet", "glass", "mil", "nice", "couple", "ruff", "colgate"], "guerilla": ["medallions"], "resemble": ["keenon"], "coat": [" ", " ", " ", " ", " "], "rollin": ["round", "round", "round", "round", "round"], "scare": ["myself"], "jail": ["he", "he", "he", "he", "he"], "jungle": ["slangin"], "african": ["rose"], "crafty": ["darts"], "sweatin": ["and", "and", "and", "and", "and"], "indeed": [" "], "over": [" ", "wish"], "through": ["it", "the", "it", "the", "it", "the", "it", "the", "it", "the", "the", "the", "em"], "killllllllllllllaaaaaaaaaaaaaaaalyrics": ["submitted"], "banged": ["up", "up", "up", "up", "up"], "staining": ["in", "in", "in", "in", "in"], "rewarded": [" "], "still": ["back", "in", "erects", "champion"], "its": ["ight", "stuck", "one", "ight", "stuck", "one", "ight", "stuck", "one", "ight", "stuck", "one", "ight", "stuck", "one", "supposed", "so", "just", "supposed"], "before": ["nas", "rap", "the"], "thank": ["thankful"], "pray": ["every"], "better": ["get", "have"], "whips": ["rollin", "rollin", "rollin", "rollin", "rollin"], "bout": [" ", " ", " ", " ", " "], "bye": [" "], "might": ["of", "of", "of", "of", "of"], "fool": ["you", "up"], "then": ["ill", "ill", "ill", "ill", "ill", "hate"], "them": ["shots", "people", "kisses", "silly", "shots", "people", "kisses", "silly", "shots", "people", "kisses", "silly", "shots", "people", "kisses", "silly", "shots", "people", "kisses", "silly", "bricks", "green"], "good": ["dude", "dude", "dude", "dude", "dude", "buddy", "doctor"], "hysterectomy": [" "], "yo": ["let", " ", "what", "holding", "let", " ", "what", "holding", "let", " ", "what", "holding", "let", " ", "what", "holding", "let", " ", "what", "holding", "i", " "], "sucker": ["you", "you", "you", "you", "you"], "collide": ["look"], "bang": ["on", "on", "on", "on", "on"], "cutting": ["spades"], "vomit": [" "], "they": ["gon", "getting", "little", "gon", "getting", "little", "gon", "getting", "little", "gon", "getting", "little", "gon", "getting", "little", "scared", "guts", "draws", "dont", "head", "earl", "saw", "are"], "half": ["a"], "not": ["a"], "now": ["stick", "why", "who", "who", "hes"], "nahwhatimean": ["this", "this", "this", "this", "this"], "wont": [" ", "be"], "cocoa": ["leaf"], "name": ["the"], "opera": ["pop"], "fully": ["got"], "times": ["in"], "rock": ["on", "you", "on", "you", "on", "you", "on", "you", "on", "you"], "went": ["to", "to", "to", "to", "to", "up"], "side": ["like", " ", "like", " ", "like", " ", "like", " ", "like", " "], "bond": [" ", " ", " ", " ", " ", "in"], "em": ["up", "up", "up", "up", " "], "chaall": ["didnt"], "harm": [" ", " ", " ", " ", " "], "knockout": ["and"], "house": ["pack", "pack", "pack", "pack", "pack"], "hard": ["wit", "for", "being", "saying", "for"], "yeah": ["what", " ", "what", " ", "what", " ", "what", " ", "what", " ", " ", " "], "gun": ["get"], "girl": ["yeah", "yo", "cousins", " ", "yeah", "yo", "cousins", " ", "yeah", "yo", "cousins", " ", "yeah", "yo", "cousins", " ", "yeah", "yo", "cousins", " ", "can"], "out": ["of", "in", "side", "of", "there", "of", "in", "side", "of", "there", "of", "in", "side", "of", "there", "of", "in", "side", "of", "there", "of", "in", "side", "of", "there", "my", "in", "like", "your"], "try": ["to"], "gon": ["rock", "rock", "rock", "rock", "rock"], "since": ["cuban"], "acting": ["like", "like", "like", "like", "like"], "lord": ["i"], "got": ["beef", "beef", "beef", "beef", "beef", "it", "is", "the", "no"], "ass": ["under", "under", "under", "under", "under", "nigga"], "slangin": ["that"], "monster": ["don", "things", "don", "things", "don", "things", "don", "things", "don", "things"], "dirt": ["born"], "cars": ["on"], "guess": ["i", "i", "i", "i", "i", "shorts", "who"], "put": ["him", "your", "you", "him", "your", "you", "him", "your", "you", "him", "your", "you", "him", "your", "you", "a"], "gots": ["to", "to", "to", "to", "to"], "care": ["if", "if", "if", "if", "if"], "leftin": ["they"], "bumped": ["off"], "training": [" "], "could": ["match"], "so": ["bad", "pretty", "hard", "pain", "thank", "hard", "hard", "hard"], "david": ["koresh"], "thing": ["i", "i", "i", "i", "i"], "place": ["dirt"], "think": ["nobody", "you"], "dont": ["get", "get", "care", "do", "get", "get", "care", "do", "get", "get", "care", "do", "get", "get", "care", "do", "get", "get", "care", "do", "need", "give", "you", "want", "yall", "hear", "hear"], "feel": ["like", "like", "like", "like"], "one": ["thing", "or", "thing", "or", "thing", "or", "thing", "or", "thing", "or", "in", "second"], "koresh": [" "], "floors": ["i"], "puppet": ["like"], "bitch": ["lookin", "that"], "another": ["beating"], "hear": ["me", "you", "me"], "rats": [" "], "millions": ["still"], "nowlyrics": ["submitted", "submitted", "submitted", "submitted", "submitted"], "little": ["revenge", "revenge", "revenge", "revenge", "revenge"], "youse": ["a", "a", "a", "a", "a", "a", "a", "a", "a", "a"], "tired": ["of", "of", "of"], "iller": ["than", "than", "than", "than", "than"], "bahamas": [" "], "attack": ["yall"], "too": ["much", "much", "much", "much", "much", "nasty"], "stuffed": ["inside"], "ankle": [" "], "messing": ["with", "with", "with", "with", "with"], "friend": ["ghostface"], "listen": ["i"], "penitentiary": ["kite"], "tec": ["man"], "way": ["its", "its"], "that": [" ", "big", "coat", "rock", "me", " ", "me", "no", "giving", "man", " ", "all", "never", " ", "wanna", "nowlyrics", " ", "big", "coat", "rock", "me", " ", "me", "no", "giving", "man", " ", "all", "never", " ", "wanna", "nowlyrics", " ", "big", "coat", "rock", "me", " ", "me", "no", "giving", "man", " ", "all", "never", " ", "wanna", "nowlyrics", " ", "big", "coat", "rock", "me", " ", "me", "no", "giving", "man", " ", "all", "never", " ", "wanna", "nowlyrics", " ", "big", "coat", "rock", "me", " ", "me", "no", "giving", "man", " ", "all", "never", " ", "wanna", "nowlyrics", "means", "now", "d", "mad", "fool", "means", " ", "are"], "hun": ["you"], "nobody": ["can"], "shorty": ["what", "what", "what", "what", "what"], "because": ["im"], "bizerk": ["bicardi"], "than": ["man", "that", "what", "man", "that", "what", "man", "that", "what", "man", "that", "what", "man", "that", "what", "in"], "king": ["since", "of"], "double": ["deuce"], "submitted": ["by", "by", "by", "by", "by", "by", "by"], "tommy": ["mattola"], "silly": ["chick", "broads", "chick", "broads", "chick", "broads", "chick", "broads", "chick", "broads"], "supposed": ["to", "to", "to", "to", "to", "to", "to"], "iron": ["man"], "maybe": ["hell", "he"], "playing": ["yourself", "yourself", "yourself", "yourself", "yourself"], "bet": ["chaall"], "are": ["over", "feel", "gone"], "and": ["let", "the", "this", "this", "out", "him", "told", "you", "rip", "love", "breathing", "where", "let", "the", "this", "this", "out", "him", "told", "you", "rip", "love", "breathing", "where", "let", "the", "this", "this", "out", "him", "told", "you", "rip", "love", "breathing", "where", "let", "the", "this", "this", "out", "him", "told", "you", "rip", "love", "breathing", "where", "let", "the", "this", "this", "out", "him", "told", "you", "rip", "love", "breathing", "where", "you", "you", "raw", "eagle", "jets", "they", "vomit", "bulletproof", "supreme", "you", "rap", "want", "dont", "still", "ghost", "cop", "chauncey", "tired", "tired", "follow", "i"], "coconut": ["bounce"], "fashion": ["in", "in", "in", "in", "in"], "angel": ["of"], "wasnt": ["even", "wilding", "nothing", "even", "wilding", "nothing", "even", "wilding", "nothing", "even", "wilding", "nothing", "even", "wilding", "nothing", "going"], "ivory": ["waynes"], "comfortable": [" "], "raw": ["before"], "say": ["i"], "trevor": [" ", " ", " ", " ", " "], "have": ["to", "to", "to", "to", "to", "to", "to", "to", "to", "to", "never", "a", "the"], "need": ["no"], "saw": [" "], "painful": [" "], "mil": ["on"], "shorts": ["robes"], "rhyme": [" "], "moist": ["taste"], "take": ["the", "the", "the", "the", "the", "all"], "green": [" "], "youre": ["born"], "pain": ["painful"], "though": [" ", " ", " ", " ", " "], "doin": ["this", " "], "who": ["want", "am", "am", "they", "suffer"], "took": ["a"], "rearrange": ["your"], "darts": [" "], "nothing": ["on", "on", "on", "on", "on"], "prestige": ["is"], "40secs": [" "], "why": ["i", "i", "i", "i", "i", "dont", "you", "feel"], "forever": ["like", "like", "like", "like", "like"], "don": ["i", "status", "i", "status", "i", "status", "i", "status", "i", "status", " "], "sometimes": ["is", "i", "i", "i", "ask", "times", "i"], "upset": [" "], "dog": ["and", "and", "and", "and", "and"], "face": ["no", "for", " "], "pipe": ["from"], "ruthless": ["chick", "chick", "chick", "chick", "chick"], "points": ["like", "like", "like", "like", "like"], "bicardi": ["lime"], "came": ["home", "you", "home", "you", "home", "you", "home", "you", "home", "you", "back"], "stones": ["is"], "saying": ["bye"], "shot": ["no"], "kite": [" "], "worlllllllld": [" "], "anyway": ["yo", "yo", "yo", "yo", "yo"], "bring": ["bodily", "bodily", "bodily", "bodily", "bodily", "me"], "cuban": [" "], "corner": [" "], "toilet": ["and"], "find": ["her"], "aint": ["even", "friends", "even", "friends", "even", "friends", "even", "friends", "even", "friends", "got", "got", "it", "the", "the"], "deuce": ["of", "in"], "medallions": ["like"], "title": [" ", "shots"], "jaw": ["had", "had", "had", "had", "had"], "winner": ["by"], "bust": ["right"], "should": ["just", "just", "just", "just", "just", "have", "know"], "being": ["strong"], "loved": ["ones"], "going": ["away", "to"], "black": ["african"], "pretty": ["tone", " "], "flyest": ["whips", "whips", "whips", "whips", "whips"], "folks": ["why"], "bruno": [" "], "do": ["it", "monster", " ", "it", "monster", " ", "it", "monster", " ", "it", "monster", " ", "it", "monster", " ", "he", "its", "you"], "his": ["kids", "jaw", "head", "bond", "kids", "jaw", "head", "bond", "kids", "jaw", "head", "bond", "kids", "jaw", "head", "bond", "kids", "jaw", "head", "bond", "woman", "lady", "name", "throne"], "klein": [" "], "get": ["that", "those", "that", "those", "your", "your", "revenge", "that", "those", "that", "those", "your", "your", "revenge", "that", "those", "that", "those", "your", "your", "revenge", "that", "those", "that", "those", "your", "your", "revenge", "that", "those", "that", "those", "your", "your", "revenge", "past", "out", "that", "hard", "you", "shadow", "more", "charted"], "sprouting": ["in"], "dope": [" "], "stop": ["fronting", "fronting", "fronting", "fronting", "fronting"], "dc": [" "], "ones": ["that"], "hid": ["my", "my", "my", "my", "my"], "consecutive": ["knockout"], "nasty": [" ", " "], "dr": ["bizerk"], "him": [" ", "had", "on", "can", "trynna", " ", "had", "on", "can", "trynna", " ", "had", "on", "can", "trynna", " ", "had", "on", "can", "trynna", " ", "had", "on", "can", "trynna", "you", "death"], "earl": ["to"], "ducking": ["me"], "belts": ["belong"], "facell": ["spot", "spot", "spot", "spot", "spot"], "bad": ["i", " ", "sometimes"], "she": ["get"], "shots": ["like", "like", "like", "like", "like", "and"], "wish": ["i"], "where": ["you", "you", "you", "you", "you"], "throwing": ["them", "them", "them", "them", "them"], "shake": ["your"], "flip": ["by"], "see": ["yeah", "yeah", "yeah", "yeah", "yeah"], "slanted": ["coconut"], "bed": [" "], "razors": [" "], "bark": ["on", "on", "on", "on", "on"], "arm": [" ", " ", " ", " ", " ", " "], "wonder": ["do", "do"], "colgate": ["smile"], "said": ["i"], "draws": ["on"], "morocco": [" "], "away": [" "], "yet": ["im"], "finger": [" ", "than", " ", "than", " ", "than", " ", "than", " ", "than"], "diamonds": ["cutting"], "probably": ["did", "did", "did", "did", "did"], "pants": ["on"], "knowing": ["that", "that", "that", "that", "that", "that", "that", "that", "that", "that"], "we": ["aint", "was", "aint", "was", "aint", "was", "aint", "was", "aint", "was", "doin", "passin", "all", "are", "falling"], "trynna": ["get", "get", "get", "get", "get"], "cut": ["to"], "jets": ["get"], "spark": ["when"], "debt": [" "], "come": ["through", "through", "through", "through", "through", "out"], "staring": ["at"], "both": ["of"], "always": ["will"], "ill": ["take", "take", "take", "take", "take", "fuck"], "barely": ["home"], "goldie": ["and"], "lookin": ["bummy"], "swallow": ["his", "his", "his", "his", "his", "nine"], "whole": ["finger", "finger", "finger", "finger", "finger"], "lenses": ["plus"], "load": ["both"], "crucify": ["him"], "tone": ["got", "iron"], "gone": [" ", " ", " ", " ", " ", " "], "bricks": ["i"], "jeans": ["and", "and", "and", "and", "and", " "], "pop": ["a"], "messin": ["up"], "table": [" "], "trust": ["a", "a", "a", "a", "a"], "arts": ["is"], "beef": [" ", " ", " ", " ", " ", "collide"], "damp": [" "], "been": ["doin", "messin", "ducking"], "mark": ["on", "on", "on", "on", "on"], "ran": ["through"], "much": ["man", "man", "man", "man", "man"], "damn": ["damn", "ma", "damn", "ma", "damn", "ma", "damn", "ma", "damn", "ma"], "keenon": ["ivory"], "kitchen": ["yo", "yo", "yo", "yo", "yo"], "whoa": ["yeah"], "life": ["is", "is", "wont", "we", "will", "is"], "champion": ["of", "whoa"], "packs": [" ", " ", " ", " ", " "], "fire": ["you"], "am": ["bad", "bad", "i", "i"], "wilding": ["on", "on", "on", "on", "on"], "mine": [" ", " "], "lives": ["on"], "falling": [" "], "those": ["jeans", "bags", "jeans", "bags", "jeans", "bags", "jeans", "bags", "jeans", "bags", "who"], "plants": [" "], "myself": [" ", "im", "is"], "east": ["summer"], "look": ["im", "im", "im", "im", "im", "off", "here", "on", "in"], "these": ["streets", "eyeballs", "streets", "eyeballs", "streets", "eyeballs", "streets", "eyeballs", "streets", "eyeballs", "folks", " "], "homey": ["ear", "in", "ear", "in", "ear", "in", "ear", "in", "ear", "in"], "rhymes": ["with"], "will": ["have", "have", "have", "have", "have", "be", "be"], "while": ["yall"], "starstudded": ["low"], "wild": ["and"], "taking": ["it", "it", "it", "it", "it"], "pack": ["your", "your", "your", "your", "your"], "rap": ["i", "belts"], "is": ["staying", "gone", "you", " ", "don", "staying", "gone", "you", " ", "don", "staying", "gone", "you", " ", "don", "staying", "gone", "you", " ", "don", "staying", "gone", "you", " ", "don", "my", "crafty", "money", "leftin", "comfortable", "mick", "rolling", "cut", "slightly", "scare", "how", "so", "it", "so", "over", "so"], "it": ["like", "wasnt", "to", "was", "further", "really", "like", "wasnt", "to", "was", "further", "really", "like", "wasnt", "to", "was", "further", "really", "like", "wasnt", "to", "was", "further", "really", "like", "wasnt", "to", "was", "further", "really", "all", "off", "wild", "on", "tis", " ", " ", "takes", "crazy", "worth", " "], "rip": ["his", "his", "his", "his", "his", "they"], "bummy": ["what"], "im": ["up", "too", "supposed", "a", "a", "up", "too", "supposed", "a", "a", "up", "too", "supposed", "a", "a", "up", "too", "supposed", "a", "a", "up", "too", "supposed", "a", "a", "james", "not", "so", "so", "just", "fed", "so"], "in": ["the", "these", "and", "the", "the", "spots", "the", "the", "the", "my", "the", "these", "and", "the", "the", "spots", "the", "the", "the", "my", "the", "these", "and", "the", "the", "spots", "the", "the", "the", "my", "the", "these", "and", "the", "the", "spots", "the", "the", "the", "my", "the", "these", "and", "the", "the", "spots", "the", "the", "the", "my", "the", "the", "like", "your", "bed", "the", "the", "the", "debt", "the", "life", "life"], "ready": ["for"], "if": ["its", "you", "its", "you", "its", "you", "its", "you", "its", "you"], "ride": [" ", " ", " ", " ", " "], "bags": ["from", "from", "from", "from", "from"], "confirmed": ["that", "that", "that", "that", "that"], "shirt": ["insert"], "doctor": ["to"], "things": [" ", " ", " ", " ", " "], "belong": ["to"], "aiyo": ["i", "i", "i", "i", "i", "i", "i", "i", "i", "i"], "party": ["rhyme"], "gets": ["moist"], "forgiveness": [" "], "status": ["girl", "girl", "girl", "girl", "girl"], "slightly": ["damp"], "snail": ["he", "he", "he", "he", "he"], "octagon": ["with"], "weed": ["went"], "bulletproof": ["and"], "statue": ["give"], "theyll": ["take", "love"], "off": ["word", " ", "word", " ", "word", " ", "word", " ", "word", " ", "your", " ", "from"], "i": ["did", "did", "should", "broke", "guess", "was", "thought", "do", "put", "learned", "dont", "put", "might", "mean", "did", "did", "should", "broke", "guess", "was", "thought", "do", "put", "learned", "dont", "put", "might", "mean", "did", "did", "should", "broke", "guess", "was", "thought", "do", "put", "learned", "dont", "put", "might", "mean", "did", "did", "should", "broke", "guess", "was", "thought", "do", "put", "learned", "dont", "put", "might", "mean", "did", "did", "should", "broke", "guess", "was", "thought", "do", "put", "learned", "dont", "put", "might", "mean", "aint", "barely", "been", "did", "send", "ran", "was", "knock", "crucify", "had", "lost", "was", "told", "wasnt", "like", "am", "said", "am", "look", "the", "the", "attack", "know", "feel", "wonder", "pray", "know", "can", "hear", "keep", "say", "do", "wonder"], "floor": ["complaining", "with", "gets"], "thought": ["you", "we", "you", "we", "you", "we", "you", "we", "you", "we"], "mother": ["load"], "the": ["whole", "puppies", "block", "brand", "summertime", "back", "mall", "kitchen", "passenger", "streets", "body", "bosses", "side", "whole", "puppies", "block", "brand", "summertime", "back", "mall", "kitchen", "passenger", "streets", "body", "bosses", "side", "whole", "puppies", "block", "brand", "summertime", "back", "mall", "kitchen", "passenger", "streets", "body", "bosses", "side", "whole", "puppies", "block", "brand", "summertime", "back", "mall", "kitchen", "passenger", "streets", "body", "bosses", "side", "whole", "puppies", "block", "brand", "summertime", "back", "mall", "kitchen", "passenger", "streets", "body", "bosses", "side", "nasty", "angel", "projects", "tunnel", "jungle", "don", "octagon", "flip", "penitentiary", "inside", "floor", "title", "plumber", "deuce", "cocoa", "backyard", "cars", "toilet", "jeans", "floor", "mother", "mirror", "man", "man", "winner", "worlllllllld", "road", "dance", "back", "mural", "head", "party", "shake", "floor", "next", "undefeated", "king", "way", "way"], "bounced": ["out", "out", "out", "out", "out"], "left": ["ankle"], "summer": ["mc"], "kiss": ["myself"], "just": ["bark", "confirmed", "dont", "bark", "confirmed", "dont", "bark", "confirmed", "dont", "bark", "confirmed", "dont", "bark", "confirmed", "dont", "too", "the", "so"], "yea": [" ", " ", " ", " ", " "], "money": ["up"], "killahx9lyrics": ["submitted"], "flavor": ["flav"], "shadow": ["box"], "blow": ["that", "that", "that", "that", "that"], "tonys": ["his"], "death": [" ", " "], "thinking": ["bout", "bout", "bout", "bout", "bout"], "rose": [" "], "guts": ["out"], "had": ["to", "mos", "to", "homey", "one", "to", "mos", "to", "homey", "one", "to", "mos", "to", "homey", "one", "to", "mos", "to", "homey", "one", "to", "mos", "to", "homey", "one", "a", "your"], "cuz": ["im", "im", "im", "im", "im"], "crying": ["youse", "youse", "youse", "youse", "youse"], "has": ["been"], "hat": ["slanted"], "match": ["me"], "jake": ["came", "came", "came", "came", "came"], "ight": ["though", "though", "though", "though", "though"], "around": ["when", "when", "when", "when", "when"], "insert": ["the"], "mos": ["forever", "forever", "forever", "forever", "forever"], "big": ["man", "man", "man", "man", "man"], "couple": ["of"], "gonna": ["hide", "hide", "hide", "hide", "hide"], "ruff": ["ryder"], "know": ["nah", "that", "me", "what", "nah", "that", "me", "what", "nah", "that", "me", "what", "nah", "that", "me", "what", "nah", "that", "me", "what", "i", "they", "that", "youre"], "waynes": [" "], "cruiserweight": ["title"], "bit": ["em"], "lady": ["two"], "projects": ["booming"], "d": [" "], "knock": ["it"], "vests": ["banged", "banged", "banged", "banged", "banged"], "like": ["that", "that", "that", "he", "im", "sucker", "you", "yea", "they", "that", "that", "that", "he", "im", "sucker", "you", "yea", "they", "that", "that", "that", "he", "im", "sucker", "you", "yea", "they", "that", "that", "that", "he", "im", "sucker", "you", "yea", "they", "that", "that", "that", "he", "im", "sucker", "you", "yea", "they", "david", "40secs", "flavor", "a", "that", "the", "he", "we", "we", "you"], "lost": ["it", "his", "on"], "marquee": ["shit"], "theyre": ["sick"], "wbc": ["cruiserweight"], "james": ["bond"], "chick": ["thought", " ", "on", "thought", " ", "on", "thought", " ", "on", "thought", " ", "on", "thought", " ", "on"], "seating": [" ", " ", " ", " ", " "], "taffy": [" "], "old": ["fashion", "fashion", "fashion", "fashion", "fashion"], "verbal": ["street"], "people": ["out", "out", "out", "out", "out"], "door": ["guess"], "scared": ["to"], "ooooo": ["ghostface"], "back": ["like", "like", "of", "like", "like", "of", "like", "like", "of", "like", "like", "of", "like", "like", "of", "your", " ", "east", "door", " "], "bounce": ["to", "to", "to", "to", "to", "to"], "born": ["rappers", "to"], "mirror": ["and"], "home": ["and", "and", "and", "and", "and", " "], "booming": ["indeed"], "scale": ["you", "you", "you", "you", "you"], "leaf": ["is"], "for": ["them", "a", "them", "a", "them", "a", "them", "a", "them", "a", "that", "i", "another", "training", "me", "forgiveness", "me"], "frauds": ["is"], "asking": ["for"], "bosses": ["chick", "chick", "chick", "chick", "chick"], "beating": [" "], "rappers": ["get"], "be": [" ", " ", " ", " ", " ", "my", " ", "easy", "rewarded", " "], "says": ["hun"], "burn": ["your", "your", "your", "your", "your"], "step": ["to"], "dashia": [" "], "by": ["mz", "mz", "mz", "mz", "mz", "the", "consecutive", "bruno", "dashia"], "throne": [" "], "on": ["your", "you", "you", "you", "bids", " ", "trevor", "homey", "no", "the", "you", "your", "you", "you", "you", "bids", " ", "trevor", "homey", "no", "the", "you", "your", "you", "you", "you", "bids", " ", "trevor", "homey", "no", "the", "you", "your", "you", "you", "you", "bids", " ", "trevor", "homey", "no", "the", "you", "your", "you", "you", "you", "bids", " ", "trevor", "homey", "no", "the", "you", "laffy", "fire", " ", " ", "the", "the", "a", "my", "it", "the", "the", "the", "my"], "about": ["to", "to", "to", "to", "to"], "ok": ["girl", "girl", "girl", "girl", "girl", "girl", "girl", "girl", "girl", "girl"], "oh": ["its", "its", "its", "its", "its", "aint"], "of": ["jail", "the", "town", "had", "jail", "the", "town", "had", "jail", "the", "town", "had", "jail", "the", "town", "had", "jail", "the", "town", "had", "death", "diamonds", "them", "the", "these", "living", "roaches", "rats", "his"], "scottfree": ["and"], "months": ["ago"], "plus": ["the"], "puppies": ["is", "is", "is", "is", "is"], "mean": ["playing", "playing", "playing", "playing", "playing"], "wanna": ["be", "be", "be", "be", "be"], "or": ["two", "two", "two", "two", "two", "get"], "block": ["in", "in", "in", "in", "in"], "duke": ["tomato"], "burning": ["up"], "mattola": ["lives"], "down": [" ", " ", " ", " ", " ", " "], "thankful": [" "], "momma": ["house", "house", "house", "house", "house"], "nigga": ["out", "resemble", "no"], "female": [" ", " ", " ", " ", " "], "easy": ["and"], "yous": ["when", "when", "when", "when", "when"], "your": ["finger", "man", "man", "car", "ass", "momma", "shit", "finger", "man", "man", "car", "ass", "momma", "shit", "finger", "man", "man", "car", "ass", "momma", "shit", "finger", "man", "man", "car", "ass", "momma", "shit", "finger", "man", "man", "car", "ass", "momma", "shit", "bitch", "face", "face", "place", "shot", "shirt", "calvin", "rhymes"], "wack": [" ", " ", " ", " ", " ", " ", " ", " ", " ", " "], "her": ["maybe"], "hes": ["alone", "just"], "friends": [" ", " ", " ", " ", " "], "there": ["that", "that", "that", "that", "that", " "], "hey": ["fool", "baby"], "spots": [" ", " ", " ", " ", " "], "stuck": ["then", "then", "then", "then", "then", "on"], "chauncey": ["very"], "low": ["lenses"], "summertime": ["i", "i", "i", "i", "i"], "was": ["wack", "wack", "really", "wrong", "iller", "time", "wack", "wack", "really", "wrong", "iller", "time", "wack", "wack", "really", "wrong", "iller", "time", "wack", "wack", "really", "wrong", "iller", "time", "wack", "wack", "really", "wrong", "iller", "time", "still", "gettin", "on", "dope"], "war": ["vests", "vests", "vests", "vests", "vests"], "ghost": ["black"], "head": ["off", "off", "off", "off", "off", "and", "im"], "brand": ["new", "new", "new", "new", "new"], "laffy": ["taffy"], "plumber": ["than"], "but": ["anyway", "you", "you", "i", "anyway", "you", "you", "i", "anyway", "you", "you", "i", "anyway", "you", "you", "i", "anyway", "you", "you", "i", "they", "none", "its"], "cloth": ["guess"], "mick": ["jaeger"], "dead": ["but"], "sick": ["and"], "ear": ["blocks", "blocks", "blocks", "blocks", "blocks"], "with": ["him", "him", "him", "him", "him", "him", "him", "him", "him", "him", "two", "you", "the", "the", "a"], "he": ["about", "probably", "a", "wasnt", "came", "about", "probably", "a", "wasnt", "came", "about", "probably", "a", "wasnt", "came", "about", "probably", "a", "wasnt", "came", "about", "probably", "a", "wasnt", "came", "lost", "wont", "dont", "love", "says"], "woman": ["she"], "undefeated": ["champion"], "inside": [" ", "pajamas"], "bids": [" ", " ", " ", " ", " "], "up": ["in", " ", "in", " ", "in", " ", "in", " ", "in", " ", " ", " ", " ", " ", " ", "like", "my", "there", " "], "doodoo": ["makers"], "broads": ["wasnt", "wasnt", "wasnt", "wasnt", "wasnt"], "reminiscing": ["all"], "passenger": ["seating", "seating", "seating", "seating", "seating"], "supreme": [" "], "freak": ["me"], "taste": ["and"], "cop": ["a"], "kisses": [" ", " ", " ", " ", " "], "right": ["and", "through"], "at": ["dog", "dog", "dog", "dog", "dog", "the"], "politics": ["man"], "shit": [" ", " ", " ", " ", " ", "with"], "holla": ["at", "at", "at", "at", "at"], "snuck": ["through"], "no": [" ", "scale", " ", "scale", " ", "scale", " ", "scale", " ", "scale", "you", "mo", "has", "statue", "give", "girl"], "nah": ["its", "its", "its", "its", "its"], "45": ["still"], "when": ["im", "he", "jake", "the", "im", "he", "jake", "the", "im", "he", "jake", "the", "im", "he", "jake", "the", "im", "he", "jake", "the", "i", "beef", "weed"], "tis": ["spark"], "nas": ["dropped"], "holding": ["a", "a", "a", "a", "a"], "you": ["know", "dont", "dont", "burn", " ", " ", "know", "swallow", "know", "really", "a", "was", "hid", "had", "gonna", "just", "crying", "these", " ", " ", "thinking", "down", " ", "just", "see", "know", "will", "know", "dont", "dont", "burn", " ", " ", "know", "swallow", "know", "really", "a", "was", "hid", "had", "gonna", "just", "crying", "these", " ", " ", "thinking", "down", " ", "just", "see", "know", "will", "know", "dont", "dont", "burn", " ", " ", "know", "swallow", "know", "really", "a", "was", "hid", "had", "gonna", "just", "crying", "these", " ", " ", "thinking", "down", " ", "just", "see", "know", "will", "know", "dont", "dont", "burn", " ", " ", "know", "swallow", "know", "really", "a", "was", "hid", "had", "gonna", "just", "crying", "these", " ", " ", "thinking", "down", " ", "just", "see", "know", "will", "know", "dont", "dont", "burn", " ", " ", "know", "swallow", "know", "really", "a", "was", "hid", "had", "gonna", "just", "crying", "these", " ", " ", "thinking", "down", " ", "just", "see", "know", "will", "burning", "aint", "better", "ready", "should", "next", "better", "bumped", "had", "tell", "been", "think", "going", " ", "double", "one", "the", "but", "should", "dont", "love"], "really": ["ride", "live", "is", "ride", "live", "is", "ride", "live", "is", "ride", "live", "is", "ride", "live", "is"], "gran": ["duke"], "nice": ["bitch"], "wonderin": ["how"], "brothers": ["try"], "living": ["in"], "stay": ["in"], "wallos": ["i"], "terry": ["cloth"], "rolling": ["with", "with", "with", "with", "with", " "], "weekend": [" ", " ", " ", " ", " "], "ago": [" "], "night": ["asking"], "spades": ["on"], "ryder": ["on"], "kangol": ["hat"], "time": ["a", "a", "a", "a", "a"]}