{"all": ["you", " ", " ", " ", " ", " ", "tha", "got", "are", "kind", "you", "good", "what", " "], "lace": ["it"], "caused": ["by"], "rob": ["for"], "foul": ["you", "you"], "selection": [" "], "skin": ["lets"], "go": ["ahead", "ahead", " ", "we", " ", "we", " ", "to"], "hate": ["motherfuckers", "motherfuckers", " ", " "], "row": ["now", "now"], " ": ["so", "you", "cause", "droppin", "do", "sold", "and", "yo", "and", "headbutt", "and", "here", "i", "this", "a", "and", "so", "tricks", "cause", "thats", "hold", "i", "but", "first", "they", "youre", "switch", "big", "if", "instead", "i", "will", "cause", "bitch", "there", "go", "givin", "time", "bitch", "sprung", "nappy", "cause", "bitch", "cause", "cause", "ninetrey", "its", "so", "you", "cause", "droppin", "do", "sold", "and", "yo", "and", "headbutt", "and", "here", "i", "this", "a", "and", "so", "tricks", "cause", "thats", "hold", "i", "but", "first", "they", "youre", "switch", "big", "if", "instead", "i", "will", "cause", "bitch", "there", "go", "givin", "time", "bitch", "sprung", "nappy", "cause", "bitch", "cause", "cause", "ninetrey", "its", "number", "definition", "fuck", "fuck", "fuck", "fuck", "im", "dippin", "they", "in", "i", "up", "ice", "roll", "fuck", "ice", "fuck", "thats", "listen", "fuck", "fuck", "fuck", "fuck", "fuck", "fuck", "mirror", "who", "now", "nigga", "fired", "puffpuffpass", "lookin", "is", "when", "freaks", "if", "keep", "it", "it", "just", "and", "fuck", "fuck", "fuck", "fuck", "fuck", "fuck", "mirror", "who", "fuck", "we", "west", "you", "ive", "when", "but", "as", "just", "ice", "fuck", "in", "you", "and", "they", "and", "fuck", "fuck", "fuck", "fuck", "fuck", "fuck", "mirror", "who", "mirror", "who", "i", "we", "we", "fuck", "fuck", "fuck", "mirror", "who", "fuck", "fuck", "fuck", "you", "its", "i", "so", "yakity", "callin", "mack", "rollin", "eighteens", "you", "aint", "cuz", "out", "on", "oh", "if", "standin", "cuz", "its", "for", "but", "ya", "bgs", "but", "my", "used", "hes", "in", "just", "gettin", "why", "or", "flyin", "and", "tah", "and", "jacked", "hear", "gave", "dont", "in", "i", "cuz", "and", "throw", "throw", "throw", "throw", "oh", "ice", "i", "i", "i", "im", "crazy", "even", "when", "so", "handle", "you", "when", "fuck", "yeah", "my", "well", "well", "i", "i", "i", "ill", "before", "hear", "hear", "hear", "hear", "dont", "dont", "dont", "a", "ice", "now", "tryin", "if", "dont", "pop", "nothin", "dont", "and", "now", "nothin", "you", "now", "now", "now", "straight", "here", "hear", "hear", "hear", "hear", "dont", "dont", "dont", "a", "see", "glitch", "pace", "get", "im", "beat", "off", "the", "you", "cock", "playin", "niggas", "because", "she", "in", "boy", "nigga", "i", "the", "i", "to", "i", "aint", "i", "when", "when", "when", "when", "when", "everytime", "and", "and", "i", "the", "i", "to", "i", "aint", "i", "i", "i", "tokyo", "but", "especially", "but", "top", "you", "lets", "then", "number", "and", "i", "the", "i", "to", "i", "aint", "i", "aint", "the", "they", "i", "but", "aint", "compton", "we", "if", "its", "and", "they", "if", "i", "the", "i", "to", "i", "aint", "i", "aint"], "haters": [" "], "grape": ["shit"], "ty": [" "], "young": ["crush"], "send": ["you", "you"], "to": ["let", "the", "cube", "me", "charliebakerdenver", "be", "ya", "let", "the", "cube", "me", "charliebakerdenver", "be", "ya", "my", "spark", "harass", "the", "the", "it", "take", "turn", "my", "scary", "hear", "control", "is", "be", "be", "be", "be", "do", "be", "be", "be", "be", "euros", "play", "leave", "the", "the", "la", "la", "learn", "west", "play", "you", "win", "the", "the", "uk", "the", "the", "the", "the", "the", "the"], "payin": ["big"], "must": ["i"], "callin": ["up"], "music": ["for"], "oceans": [" ", "yeah"], "woman": [" "], "fat": ["ass"], "heard": ["about"], "vegas": ["run"], "every": ["move"], "nuns": [" "], "roaches": [" "], "alpine": [" ", " "], "school": ["tip", "tip"], "basics": [" "], "staples": ["center"], "plural": [" "], "gettin": ["chased", "beat"], "leave": ["a"], "settle": ["for"], "quick": ["to", " "], "guy": ["or", "or"], "inspection": [" "], "ride": ["cars", " "], "creepin": ["hear"], "brave": ["nigga"], "neighborhood": ["hooker", "hooker", "in"], "till": ["we"], "switchblade": [" ", " "], "jump": ["back"], "zero": [" ", " ", " ", " ", " ", " "], "hort": [" "], "yack": ["to", "to"], "rhymer": [" "], "rath": ["of"], "even": ["king", "d", "the"], "south": ["side"], "what": ["they", "they", "they", "they", "is", "they", "they", "they", "they", "they", "they", "they", "they", "they", "they", "they", "they", "they", "they", "they", "they", "they", "they", "they", "they", "they", "they", "they", "they", "they", "a", "a", "this", "you"], "wreck": ["yo", "yo", "yo", "yo"], "heres": ["a"], "chillin": ["yeah"], "emotions": [" ", "and"], "crush": [" "], "freaks": ["get"], "sideways": [" "], "ever": ["since", "they", "they"], "told": ["you"], "hero": ["you", "you", "you", "you", "you", "you"], "lench": ["mob", "mob"], "never": ["chase"], "here": ["to", "to", "in", "he", "he", "he", "he", "he", "he", "he", "he", "its", "em", "he", "he", "he", "he", "he", "he", "he", "he"], "pursuin": ["that"], "water": ["bitch"], "let": ["tricks", "you", "tricks", "you", "your", "tha", "him"], "coochie": ["and", "and"], "wait": [" ", "till"], "boy": ["oh", " ", "oh", " ", "you", "got", "into", "in", "i"], "great": ["chips"], "kids": ["watch"], "china": [" "], "ahead": ["and", "and"], "progue": [" ", " ", " ", " "], "puffpuffpass": ["we"], "screamin": ["for", "for"], "round": ["and"], "drawers": [" ", " "], "harass": [" "], "pick": ["la"], "pullin": ["out", "out"], "makes": ["me", "me"], "sayin": [" "], "thats": ["kinda", "a", "kinda", "a", "how"], "control": ["that"], "dippin": ["with"], "love": ["her", "miami"], "deputy": [" ", " "], "win": ["this"], "firecracker": ["hits"], "thrust": [" "], "wit": ["yo", "ya", "yo", "ya", "ours", "satan", "tha"], "fake": ["cause"], "ape": ["shit"], "from": ["goin", "goin", "nuns", "the", "the", "hollywood"], "would": ["ace"], "bury": ["you"], "give": ["a", "it"], "two": ["so"], "slug": ["to", "to"], "cali": ["forn"], "going": ["down"], "call": ["me", "her", "me", "her", "me", "her", "the"], "6": ["is"], "butler": ["ill", "ill"], "black": ["monkey"], "care": ["x2"], "awards": ["and"], "lungs": [" ", " "], "scary": ["you"], "club": ["in"], "factor": ["i"], "phone": [" "], "baby": ["with", "wanna"], "hold": ["the", "the"], "women": ["like", "like"], "me": ["doughboy", "now", "wonder", "doughboy", "now", "wonder", "the", "to", " ", "pull", "bury", "and"], "include": ["yo"], "ace": ["it"], "niggas": ["call", "call", "right", "takin", "faces", "cant"], "this": [" ", "aint", "pop", " ", "aint", "pop", "hos", "ghetto", "got", "hardcore", "boy", "bitch", "music", "election"], "car": ["alarms", "alarms", " ", "phone"], "mo": [" "], "carellflu": [" "], "pour": ["a"], "cat": [" "], "mall": [" ", " ", " ", " "], "tag": ["wit"], "dem": ["hard"], "learn": ["they"], "my": ["nigga", "health", "nigga", "health", "own", "paint", "people", "face", "car", "low", "game", "big", "window", "business", "emotions", "boy", "drama", "commas", "god", "god", "god", "god", "every", "swagger", "god", "god", "god", "god", "inspection", "woman"], "route": [" "], "sucka": ["sittin", "sittin"], "tat": ["tat", "on"], "crazy": ["nigga"], "plate": ["you", "you"], "pelvic": ["thrust"], "ninetrey": ["remix", "remix"], "fuck": ["car", "you", "out", "car", "you", "out", "what", "what", "what", "what", "all", "you", "what", "what", "what", "what", "what", "what", "what", "what", "what", "what", "what", "what", "what", "a", "what", "what", "what", "what", "what", "what", " ", "what", "what", "what", "what", "what", "what", "wit", "around", "with", "up", "with", "with", "with"], "sicker": ["then"], "ready": ["and"], "his": ["super", "sweat", "black"], "want": ["to"], "blvd": [" "], "handle": ["my"], "tah": ["hang", "be", "fuck", "ride", "bust"], "taj": ["mahal", "mahal", "mahal", "mahal"], "drama": [" "], "needs": ["applause", "applause"], "hoe": ["is"], "court": [" "], "khakis": ["and"], "rather": ["get"], "six": ["and", "and"], "underlyrics": ["submitted", "submitted"], "1": [" "], "how": ["i", "i", "its", "i", "i", "we"], "hot": ["thang"], "hos": ["name"], "hop": ["in"], "instead": ["of", "of"], "if": ["youre", "youre", "you", "ya", "ya", "you", "you", "you", "you", "god"], "beach": ["in", "in", "in", "in"], "sweat": ["shirt"], "may": ["pullin", "pullin"], "spot": [" "], "wrong": ["impression"], "lax": [" "], "lay": ["chips"], "backyard": ["yayyay"], "da": ["hand", "cat", "air", "air", "air", "air"], "a": ["sucka", "house", "guy", "check", "switchblade", "knifeo", "check", "make", "v8", "treyeight", " ", "miami", "check", "jungle", "sucka", "house", "guy", "check", "switchblade", "knifeo", "check", "make", "v8", "treyeight", " ", "miami", "check", "jungle", "west", "little", "nigga", "lil", "nigga", "parking", "lot", "big", "rockstar", "rap", "fuck", "friday", "drive", "smoka", "hoodrat", "chicken", "cock", "rat", "hoe", "fuckin", "knife", "boy", "girl", "zero", "zero", "hero", "zero", "nigga", "good", "22", "firecracker", "linebacker", "grinder", "reminder", "vagina", "zero", "zero", "hero", "zero", "nigga", "spaceship", "face", "nigga", "brave", " ", "tylenol", "bow"], "neck": [" ", "you", " ", "you"], "sit": ["on"], "rollin": ["your", "your", "through", "down"], "switch": ["it", "it"], "so": ["come", "you", "come", "you", "much", "basic", "everythang", "let", "i", "dont", "hungry"], "jungle": ["sometimes", "sometimes"], "make": ["dough", "on", "dough", "on", "the", "it", "it", "ya", "me", "me", "your"], "talk": ["it"], "standin": ["outside"], "over": ["miami"], "move": [" "], "soon": ["as"], "kong": ["took"], "top": ["down"], "dough": ["but", "but"], "fatfuckers": ["leanin"], "still": ["cookin"], "its": ["like", "like", "goin", "friday", "on", "friday", "seems", "friday", "bound", "friday", "going", "such", "all", "just"], "before": ["you", "you", "i", "i"], "trifle": ["cause", "cause"], "22": [" "], "la": [" ", "they", "they", " ", "im", " ", " ", "over", " "], "thang": ["gutter"], "surgeons": ["givin"], "better": ["run", "run", "run", "run", "run", "run", "run", "run"], "window": [" "], "fade": ["this"], "nifty": ["now", "now"], "ours": [" "], "bout": ["hard"], "cool": ["fool", "yeah", "but"], "might": ["as"], "fool": ["cuz", "cuz", "cuz"], "then": ["they", "they", "to", "shit", "take"], "them": ["scatter"], "good": [" ", " ", "they", "example", " "], "yo": ["self", "self", "self", "self", "alpine", "im", "self", "self", "self", "self", "alpine", "im", "mama", "ass"], "moms": ["fuck", "fuck"], "flew": ["to"], "atlyrics": ["submitted"], "dat": ["and", "pelvic", "hivll", "aint"], "underground": ["pussyhound"], "they": ["yack", "get", "bitch", "foldin", "send", "yack", "get", "bitch", "foldin", "send", "lookin", "lookin", "lookin", "lookin", "call", "lookin", "lookin", "lookin", "lookin", "lookin", "lookin", "lookin", "lookin", "lookin", "lookin", "lookin", "lookin", "lookin", "lookin", "been", "put", "crucifix", "say", "lookin", "lookin", "lookin", "lookin", "lookin", "lookin", "lookin", "lookin", "lookin", "lookin", "lookin", "lookin", "see", "play", "find", "go", "find", "go", "come", "got", "come", "got", "lesson", "come", "come", "come", "always", "dont"], "not": ["a", "the", "a", "the", "at"], "now": ["watch", " ", "your", "the", "your", "watch", " ", "your", "the", "your", "pull", "hes", "when", "what", "you", "you", "you", "is"], "bank": [" ", " "], "wont": ["catch", "be"], "taylors": [" "], "name": ["is", "is", " ", "ill"], "feedo": ["lay"], "everytime": ["you"], "always": ["let", "let", "pick"], "betta": ["check", "check"], "holdin": ["tank", "tank"], "found": [" "], "side": [" ", "in", "in", "in", "in"], "mean": ["plural"], "em": [" ", " ", "say", "say", "say", "say", "runnin", "say", "say", "say", "say", "by", "i"], "everyone": ["want"], "fired": ["up"], "house": ["of", "of", "or", " "], "hard": ["heads", "as", "to", " "], "yeah": [" ", " ", "throw", "we", "i", "i", "i"], "24s": ["rotate", "the"], "forgot": ["this"], "navy": ["ever"], "girl": [" ", "the", "but", "the", "but", "i", "the", "but", "the", "but", "the", "but", "the", "but", "the", "but", "the", "but"], "obsession": [" "], "lesson": [" "], "out": ["a", "now", " ", "a", "now", " ", "here", "on", "of", "of", " ", " ", "of", " ", " ", "but", "im"], "vada": [" "], "god": ["used", "used", "here", "here", "here", "here", "here", "here", "here", "here", "was"], "since": ["the"], "dugout": ["get", "get"], "health": [" ", " ", " ", " ", " ", " ", " ", " "], "got": ["that", "six", "that", "six", "skin", "out", "tha", "dem", "out", "a", "to", "55", "to", "the", "to", "it"], "hooker": [" ", " "], "cause": ["im", "they", "thats", "fuck", "women", "bitches", "the", "im", "they", "thats", "fuck", "women", "bitches", "the", "i", "im"], "ass": ["screamin", "is", "screamin", "is", "to", "in", "is", "dat", "home", "right"], "cars": [" "], "friday": ["night", " ", "livin", " ", " "], "motherfucker": [" ", " "], "killin": [" "], "california": [" "], "put": ["me", "away"], "westside": ["killin"], "cookin": [" "], "definition": ["of", "of"], "watts": ["if"], "g": ["ride"], "where": ["ever", "they", "ever", "you"], "coulda": ["had", "had"], "punk": ["motherfucker", "motherfucker"], "headbutt": ["ya", "ya"], "keep": ["you", "your", "from", "you", "your", "from", "it"], "turn": ["a"], "motherfuckers": ["claimin", "claimin"], "fuckin": ["picture", "picture", "joke"], "first": ["you", "you"], "dont": ["call", "call", "hate", "like", "matter", "matter", "give", "jump", "care", "trust", "make", "be", "tryin", "tryin", "tryin", "make", "underestimate", "forget", "act", "negotiate", "tryin", "tryin", "tryin", "say", "know", "wanna"], "twan": [" ", " "], "number": ["one", "6"], "one": ["mother", "mother", "on", "of", "of", "of", "of", "of", "that", "that", "dont"], "pop": ["ya", "ya", "yo"], "done": ["been"], "bitch": ["may", "get", "is", "you", "may", "get", "is", "you", "look", "take", "gonna", "you"], "comin": ["through", "straight", "they"], "pussyhound": [" "], "hood": ["in", "lil", "and"], "little": ["paint", "ass"], "boulevard": ["24s"], "heads": [" "], "monkey": ["ass"], "foldin": ["bank", "bank"], "chased": ["by"], "plastic": ["surgeons"], "paint": [" ", "movie"], "vagina": [" "], "2": [" "], "too": ["hort"], "saint": ["tropez", "tropez", "tropez", "tropez"], "tea": ["in"], "mama": ["if"], "hollywood": ["a", "when", " "], "dogs": ["gettin"], "listen": ["to"], "eyes": ["and", "and"], "stars": [" "], "that": ["indoe", "they", "license", "shit", "indoe", "they", "license", "shit", "hot", "wood", "slow", "boulevard", " ", "you", "had", "nigga", "we", "i", " "], "took": ["his"], "because": ["we"], "rifle": [" ", " "], "x2": [" "], "10": ["just"], "kind": ["of"], "mahal": ["to", "to", "to", "to"], "gotta": ["make", "do", "do"], "submitted": ["by", "by", "by", "by", "by", "by"], "spaceship": [" "], "matter": ["how", "how"], "guessin": [" ", " "], "bet": ["awards"], "and": ["chickitycheck", "friends", "no", "i", "hit", "then", "neck", "im", "that", "keep", "who", "ya", "lungs", "chickitycheck", "friends", "no", "i", "hit", "then", "neck", "im", "that", "keep", "who", "ya", "lungs", "let", "we", "they", "willin", "chuck", "chase", "out", "a", "i", "her", "wide", "dat", "they", "heres", "we", "great", "im", "spray", "progue", "all", "it", "progue", "fuck", "even", "chris", "progue", "even", "watts", "my", "we", "progue"], "eighteens": ["got"], "hoes": ["wait"], "ages": [" "], "knifeo": ["ak47", "ak47"], "say": ["you", "you", "ice", "oh", "oh", "oh", "oh", "oh", "oh", "oh", "oh", "we", "shit"], "rap": ["star"], "need": ["your"], "superman": ["we"], "built": ["for"], "lil": ["drink", "kids"], "self": ["before", " ", "for", " ", "before", " ", "for", " "], "cave": ["who"], "edge": [" "], "take": ["ya", "the", "you", "some", "a"], "jail": ["have"], "grammys": [" "], "waitin": [" "], "gravy": [" "], "pain": [" ", " "], "doin": ["good", "bad"], "who": ["needs", "needs", "is", "is", "is", "is", "is", "let"], "darth": ["vada"], "kahlifa": [" "], "assault": ["rifle", "rifle"], "mack": ["10"], "why": ["must"], "damage": ["caused"], "don": ["juan", "juan"], "especially": ["la"], "sometimes": ["it", "it"], "steady": ["talkin", "talkin"], "drive": ["by", "way"], "face": ["bitch", "it", "lift"], "sunset": ["blvd"], "karina": [" "], "latest": ["westside"], "impression": [" "], "play": ["with", "with", "it"], "commas": [" "], "show": ["you", "you", "you", "you", "you", "you", "you", "you", "you", "you", "you", "you", "him", "you", "you", "you", "you"], "spain": ["and", "and", "and", "and"], "fifty": ["im", "im"], "sprayed": ["quick"], "king": ["kong"], "corner": [" "], "chicken": ["and"], "takin": ["off", "a"], "find": ["a", "you", "ya"], "aint": ["no", "no", "no", "nuttin", "cool", "gone", "tryin", "tryin", "tryin", "no", "in", "nothin", "nothin", "nothin", "nothin", "nothin", "dissin", "nothin", "nothin", "nothin"], "slow": [" ", " ", "lane"], "givin": ["up", "up", "hollywood"], "louise": ["lane"], "dick": ["hang"], "poppin": [" "], "behind": ["the", "ya"], "bust": [" "], "should": ["call"], "rico": [" ", " "], "wood": ["you", "you", "grain"], "satan": [" "], "flyest": ["one", "one", "one", "one", "one"], "do": ["without", "without", "it", "with", "all", "now"], "cube": ["and", "and", "comin", "i", "would", "boy", "verse", "verse"], "hit": ["ya", "ya", "the", "the", "lax"], "goes": ["the", "the"], "get": ["wit", "played", "off", "the", "wit", "played", "off", "the", "tooken", "you", "you", "lapdance", "em", "a", "it", "my", "rob"], "beat": ["like", "the", "the"], "watch": ["out", "out", "them", "my"], "coast": ["glyrics", "baby", "its"], "ones": ["i"], "chips": [" ", " "], "him": ["in", "out", "around"], "ghetto": ["route", "out"], "earl": ["on"], "end": [" ", " "], "befo": [" "], "bay": [" "], "bag": ["you"], "bad": ["for", "for", "for", "for", "for", "for", "for", "for", " "], "pch": [" "], "she": ["down", "be"], "bombs": ["on", "on"], "waterfalls": ["in", "in", "in", "in"], "through": ["gotta", "tha", "the"], "steal": ["a"], "nuttin": ["to"], "oven": ["in"], "claimin": ["that", "that"], "rockstar": ["we"], "around": ["wit", "the", " "], "see": ["you", "you", "you", "him", "you", "this"], "are": ["waitin"], "parking": ["lot", "spot"], "faceless": [" ", " "], "bark": ["before"], "sport": ["ropin"], "wonder": ["how", "how"], "said": ["take", "oceans"], "movie": ["star"], "away": ["they"], "yayyay": [" "], "outside": ["on"], "example": ["dont"], "linebacker": [" "], "westbound": ["its"], "wide": [" "], "we": ["got", "got", "out", "roll", "the", "wanna", "get", "dont", "gonna", "do", "all", "all", "chillin", "ready", "go", "dont", "know", "got", "go", "feedo", "get", "get", "hit", "got", "takin"], "bound": ["tah"], "vibratin": [" "], "sold": ["it", "it"], "spray": ["shit"], "bosh": ["know"], "spark": ["a"], "come": ["on", "on", "here", " ", "here", " ", "here", " ", "here", " ", "here", " ", "here", " ", "here", " ", "here", " ", "to", "to", "to", "to", "to"], "fishin": [" "], "hits": ["you"], "license": ["plate", "plate"], "joke": ["is"], "ill": ["cut", "cut", "call", "im"], "compton": ["and"], "such": ["an"], "against": ["my"], "yakity": ["yak"], "grain": [" "], "lookin": ["at", "at", "at", "at", "at", "at", "at", "at", "at", "at", "for", " ", "for", "at", "at", "at", "at", "at", "at", "at", "at", "at", "at", "at", "at", "at", "at", "at", "at", "at", "at", "at", "atlyrics", "for"], "faces": [" "], "focused": [" "], "whole": ["name"], "can": ["say", "eat", "show", "show", "show", "show", "show", "show", "show", "show", "show", "show", "show", "show", "show", "show", "show", "show", "show"], "simple": ["i"], "seems": ["like"], "makin": ["they", "they", "nigga"], "cranium": [" ", " "], "walk": ["by", "by"], "tropez": [" ", " ", " ", " "], "respect": [" ", " "], "uhhuh": ["i"], "doughboy": [" ", " "], "west": ["side", "coast", "coast", "side", "and", "coast"], "verse": ["1", "2"], "been": ["doin", "doin", "around"], "much": ["gravy"], "lapdance": ["from"], "yak": ["dont"], "basic": [" "], "mothafucka": ["just"], "andrew": [" "], "else": ["like", "like", "like", "like", "like"], "lift": [" "], "tooken": ["when"], "bitcha": ["my", "my"], "catch": ["the"], "hardcore": ["rhymer"], "an": ["obsession", "exception"], "spin": ["on"], "those": ["to", "green"], "runnin": ["up", "up", "for"], "exception": [" "], "aimin": ["em", "em"], "tank": [" ", " "], "look": ["at"], "sinkin": ["when"], "these": ["niggas"], "straight": ["from", "from"], "homey": ["just"], "rat": ["tat"], "air": [" ", " ", " ", " ", " "], "will": ["i", "i"], "pace": ["nigga", "those"], "droppin": ["bombs", "bombs", " "], "scatter": ["like"], "cock": [" ", "and"], "ive": ["been"], "have": ["a", "you"], "played": [" ", " "], "is": ["just", "bad", "a", "bad", "bad", "just", "bad", "a", "bad", "bad", "your", "the", "it", "the", "so", "the", "the", "the", "poppin", "big", " ", " ", "bark", "make", "cool", "cool"], "it": ["for", "snap", "rollin", "makes", "for", "snap", "rollin", "makes", "you", "simple", "really", "really", "my", "baby", " ", "put", "im", "rain", "rain", "up", "aint", " ", "but", "out", "in", "out", "wont", "all"], "respected": [" "], "tylenol": [" "], "cant": ["touch", "touch", "fade", "wait", "nothin"], "im": ["bad", "not", "not", "nifty", "aimin", "bad", "not", "not", "nifty", "aimin", "in", "pursuin", "built", "droppin", "comin", "focused", "tryin", "so", "feelin", "faceless", "just", "feelin"], "lakers": [" "], "in": ["a", "the", "ya", "ya", "a", "the", "ya", "ya", "that", "that", "california", "the", "my", "lets", "the", "the", "his", "tha", "tha", "his", "the", "and", "tha", "tha", "da", "da", "da", "da", "the", "the", "china", "this", "nigga", "like", "the", "the", "underneath", "mia", "spain", "saint", "mia", "spain", "saint", "mia", "spain", "saint", "mia", "spain", "saint"], "claps": ["and", "and"], "ave": [" "], "bow": [" "], "chase": ["it", "da"], "grinder": [" "], "shirt": ["khakis"], "juan": ["now", "now"], "smoka": ["fool"], "yeahlyrics": ["submitted"], "ya": ["moms", " ", "you", "punk", " ", "makin", "slow", "ass", "cranium", "stressin", "coochie", "dead", "health", "moms", " ", "you", "punk", " ", "makin", "slow", "ass", "cranium", "stressin", "coochie", "dead", "health", "fuck", "neighborhood", "dont", "hear", "little", "dick", " ", " "], "underestimate": ["the"], "80s": [" "], "party": ["like"], "reminder": ["aint"], "gets": ["no", "no"], "used": ["to", "to", "tah"], "drink": [" "], "hang": ["out", "sideways", "with"], "negotiate": [" "], "rain": ["with", "with"], "hand": [" "], "v8": [" ", " "], "feelin": ["like", "the"], "underneath": ["the"], "tokyo": ["is"], "gutter": ["lane"], "off": ["the", "the", "like", "the"], "center": ["hang"], "i": ["wouldnt", "make", "hate", "got", "bus", "keep", "wouldnt", "make", "hate", "got", "bus", "keep", "forgot", "steal", "see", "told", "get", "get", "see", "lace", "make", "see", "got", "be", "love", "had", "was", "am", "am", "am", "hit", "know", "said", "mean", "aint", "aint", "aint", "fight", "take", "roll", "am", "can", "beat", "pull", "hear", "can", "can", "can", "can", "need", "can", "can", "can", "can", "done", "cant", "flew", "a", "can", "can", "can", "can", "love", "aint", "can", "can", "can", "can", "can"], "youre": ["god", "foul", "god", "foul"], "well": ["fuck", "include", "be"], "nothin": ["but", "but", "but", "like", "mothafucka", "but", "but", "but", "to", "else", "else", "fuck", "like", "else", "else", "like", "else", "like"], "grind": ["factor"], "thought": ["he", "not"], "mia": [" ", " ", " ", " "], "without": ["one", "one"], "mother": ["nigga", "nigga"], "alarms": [" ", " "], "the": ["butler", "neck", "fifty", "holdin", "deputy", "runnin", "don", "wood", "neighborhood", "claps", "fuck", "lench", "butler", "neck", "fifty", "holdin", "deputy", "runnin", "don", "wood", "neighborhood", "claps", "fuck", "lench", "west", "boogeyman", "hoes", "corner", "wall", "flyest", "parking", "mo", "wall", "flyest", "dogs", "pussycat", "navy", "80s", "test", "club", "house", "backyard", "shit", "wall", "flyest", "wall", "flyest", "wall", "flyest", "drive", "one", "one", "ghetto", "one", "cave", "block", "definition", "oceans", "mirror", "people", "hood", "damage", "ear", "grind", "price", "rath", "west", "exit", "people", "bag", "plastic", "grape", "mob", "basics", "ages", "water", "deep", "deep", "palms", "mall", "taj", "strip", "waterfalls", "beach", "world", "world", "world", "world", "wrong", "palms", "mall", "taj", "strip", "waterfalls", "beach", "world", "world", "world", "world", "world", "bay", "hood", "haters", "staples", "lakers", "champ", "palms", "mall", "taj", "strip", "waterfalls", "beach", "world", "world", "world", "world", "bet", "grammys", "palms", "mall", "taj", "strip", "waterfalls", "beach", "world", "world", "world", "world"], "tha": ["doggs", "games", "car", "hood", "rearview", "floss", "vegas", "air", "edge", "latest", "house", "underground", "rubber", "oven", "nappy", "west", "east", "south", "north"], "nappy": ["dugout", "dugout", " "], "ropin": ["too"], "chickitycheck": ["yo", "yo"], "just": ["twan", "twan", "hop", "face", "got", "got", "crack", "see", "dont", "an", "me"], "tip": ["yeah", "yeah"], "world": ["no", "girl", "girl", "girl", "girl", "girl", "girl", "girl", "girl", " ", "girl", "girl", "girl", "girl", "girl", "girl", "girl", "girl"], "touch": ["this", "ya", "this", "ya"], "cut": ["ya", "ya"], "mirrors": ["vibratin"], "euros": ["eatin"], "had": ["a", "a", "on", "to"], "cuz": ["if", "its", "we", "its", "she", "its", "dat", "its"], "wall": [" ", " ", " ", " ", " "], "lets": ["go", "spin", "go"], "crack": ["ad"], "snap": ["it", "it"], "dicks": ["in", "in"], "gave": ["her"], "livin": ["on"], "read": ["about"], "big": ["dicks", "dicks", "fat", "homey", "round", "fishin"], "sittin": ["in", "in"], "hoodrat": [" "], "gonna": ["give", "ape"], "game": ["is"], "know": [" ", "we", "boy", " ", "we", "boy", " ", "it", "how", "what", "you", "hollywood", "that"], "mob": ["is", "is", "niggas", "you"], "dissin": ["miami"], "charliebakerdenver": ["row", "row"], "d": ["wade"], "rotate": [" "], "like": ["this", "you", "you", "a", "this", "you", "you", "a", "my", "a", "we", "a", "dat", "roaches", "a", "a", "a", "a", "im", "young", "la", "la", "rollin", "la", "la", "sunset", "la", "lalyrics"], "success": [" "], "glitch": ["mob"], "miami": ["hurricane", "hurricane", " ", "i", " "], "huns": [" "], "talkin": ["shit", "shit"], "55": ["niggas"], "night": ["so"], "nigga": ["wit", "get", "wit", "get", "dont", "a", "hit", "find", "down", "thought", "in", "for", "for", "dont", "i", "faceless", "sprayed", "have"], "old": ["school", "school"], "people": ["when", "where", "where"], "some": ["carellflu"], "begin": [" "], "dead": [" ", " "], "chuck": ["taylors"], "lips": ["and", "and"], "sixo": ["always", "always"], "election": [" "], "mirror": ["mirror", "on", "mirror", "on", "mirror", "on", "mirror", "on", "mirror", "on", " "], "playin": ["tag", "cause", "superman"], "stoppin": ["all"], "leanin": ["up"], "treyeight": ["slug", "slug"], "trust": ["tha"], "for": ["you", "your", "sixo", "the", "your", "my", "ya", "you", "your", "sixo", "the", "your", "my", "ya", "a", "stars", "success", "a", "a", "the", "the", "the", "the", "your", "em"], "everythang": ["is"], "hurricane": ["head", "head"], "ice": ["cube", "cube", "cube", "cube", "cube", "cube"], "doggs": ["im"], "floss": [" "], "exit": [" "], "willin": [" "], "price": ["of"], "knife": ["to"], "be": ["the", "the", "down", "like", "fake", "polite", "no", "no", "a", "a", "respected", "no", "no", "a", "payin", "hard", "hard", "found"], "run": ["a", "a", "a", "a", "a", "a", "a", "a", "fool"], "business": ["no"], "sprung": ["niggas", "niggas"], "step": ["to", "to", "to", "to"], "super": ["sport"], "by": ["rico", "rico", "andrew", "pussy", "the", "im", "kahlifa", "playin", "karina", "a", "the", "you", "ty"], "on": ["and", "ya", "that", "and", "ya", "that", "the", "that", "the", "ave", "the", "the", "the", "the", "da", " ", "tha", "tha", "a", "tha", "my", "two", "my"], "about": ["tha", "read", " "], "wouldnt": ["touch", "touch"], "oh": ["boy", "boy", "yeah", "yeahlyrics", "my", "my", "my", "my", "my", "my", "my", "my"], "og": ["said"], "of": ["pain", "a", "pain", "a", "a", "all", "all", "all", "all", "all", "court", "g", "jail", "what", "tea", "this", "shit"], "glyrics": ["submitted"], "bgs": ["tryin"], "crucifix": [" "], "act": ["like"], "wanna": ["step", "step", "step", "step", "taste", "party", "talk", "be", "be"], "or": ["bitcha", "keep", "bitcha", "keep", "the", "its", "settle"], "block": ["watch"], "own": ["pace"], "grammy": [" "], "pussy": ["still"], "into": ["a"], "within": ["hear"], "rearview": ["mirrors"], "down": ["out", "now", " ", "tah", "might", "here", "pch", "westbound"], "right": ["behind", "behind"], "champ": [" "], "strip": ["in", "in", "in", "in"], "wade": ["and"], "indoe": [" ", " "], "forget": ["the"], "your": ["health", "ass", "name", "eyes", "health", "drawers", "health", "ass", "name", "eyes", "health", "drawers", "whole", "friends", "emotions", "world", "affection", "selection", "grammy"], "east": ["side"], "her": ["lips", "lips", "louise", "cuz", "ass", "ass"], "hes": ["just", "bout"], "there": ["goes", "goes"], "fight": [" "], "eatin": ["those"], "low": [" "], "lot": [" ", " "], "swagger": ["bitch"], "was": ["happy", "gone", "lookin"], "happy": [" "], "head": [" ", " "], "north": ["side"], "forn": ["i"], "bus": ["or", "or"], "bitches": ["like", "like"], "remix": ["old", "old"], "but": ["dont", "steady", "dont", "steady", "never", "tha", "we", "og", "he", "a", "a", "a", "we", "a", "a", "a", " ", " ", " ", " ", "cant", "nothin", "24s", " ", " ", "where", " ", " "], "back": ["or"], "hear": ["about", "a", "you", "em", "em", "em", "em", " ", "em", "em", "em", "em", "you", "you"], "ear": ["within"], "with": ["that", "so", "ones", "huns", "your", "my", "my", "the", "nigga", "cali", "the", "the"], "eat": ["these"], "he": ["was", "aint", "come", "come", "come", "come", "come", "come", "come", "come", "come", "come", "come", "come", "come", "come", "come", "come"], "pull": ["in", "this", "you"], "throw": ["ya", "tha", "tha", "tha", "tha"], "tryin": ["tah", "to", "to", "to", "to", "to", "to", "to", "to", "to", "to", "to"], "up": ["in", "the", "in", "the", "on", "against", "everyone", " ", "earl", "makin", "your"], "tellin": ["where"], "uk": [" "], "affection": [" "], "hivll": ["make"], "gone": ["but", " "], "ad": [" "], "taste": ["it"], "am": ["the", "the", "the", "a"], "deep": ["end", "in", "end"], "hungry": ["that"], "as": ["soon", "i", "darth", "well"], "at": ["a", "a", " ", " ", " ", " ", "my", " ", " ", " ", " ", " ", " ", "my", " ", " ", " ", " ", " ", " ", " ", " ", " ", " ", " ", " ", " ", "me", " ", " ", " ", " ", " ", "all"], "home": [" "], "check": ["yo", " ", " ", " ", "yo", " ", " ", " "], "shit": ["in", "ya", "in", "ya", " ", "that", " ", "and", " ", "quick", "then"], "pussycat": [" "], "ak47": ["assault", "assault"], "no": ["im", "fuckin", "good", "respect", "im", "fuckin", "good", "respect", "stoppin", "playin", "boos", "hero", "hero", "tellin", "hero", "hero"], "way": [" "], "boos": ["to"], "when": ["a", "we", "they", "i", "i", "they", "i", "i", "they", "they", "they", "they", "they", "you"], "green": ["and"], "rubber": ["cuz"], "test": [" "], "you": ["wreck", "betta", "wreck", "say", "cant", "know", "better", "wanna", "to", "better", "better", "coulda", "guessin", "and", "no", "gets", "better", "is", "wreck", "betta", "wreck", "say", "cant", "know", "better", "wanna", "to", "better", "better", "coulda", "guessin", "and", "no", "gets", "better", "is", "fatfuckers", "pour", "uhhuh", "lookin", "dont", "once", "to", "in", "should", "walk", "make", "the", "lookin", "know", "know", "heard", "the", "comin", "in", "fuck", " ", " ", "down", "nothin", "nothin", "nothin", " ", "sit", "like", "wont", "got", "wanna", "gotta", "hate", "nothin", "nothin", "nothin", "can", "aint", "aint", "in", "deep", "sinkin", "creepin", "sayin", "the", "the", "the", "the", "girl", "walk", "get", "gotta", "the", "the", "the", "the", "dont", "from", "the", "the", "the", "the", "u", "wanna", "thought", "sicker", "the", "the", "the", "the"], "really": ["dont", "dont"], "roll": ["at", "by", "through"], "picture": [" ", " "], "star": [" ", " "], "games": ["begin"], "palms": ["the", "the", "the", "the"], "polite": [" "], "lalyrics": ["submitted"], "kinda": ["trifle", "trifle"], "chris": ["bosh"], "friends": ["know", "know", "know"], "goin": ["underlyrics", "underlyrics", "down"], "jacked": ["up"], "lane": [" ", "what", " "], "applause": ["at", "at"], "stressin": [" ", " "], "tricks": ["know", "wanna", "know", "wanna"], "flyin": ["in"], "boogeyman": [" "], "u": ["rather"], "time": ["like", "like"], "once": ["befo"]}