{"all": ["changed", "worth", "of", "you", "the", "started", "alone", "the"], "jason": [" "], "lace": [" "], "go": ["to", " ", "through"], "hate": ["to"], "consider": ["them"], " ": ["chorus", "now", "just", "grindin", "so", "and", "look", "we", "got", "we", "to", "we", "thats", "we", "to", "we", "to", "if", "then", "nah", "i", "then", "so", "very", "some", "others", "he", "the", "the", "no", "the", "same", "hands", "and", "there", "death", "so", "chorus", "now", "just", "grindin", "so", "and", "look", "we", "got", "we", "to", "we", "thats", "we", "to", "we", "to", "top", "soon", "mo", "only", "not", "or", "the", "had", "that", "and", "thanks", "we", "leave", "do", "everybodys", "its", "chorus", "now", "just", "grindin", "so", "and", "look", "we", "got", "we", "to", "we", "thats", "we", "to", "we", "to", "bridge", "we", "the", "cause", "now", "you", "ill", "now", "lookin", "you", "chorus", "now", "just", "grindin", "so", "and", "look", "we", "got", "we", "to", "we", "thats", "we", "to", "we", "to", "yeah", "mother", "andits", "being", "dont", "rather", "think", "think", "never", "uhyeah", "i", "if", "when", "cause", "im", "moved", "the", "so", "while", "a", "call", "i", "they", "its", "know", "when", "puttin", "thats", "i", "all", "im", "these", "should", "but", "into", "you", "if", "aiyo", "he", "and", "then", "if", "lifes", "dont", "fuck", "hop", "in", "and", "but", "yall", "after", "of", "cause", "youre", "the", "and", "i", "ready", "echo", "yo", "going", "of", "than", "far", "cant", "it", "stepfather", "and", "the", "eventually", "and", "inside", "i", "im", "with", "jasmine", "the", "and", "i", "ready", "echo", "with", "with", "i", "with", "i", "with", "yo", "baby", "her", "all", "and", "its", "worse", "is", "word", "know", "baby", "labeled", "suicidial", "now", "and", "thats", "thats", "im", "youre", "the", "and", "i", "ready", "echo", "with", "with", "i", "with", "i", "with", "it", "im", "hold", "sometimes", "one", "hed", "look", "and", "everything", "if", "youre", "the", "and", "i", "ready", "echo", "with", "with", "i", "with", "i", "with"], "father": [" "], "to": ["do", "play", "buy", "play", "the", "floss", "rush", "the", "do", "play", "buy", "play", "do", "make", "our", "do", "play", "buy", "play", "do", "play", "buy", "play", "jail", "settle", "talk", "get", "get", "rap", "kill", "touch", "discuss", "kill", "kill", "kill", "talk", " ", "do", "you", "kill"], "lord": ["but", " "], "worth": ["it"], "fly": [" ", "on"], "woman": [" "], "worse": ["part"], "very": ["similar"], "courageous": [" "], "basics": [" "], "die": ["from"], "gun": ["a", " ", " ", " ", " ", " ", " ", " ", " ", " ", " ", " ", " ", " ", " ", " ", " ", " ", " ", " "], "standards": [" "], "leave": ["a", "you"], "settle": [" "], "yall": ["better", "aint", " "], "entourage": ["no"], "charter": [" "], "homey": ["you"], "force": ["me", "you"], "ten": ["crack"], "sign": ["out", "my"], "mansion": ["by"], "shinin": ["hard", "hard", "hard", "hard"], "run": [" ", " ", " "], "blue": [" "], "what": ["we", "they", "we", "they", "they", "you", "we", "they", "we", "they", " ", "up", "her"], "labeled": ["ah"], "melt": [" "], "eventually": ["it"], "new": ["4", " "], "ever": ["should", "should", "should", "need", "should"], "ridic": ["now"], "million": ["bucks"], "hero": ["when"], "ull": ["run", "run", "run"], "never": ["i", "underestimate", "cross"], "jasmine": ["sullivanyoure"], "ridin": ["the"], "here": [" ", "for"], "let": ["it"], "others": ["got"], "alone": ["up"], "stepfather": ["used"], "change": ["the", "your"], "changed": ["soon"], "stressed": ["bad"], "thats": ["what", "what", "what", "what", "right", "why", "why", "a"], "love": [" ", " ", " ", " "], "uzi": [" "], "extra": ["patient", "spacious", "faces"], "private": ["planes"], "fake": ["it"], "everybody": ["gotta"], "scarred": ["up", "her"], "from": ["the", "high", "crack", "blow", "all", "the"], "would": ["force"], "destination": [" "], "tears": ["that", "are"], "next": ["destination"], "pearl": ["delivery"], "live": ["a", "a", "with", "a", "a"], "going": ["through"], "call": ["us", "us", "us", "us", "my"], "type": [" "], "tell": ["me"], "more": [" ", "mature", "she"], "door": ["porsche"], "started": ["off"], "flying": ["private"], "hurt": ["no"], "everywhere": ["daddy"], "baby": ["by", "girl"], "hold": ["your"], "me": ["the", "nothing", " ", "wrong", " ", " ", " ", " ", "put", " "], "word": ["get"], "this": ["little", "earth"], "car": [" ", " "], "mo": ["money", "problems"], "niggaz": ["or", "know"], "movies": [" "], "mall": ["up", "up", "up", "up"], "nine": ["will"], "can": ["kick", "kick", "kick", "bring", "kick", "get", "cry", "trust", "trust", "trust", "trust"], "ms": ["is"], "my": ["ball", "name", "face", "timbs", "lace", "hands", "bluff", "pairs", "bread"], "beautiful": [" "], "heart": ["in"], "alayna": [" "], "fuck": ["ridin"], "daddys": ["little"], "high": ["blood", "when"], "salty": [" "], "something": ["else", "else", "melt", "to"], "want": ["to", "to", "to", "to"], "sit": ["back"], "rather": ["just"], "breaking": ["them"], "how": ["ima", "ima", "to", "real", "im", "the"], "hop": ["out"], "instead": ["of"], "chase": ["the"], "tried": ["to"], "famish": [" "], "after": ["you", "i"], "customs": [" "], "wrong": ["before", "lay"], "lay": ["a"], "bluff": ["start"], "coming": ["with"], "such": [" "], "lap": [" "], "parallel": ["park"], "man": ["of", "becomes", "from", "i", "i", " ", "i", "i"], "a": ["glamorous", "glamorous", "name", "nice", "hero", "glamorous", "million", "glamorous", "nigga", "dutch", "nigga", "man", "gun", "knife", "bat", "brick", "symptom", "grip", "bootleg", "que", "year", "century", "bitch", "bm", "man", "man", "smoking", "smoking", "youngin", "woman", "smoking", "smoking", "smoking", "smoking", "smoking", "smoking", "car", "tough", "black", "smoking", "smoking", "smoking", "smoking", "smoking", "smoking", "reason", "smoking", "smoking", "smoking", "smoking", "smoking", "smoking"], "documentary": [" "], "jail": ["cause"], "talk": ["is", " ", "to"], "six": ["but"], "shoes": [" ", " ", " ", " "], "over": ["customs", "trust", " ", "your"], "move": ["me"], "soon": ["as", "as"], "held": ["in"], "through": [" ", "the", "and", " "], "still": ["cant", "cant", "queen"], "its": ["my", "a", "a", "pepsi", "a", "her"], "before": [" "], "ima": ["put", "get"], "gerald": [" "], "better": ["guard"], "spacious": [" "], "split": ["like"], "dad": [" "], "then": ["we", "we", "chase", "he"], "them": ["down", "fly", " ", "things", " ", "yearsll", " ", "ms", "bricks", "nicks"], "yo": ["im", "shawty", "now"], "ya": [" ", " "], "smarter": [" "], "touching": ["her"], "they": ["call", "call", "consider", "care", "get", "call", "knew", "call", "can", "tried"], "hands": ["down", "on"], "front": ["for"], "now": ["we", "we", "instead", "we", "we", "were", "we", "throw", "he", "she", "she"], "day": ["and", "and", "and", "and"], "bread": ["into"], "worlds": ["like"], "name": [" ", " "], "always": ["we", "here"], "rock": ["for"], "bitch": ["like"], "em": ["lookin", "lookin", " ", " ", "lookin", "lookin"], "throwin": ["them", "them"], "hard": [" ", "ohhhh", "ohhh", "ohhh", " ", "ohhhh", "ohhh", "ohhh", " ", "ohhhh", "ohhh", "ohhh", " ", "ohhhh", "ohhh", "ohhh", "just"], "yeah": ["yo"], "tip": ["in"], "used": ["to"], "year": [" "], "our": ["shoes", "shoes", "heavily", "shoes", "car", "shoes"], "girl": ["type", "is", "lost"], "out": [" ", " ", "of", "two", "lookin"], "gon": ["sign", "grind"], "god": [" "], "acting": ["up"], "dutch": [" "], "got": ["em", "famish", "lost", "em", "em", "em", "something"], "cause": ["they", "them", "im", "tears", "this"], "gardener": [" "], "gunlyrics": ["submitted"], "shit": ["that"], "gota": ["live"], "reason": [" "], "que": ["like"], "imagine": ["what"], "put": ["the", "out", "your"], "wanted": ["to"], "care": ["about"], "pairs": ["off"], "mufflers": [" "], "where": ["her"], "thing": ["they", "about"], "shootin": ["is"], "think": ["how", "about", "its"], "fuckin": ["with"], "blood": ["pressure"], "harderlyrics": ["submitted"], "already": ["know"], "dont": ["get", "jam", "lose", "make", "know", "get"], "feel": ["the", "for"], "one": ["i", "i", "i", "thing", "i"], "embraced": ["it"], "hood": ["embraced", "like"], "little": ["nine", "girl"], "jet": ["now"], "top": ["is", "5"], "too": [" ", " ", " ", " "], "penitentiary": ["chances"], "that": ["you", "tripled", "all", "hate", "time", "hes", "i", "he", "i", "was", "i", "i", "they", "i"], "park": ["on"], "took": ["it"], "part": ["about"], "wasted": ["in", "the"], "kept": ["touching"], "than": ["flow", "her"], "symptom": ["if"], "glamorous": ["life", "life", "life", "life"], "gotta": ["throw", "split", "feel", "raise"], "submitted": ["by", "by"], "yearsll": ["cost"], "cost": ["me"], "were": ["flying"], "and": ["night", "live", "couldnt", "to", "night", "live", "it", "night", "live", "such", "night", "live", "roll", "tighten", "still", "ill", "die", "i", "new", "its", "i", "if", "she", "then", "the", "if", "lil", "without", "thats", "let", "if", "youre", "youre", "if"], "bridge": ["mary"], "outta": ["line"], "tasted": ["the"], "mind": [" "], "say": ["nothing"], "rap": ["for", "now"], "need": ["to", "u", "u", "u", "me", "u"], "ohhhh": [" ", " ", " ", " ", " ", " ", " ", " "], "clutch": [" "], "lil": ["man"], "able": ["to"], "without": ["a"], "take": ["it", " "], "so": ["we", "we", "we", "we", "we", "we", "we", "bring", "dont"], "bobbin": ["your"], "waitin": ["on"], "even": ["imagine"], "play": ["harder", "harder", "harder", "harder", "harder", "harder", "harder", "harder"], "pain": [" ", " "], "track": [" "], "knew": ["whats"], "mouth": ["im"], "nothing": [" ", " "], "why": ["i", "im"], "oyster": ["bars"], "sometimes": ["the"], "flow": ["is", " "], "face": ["from", " "], "tech": ["will", " "], "away": ["and"], "came": ["in"], "cobra": ["clutch"], "chances": ["that"], "queen": ["of"], "bring": ["me", "the"], "earth": ["and"], "youngin": [" "], "aint": ["breaking", "no", "hurt", "goin", "fuckin", "your"], "givin": ["them"], "dividing": ["the"], "jaw": ["cracked"], "should": ["be", "need", "need", "need", "need"], "only": ["time", "thing", "one", "man", "one", "man", "one", "man", "one", "man"], "jam": ["the"], "black": ["girl"], "do": [" ", " ", "two", "all", " ", " ", "nothin", "to"], "get": ["rid", "scarred", "me", "the", "my", "my", "it", "the", "outta", "around"], "beat": ["nigga"], "sullivanyoure": ["the"], "suzie": ["dont"], "him": ["a"], "ghetto": ["what"], "bat": ["a"], "cry": ["and"], "bad": [" ", "things"], "she": ["couldnt", "held", "really", "gotta"], "explanations": [" "], "body": ["is"], "bars": [" "], "set": ["standards"], "devils": ["temptation"], "frame": ["what"], "justification": [" "], "are": ["salty"], "best": ["no"], "crushing": ["her"], "temptation": ["would"], "timbs": ["on"], "bootleg": ["movies", "uzi"], "grindin": ["day", "day", "day", "day"], "blow": ["lets"], "we": ["shinin", "want", "can", "made", "some", "grind", "touch", "grind", "grind", "aint", "letting", " ", "got", "set", "gon", "gon", "shinin", "want", "can", "made", "some", "grind", "touch", "grind", "grind", "get", "fly", "stay", "shinin", "want", "can", "made", "some", "grind", "touch", "grind", "grind", "step", "aint", "shinin", "want", "can", "made", "some", "grind", "touch", "grind", "grind"], "boss": [" "], "spray": [" ", " "], "tripled": ["down"], "pepsi": ["blue"], "come": ["in", " ", " ", " ", "through", " ", " ", " ", " "], "stages": [" "], "fault": [" ", "boo"], "ill": ["sign", "leave"], "lookin": ["at", "at", "at", "at", "like", "at", "crispy"], "faces": [" "], "whole": ["damn"], "hustlas": [" ", " ", " ", " "], "tough": ["walk"], "bricks": [" "], "whatever": [" "], "walk": [" ", "through"], "trust": ["them", " ", " ", " ", " "], "crispy": ["fresh"], "devil": [" "], "lifes": ["a"], "raise": ["her"], "porsche": ["is"], "three": [" "], "damn": ["world"], "brick": ["anything"], "mary": ["j", "j", "j", "j", "j"], "life": [" ", "hustlas", " ", "hustlas", " ", "hustlas", " ", "hustlas", "as"], "innocent": [" "], "spit": ["everybody"], "else": [" ", "thatll"], "child": ["poor"], "smoking": ["gun", "gun", "gun", "gun", "gun", "gun", "gun", "gun", "gun", "gun", "gun", "gun", "gun", "gun", "gun", "gun", "gun", "gun", "gun", "gunlyrics"], "look": ["what", "what", "what", "what", "at"], "these": ["penitentiary"], "bill": [" "], "harder": ["ohhhh", "harder", " ", "ohhhh", "harder", " ", "ohhhh", "harder", " ", "ohhhh", "harderlyrics"], "cash": ["in"], "will": ["spray", "change"], "while": ["you"], "cracked": ["you"], "voice": ["of"], "theres": ["really"], "grip": [" "], "cane": [" "], "thatll": ["make"], "century": [" "], "is": ["basics", "extra", "the", "the", "what", "lookin", "right", "up", "over", "ridic", "the", "whatever", "in", "courageous", "more", " ", "her", "innocent"], "it": ["too", " ", " ", " ", " ", "too", "the", "was", "after", "up", "too", "too", "dont", "you", "from", "all", "scarred", " ", "off", "aint"], "cant": ["tell", "go", "escape", "escape", "move", "do", "even"], "im": ["the", "a", "a", "creeping", "throwin", "throwin", "in", "just", "gonna", "coming", "ready", "come", "always"], "in": ["the", "we", "the", "the", "the", "my", "the", "here", "your", "the", "theres", "the", "westhave"], "ready": ["to", "to", "to", "to", "to"], "bucks": [" "], "rid": ["of"], "fame": [" "], "whore": [" "], "if": ["we", "he", "it", "you", "not", "you", "i", "i", "i", "you", "i"], "things": ["come", "that"], "make": ["it", "it", "something", "me"], "cross": ["you"], "same": ["entourage", " "], "shifts": ["to"], "underestimate": ["niggaz"], "underground": [" "], "puttin": ["purple"], "tighten": ["my"], "ball": ["check"], "boo": [" "], "running": ["your"], "thoughts": ["on"], "kid": [" "], "off": ["our", "our", "our", "our", "me", "as", "for"], "i": ["always", "came", "cant", "just", "spit", "still", "can", "know", "get", "aint", "take", "invest", "just", "parallel", "dont", "know", "cash", "love", "know", "can", "ever", "know", "got", "love", "know", "can", "ever", "know", "know", "know", "feel", "love", "know", "can", "ever", "know", "know", "know", "love", "know", "can", "ever", "know", "know", "know"], "youre": ["the", "the", "still", "beautiful", "the"], "nothin": ["other"], "grind": ["hard", "hard", "hard", "out", "hard", "hard", "hard", "hard", "hard", "hard", "hard", "hard", "hard"], "breeze": ["a"], "mother": ["of", "from"], "the": ["stars", "mall", "game", "pies", "ten", "hood", "rest", "new", "best", "top", "next", "only", "stars", "mall", "energy", "game", "tears", "pain", "time", "jaw", "cane", "same", "fame", "jet", "charter", "front", "gardener", "stars", "mall", "whole", "bill", "stars", "mall", "nigga", "perpetual", "boss", "game", "cobra", "caine", "tech", "lord", "devil", "ghetto", "time", "heat", "flow", "hood", "breeze", "mansion", "lake", "kid", "fact", "champ", "book", "documentary", "mother", "beat", "track", "six", "shit", "game", "only", "only", "stages", "daddys", "more", "pain", "tech", "ear", "mufflers", "only", "only", "town", "town", "only", "only", "devils", "lord", "bad", "only", "only"], "know": ["how", "that", "the", "im", "the", "you", "a", "that", "youd", "that", "youd", "youd", "ull", "how", "that", "youd", "youd", "ull", "that", "youd", "youd", "ull"], "mom": ["think"], "just": ["like", "like", "like", "like", "being", "sit", "gotta", "waitin", "gotta", "wanna", "kept"], "heavily": ["father"], "being": ["the", "i"], "money": ["mo"], "caine": ["over"], "rest": ["is"], "not": ["the", "rap"], "kill": ["with", "with", "for", "with", "with"], "thanks": ["to"], "touch": ["the", "the", "the", "the", "her"], "letting": ["them"], "death": ["is"], "nicks": [" "], "had": ["to"], "lake": [" "], "discuss": ["with"], "lets": ["go"], "other": ["than"], "4": ["door"], "throw": ["my", "him"], "crack": ["commandments", "to"], "uhyeah": ["them"], "ohhh": [" ", " ", " ", " ", " ", " ", " ", " ", " ", " ", " ", " ", " ", " ", " ", " ", " ", " ", " ", " "], "kick": ["off", "off", "off", "off"], "real": ["life", "life", "life", "life", "he"], "around": ["yall"], "andits": ["hard"], "gonna": ["change"], "game": ["dividing", " ", "in", "so"], "commandments": [" "], "listening": ["so"], "anthems": ["a"], "world": ["is"], "pies": ["by"], "shoulder": [" "], "westhave": [" "], "like": ["we", "we", "we", "a", "we", "pepper", "bootleg", "suzie", "the", " "], "lost": ["and", "for"], "perpetual": ["oyster"], "chorus": ["mary", "mary", "mary", "mary"], "night": [" ", " ", " ", " "], "right": ["in", "homey"], "some": ["real", "couldnt", "real", "real", "real"], "back": ["and"], "dead": ["or"], "escape": ["the", "the"], "happens": ["for"], "outs": [" "], "for": ["the", "the", "a", "life", "you", "you", "ya", "ya", "you", "a"], "purple": ["everywhere"], "everything": ["happens"], "floss": ["but"], "knife": ["a"], "be": ["extra", "able"], "pepper": ["spray"], "patient": [" "], "bm": ["and"], "lose": ["me"], "pressure": ["cause"], "step": ["up", "dad"], "nowhere": ["im"], "by": ["three", "gerald", "the", "her", "alayna"], "on": ["the", "and", " ", "a", "the", "her"], "about": ["is", "how", "it", "the"], "anything": ["i"], "of": ["em", "the", "listening", "our", "pearl", "god", "the", "how", "how", "where", "this"], "suicidial": ["thoughts"], "wanna": ["rock"], "or": ["alive", "the", "over"], "shawty": ["is"], "whats": ["wrong"], "into": ["something", "something"], "youd": ["come", "come", "come", "come", "come", "come", "come"], "two": ["shifts", "anthems"], "down": [" ", "the", "your", "if"], "guard": ["up"], "nigga": ["with", "down", "that", "i"], "champ": ["is"], "couldnt": ["take", "make", "fake", "say"], "your": ["face", "mouth", "shoulder", "head", "heart", "lap", "frame", "fault", "head"], "her": ["body", "age", "worlds", " ", "for", " ", " ", " ", "step", "and", "mom", "fault", "mind", "child"], "hes": ["sick"], "there": ["aint"], "hed": ["never"], "start": ["acting"], "stars": ["ohhh", "ohhh", "ohhh", "ohhh"], "was": ["all", "crushing"], "energy": ["that"], "head": [" ", "high"], "buy": ["the", "the", "the", "the"], "but": ["couldnt", "i", "i", "its", "i"], "delivery": ["voice"], "heat": ["that"], "alive": ["what"], "line": [" "], "ear": ["holes"], "with": ["em", "the", "the", "jason", "a", "a", "her", "the", "the", "a", "a", "a", "a", "a", "a", "a", "a", "a", "a", "a", "a", "a", "a", "a", "a", "a", "a"], "he": ["wanted", "force", "is", "took", "put", "go", "just"], "rush": ["be"], "made": ["it", "it", "you", "it", "it"], "blige": [" ", " ", " ", " ", " "], "inside": ["that"], "j": ["blige", "blige", "blige", "blige", "blige"], "up": ["ohhh", "ohhh", " ", "yall", " ", "ohhh", "out", "ohhh", " ", "over", "and", " ", "in"], "us": ["ohhh", "ohhh", "ohhh", " ", "ohhh"], "mature": [" "], "planes": ["and"], "daddy": ["im"], "similar": ["to"], "creeping": ["up"], "ah": ["the"], "moved": ["away"], "as": ["them", "you", "a", "a"], "at": ["you", "you", "you", "us", "you", "all"], "check": ["it"], "aiyo": ["niggaz"], "echo": ["with", "with", "with", "with"], "no": ["need", "extra", "explanations", "time", "more", "justification"], "nah": ["never"], "when": ["they", "i", "i", "you"], "book": ["with"], "5": ["dead"], "sick": ["know"], "becomes": ["a"], "you": [" ", " ", "givin", "wasted", "wasted", "tasted", "made", "a", " ", "can", "cant", " ", "running", "underground", "bobbin", "already", "cant", "shootin", "just", "cant", " ", " ", " ", "to", "walk", " ", " ", " ", "ever"], "really": ["no", "stressed"], "roll": ["a"], "nice": ["tip"], "poor": [" "], "everybodys": ["a"], "problems": ["gota"], "stay": ["smarter"], "town": ["talk", "whore"], "goin": ["nowhere"], "invest": ["my"], "age": ["is"], "holes": ["and"], "u": [" ", " ", " ", " "], "fact": ["of"], "time": ["outs", "we", "the", "to", "is"], "far": ["from"], "fresh": ["and"]}