{"all": ["right", "right", "right", "right", "right", "right", "live", "them", "live", "them", " ", "we", " ", "we", "be", "be", "the", "this", "the", "the", "floss", "done", "you", "done", " ", " ", " ", " ", " ", " ", " ", "i", "i", "things", "i", "things", "that", " ", "childish", "that", " ", "childish", "that", "that", "right", "right", "right", " ", "childish", "yeah"], "childs": ["support"], "forget": ["what", "what", "what", "what", "what", "what", "what", "what", "what", "what", "what", "what", "passionate"], "pardon": ["the", "the"], "suburban": ["place", "place", "place", "place", "place", "place"], "lack": ["conscience", "love", "love", "love"], "fingertips": ["on", "on"], "focus": [" "], "four": ["kids", " "], "known": ["the", " ", " "], "concept": ["of"], "grateful": ["i"], "skin": ["grin", "tone", "tone"], "go": ["too", "too", "and", "too", "and", "too", "with", "my", "wrong", "through"], "conversation": [" ", " ", " "], "hate": ["men"], "gi": ["dem"], "marching": ["marching", "marching", "to", "marching", "marching", "to"], " ": ["youre", "cant", "youd", "i", "at", "and", "youre", "cant", "pardon", "theres", "the", "there", "but", "please", "youre", "cant", "i", "i", "trust", "oh", "oh", "and", "youre", "cant", "youd", "i", "at", "and", "youre", "cant", "i", "i", "trust", "oh", "oh", "and", "i", "i", "trust", "oh", "oh", "and", "youre", "cant", "youd", "i", "at", "and", "youre", "cant", "pardon", "theres", "the", "there", "but", "please", "youre", "cant", "i", "i", "trust", "oh", "oh", "and", "youre", "cant", "youd", "i", "at", "and", "youre", "cant", "i", "i", "trust", "oh", "oh", "and", "i", "i", "trust", "oh", "oh", "and", "its", "the", "member", "you", "to", "like", "plus", "if", "talking", "a", "now", "who", "showing", "girlfriend", "you", "dont", "babygirl", "niggas", "now", "dont", "let", "its", "look", "fake", "come", "guys", "some", "that", "the", "more", "him", "dont", "lets", "cristal", "the", "need", "they", "money", "the", "the", "how", "how", "how", "come", "girls", "some", "that", "i", "skinny", "my", "but", "the", "made", "every", "make", "story", "when", "kill", "rode", "watching", "every", "make", "you", "looking", "you", "thinking", "a", "springfield", "saturday", "main", "a", "move", "member", "back", "looking", "you", "thinking", "you", "thinking", "drill", "remember", "moving", "i", "south", "unaware", "writing", "july", "the", "and", "hillside", "and", "sensations", "and", "jack", "nah", "i", "every", "make", "you", "welcome", "you", "thinking", "thinking", "i", "skinny", "my", "but", "the", "made", "every", "make", "story", "when", "kill", "rode", "watching", "every", "make", "you", "looking", "you", "thinking", "a", "springfield", "saturday", "main", "a", "move", "member", "back", "looking", "you", "thinking", "you", "thinking", "drill", "remember", "moving", "i", "south", "unaware", "writing", "july", "the", "and", "hillside", "and", "sensations", "and", "jack", "nah", "i", "every", "make", "you", "welcome", "you", "thinking", "thinking", "what", "after", "i", "who", "instead", "it", "before", "who", "let", "after", "beat", "rap", "my", "flippin", "you", "more", "bomb", "mcs", "my", "l", "then", "adjacent", "roll", "where", "develop", "what", "after", "but", "and", "so", "lets", "to", "tomorrow", "all", "let", "after", "what", "after", "what", "after", "i", "who", "instead", "it", "before", "who", "let", "after", "beat", "rap", "my", "flippin", "you", "more", "bomb", "mcs", "my", "l", "then", "adjacent", "roll", "where", "develop", "what", "after", "but", "and", "so", "lets", "to", "tomorrow", "all", "let", "after", "what", "after", "it", "but", "loving", "and", "tell", "no", "and", "is", "that", "forces", "then", "tell", "no", "and", "no", "you", "and", "youd", "i", "how", "as", "i", "see", "you", "cause", "and", "care", "i", "there", "said", "cry", "you", "give", "why", "it", "but", "loving", "and", "tell", "no", "and", "is", "that", "forces", "then", "tell", "no", "and", "no", "you", "and", "youd", "i", "how", "as", "i", "see", "you", "cause", "and", "care", "i", "there", "said", "cry", "you", "give", "why", "i", "its", "if", "like", "dont", "i", "and", "rock", "people", "so", "while", "you", "you", "but", "now", "pay", "but", "say", "now", "still", "whether", "or", "ive", "i", "get", "but", "its", "and", "you", "cause", "you", "you", "but", "im", "from", "to", "you", "while", "im", "make", "give", "every", "our", "things", "and", "watch", "you", "observe", "and", "cause", "you", "you", "but", "forgive", "although", "dem", "fling", "forgive", "forgive", "beware", "be", "and", "they", "then", "to", "forgive", "forgive", "why", "feed", "give", "why", "if", "you", "i", "but", "and", "get", "so", "how", "to", "even", "ls", "lets", "if", "then", "and", "sick", "why", "march", "like", "forgive", "forgive", "it", "wolves", "men", "a", "that", "so", "forgive", "forgive", "gwan", "trample", "dem", "but", "dem", "dem", "dem", "its", "my", "i", "some", "but", "everything", "i", "my", "now", "but", "cant", "ls", "a", "now", "tarnish", "who", "you", "you", "you", "you", "you", "now", "gained", "tryin", "now", "wisdom", "i", "every", "when", "cant", "your", "tried", "hypocrites", "always", "always", "never", "i", "but", "and", "see", "you", "you", "you", "you", "you", "you", "when", "what", "now", "what", "never", "cause", "you", "the", "trying", "but", "now", "and", "now", "and", "now", "and", "if", "cause", "you", "you", "you", "you", "you", "you", "when", "what", "my", "the", "and", "and", "what", "so", "but", "the", "and", "to", "i", "and", "what", "i", "now", "and", "the", "and", "to", "and", "the", "and", "to", "now", "not", "the", "cause", "nothing", "nothing", "see", "your", "without", "cause", "nothing", "nothing", "these", "still", "cause", "nothing", "nothing", "youre", "i", "to", "cause", "nothing", "nothing", "now", "i", "with", "cause", "nothing", "nothing", "now", "and", "cause", "nothing", "nothing", "come", "everything", "music", "how", "now", "on", "should", "and", "now", "that", "and", "theres", "come", "everything", "music", "how", "i", "and", "makes", "and", "see", "i", "now", "but", "come", "everything", "music", "so", "i", "why", "all", "and", "i", "or", "writing", "then", "and", "unprecedented", "im", "running", "just", "theyll", "theyll", "and", "and", "come", "everything", "music", "so", "the", "was", "the", "i", "ooo", "makes", "how", "see", "it", "it", "i", "so", "warm", "fingertips", "more", "like", "ahbut", "speaking", "the", "sweet", "your", "how", "but", "choruslyrics", "the", "was", "the", "i", "ooo", "makes", "how", "see", "it", "it", "i", "so", "warm", "fingertips", "more", "like", "ahbut", "speaking", "the", "sweet", "your", "how", "but", "yo", "let", "make", "though", "cause", "tell", "tell", "background", "tell", "tell", "now", "but", "i", "but", "i", "not", "but", "tell", "tell", "background", "tell", "tell", "and", "cause", "oooh", "tell", "tell", "everythings", "oooh", "now", "but", "see", "to", "tell", "tell", "background", "tell", "tell", "itll", "yo", "let", "make", "though", "cause", "tell", "tell", "background", "tell", "tell", "now", "but", "i", "but", "i", "not", "but", "tell", "tell", "background", "tell", "tell", "and", "cause", "oooh", "tell", "tell", "everythings", "oooh", "now", "but", "see", "to", "tell", "tell", "background", "tell", "tell", "itll", "my", "the", "and", "and", "what", "so", "but", "the", "and", "to", "i", "and", "what", "i", "now", "and", "the", "and", "to", "and", "and", "the", "and", "to", "unsure", "i", "by", "but", "told", "for", "i", "but", "look", "lauryn", "but", "now", "now", "how", "than", "ive", "now", "the", "see", "and", "to", "a", "for", "is", "and", "that", "now", "now", "now", "marching", "marching", "turn", "anda", "oh", "into", "saying", "i", "but", "still", "on", "i", "i", "oh", "i", "turn", "never", "oh", "into", "saying", "and", "ooh", "and", "that", "that", "i", "i", "oh", "i", "loving", "every", "and", "every", "this", "in", "and", "expresses", "and", "telling", "the", "if", "stand", "lauryn", "i", "i", "i", "oh", "turn", "anda", "i", "and", "into", "sayin\u2019", "it\u2019s", "i", "but", "still", "on", "on", "i", "bob", "i", "oh", "i", "good", "i", "oh", "i", "i", "oh", "feels", "babies", "you", "baby", "when", "whys", "when", "whys", "i", "but", "found", "i", "to", "i", "but", "but", "and", "what", "what", "if", "if", "and", "will", "if", "if", "see", "it", "but", "and", "the", "but", "and", "what", "what", "if", "and", "will", "if", "see", "what", "if", "and", "will", "if", "if", "when", "whys", "when", "whys", "when", "let", "let", "ill", "hes", "tell", "tell", "tell", "now", "but", "then", "i", "every", "but", "then", "and", "but", "all", "ill", "and", "cuz", "oh", "tell", "tell", "and", "oh", "now", "but", "oh", "see", "to", "when"], "lovin\u2019": ["yo"], "chain": ["of"], "everything": ["you", "we", "you", "you", "you", "you", "i", "i", "we", "will"], "mcs": ["aint", "aint"], "concerned": ["with"], "itll": ["be", "be"], "father": ["for", "for", "for", "for", "for", "for", "for", "for"], "young": ["lauryn", " ", "man", "man"], "send": ["it"], "environment": [" ", " "], "to": ["be", "touch", "be", "compare", "speak", "be", "warm", "be", "touch", "be", "warm", "be", "touch", "be", "compare", "speak", "be", "warm", "be", "touch", "be", "warm", "begin", "the", "take", "shoot", "ivy", "the", "have", "do", "amp", "ivy", "the", "have", "do", "amp", "be", "play", "take", "the", "the", "nassau", "be", "make", "be", "be", "play", "take", "the", "the", "nassau", "be", "make", "be", "be", "act", "scream", "be", "let", "walk", "make", "do", "me", "me", "be", "act", "scream", "be", "let", "walk", "make", "do", "me", "me", "israel", "go", "ground", "change", "the", "the", "ball", "be", "kids", "spend", " ", "be", "you", "you", "gain", "shoot", "tief", "increase", "the", "keep", "survive", "stay", "pull", "settle", "discover", "be", "themselves", "themselves", "be", "god", "you", "shreds", "kingston", "mi", "grab", "behold", "act", "get", "a", "play", "play", "take", "the", "make", "face", "you", "you", "pretend", "be", "achieve", "define", "everything", "be", "define", "define", "sea", "me", "me", "me", "look", "me", "me", "me", "the", "inspire", "inspire", "fall", "get", "inspire", "sell", "work", "your", "inspire", "hear", "see", "an", "hear", "see", "an", "make", "the", "make", "the", "be", "achieve", "define", "everything", "be", "define", "define", "perform", "kneel", "be", "use", "wait", "keep", "come", "be", "zion", "zion", "you", "give", "give", "give", "resist", "know", "know", "recite", "ask", "marry", "your", "give", "give", "give", "give", "you", "give", "give", "give", "me", "me", "keep", "be", "be", "be", "proud", "the"], "asking": ["then"], "danielle": ["young"], "under": ["the"], "atlas": [" ", " "], "lord": ["be", "how"], "must": ["come", "come", "come", "come", "come", "come", "come", "come", "come", "come", "decrease", "choose"], "beware": ["the"], "me": ["weak", "know", "when", "down", "love", "love", "when", "down", "love", "love", "when", "down", "love", "love", "weak", "know", "when", "down", "love", "love", "when", "down", "love", "love", "when", "down", "love", "love", "break", "recall", "recall", "recall", "recall", "recall", "recall", "tell", "tell", "tell", "tell", "who", " ", "who", " ", "know", "stay", "more", "care", " ", " ", "there", " ", " ", "cry", " ", " ", "give", " ", " ", "who", " ", "who", " ", "know", "stay", "more", "care", " ", " ", "there", " ", " ", "cry", " ", " ", "give", " ", " ", "i", "grief", "speak", "a", "run", " ", " ", " ", " ", " ", "feel", " ", " ", " ", " ", " ", " ", "at", "your", "and", "argue", " ", "think", "argue", " ", "think", "be", "be", "unselfish", "be", "be", "unselfish", " ", " ", " ", " ", " ", "to", "a", "to", "pray", " ", "uh", " ", "uh", "uh", "please", " ", "feel", "be", "be"], "returned": [" "], "jezebel": ["in"], "song": [" ", "i"], "far": [" ", " ", "away", "away"], "caught": ["or", "up", "up"], "distant": ["lands"], "wave": ["of"], "sensation": ["similar"], "fah": ["you"], "theyve": ["reached"], "every": ["ghetto", "city", "ghetto", "city", "ghetto", "city", "ghetto", "city", "ghetto", "city", "ghetto", "city", "ghetto", "time", "law", "indian", "station", "man", "time", "cause", "time", "time", "three", "day", "chorus", "beautiful", "night", "word", "second", "third", "chord", "thing"], "jack": ["jack", "jack", "ya", "jack", "jack", "ya"], "fall": [" ", " ", "tryin", "from", " ", " ", " ", " "], "telling": ["the", "you"], "cherubims": ["to", "to"], "balance": ["held"], "school": [" ", " "], "heaven": ["to", "to", "to", "to"], "salad": [" "], "mothers": ["basement", "phone", "phone"], "did": ["it", "jezebel", "a", "has", "you", "you"], "die": ["for", "for", "for"], "marry": ["me"], "f": ["again"], "list": ["them"], "gun": [" "], "plotting": ["fah"], "try": ["to", "to", "to", "to", "to"], "1999": [" "], "settle": [" "], "car": ["thieves", "thieves"], "quick": ["to"], "havent": ["been"], "unaware": ["of", "of"], "babygirl": ["respect"], "work": ["at"], "carter": ["park", "park"], "ten": ["feet"], "tired": [" ", " ", " ", " "], "trend": [" "], "everythings": ["gonna", "gonna"], "streets": ["that", "that", "ballads", " ", "like"], "discover": [" "], "past": ["it", "it"], "battle": [" ", " ", "this"], "second": ["verse", "and"], "street": ["roots", " ", "roots", " ", "baptist", "baptist"], "earth": [" ", " "], "writing": ["your", "your", "rhymes"], "melody": ["of"], "silver": ["and"], "shining": ["in", "in"], "even": ["fooling", "start", "start", "if", "when", "lie", "when", "if", "matters", "matters", "matters", "matters", "matters", "matters", "matters", "matters", "matters", "matters", "matters", "matters", "matters", "matters", "matters", "matters", "matters", "matters"], "what": ["youve", "youve", "youve", "youve", "we", "youve", "youve", "youve", "youve", "youve", "youve", "we", "youve", "youve", "is", "is", "is", "is", "is", "is", "is", "is", "we", "we", "you", "you", "you", "they", "they", "they", "they", "they", "they", "makes", "they", "they", "you", "a", "you", "you", "they", "youve", "you", "someone", "happened", "an", "you", "you", "is", "we", "is", "we", "someone", "happened", "the", "i", " ", "what", "yeah", "what", " ", "you", "you", "you", "you", "you", "you", "you", "you", "you", "you", "you", "you", "is", "we"], "power": [" ", " ", " "], "sun": [" ", "dipped", "dipped"], "boogie": ["spars", "spars"], "locker": ["they"], "overwhelmed": [" "], "lights": ["with", "down", "down", "down"], "indian": ["wanna"], "superstar": ["since", "you"], "above": ["the"], "new": ["jerusalem", "jerusalem", "jerusalem", "jerusalem", "jerusalem", "jerusalem", "under"], "ammunition": [" "], "ever": ["will", "will", "will", "will", "will", "will", "prevented", "known", "known", "try", "heard", "been", "been"], "told": ["you", "me", "me"], "body": [" ", " "], "full": ["and", "out", "name"], "christian": [" "], "den": ["yuh"], "lef": ["yuh"], "youd": ["be", "be", "be", "be", "rather", "hurt", "be", "die", "rather", "hurt", "be", "die", "do"], "blunted": [" "], "muslim": ["sleeping", " ", " "], "richest": ["to"], "here": ["before"], "forgive": ["us", "those", "them", "them", "them", "them", "them", "them", "them", "them"], "fun": [" ", " "], "deserved": ["a"], "let": ["me", "me", "me", "me", "me", "me", "me", "me", "me", "me", "me", "me", "me", "me", "me", "me", "me", "me", "me", "me", "hit", "me", "it", "me", "me", "me", "me", "me", "go", "go", "me", "go", "go", "go", "me", "me", "me", "me", "me", "jah", "your", "jah", "it", "it", "it", "it", "it", "me", "me"], "separation": [" "], "others": [" "], "lands": ["made"], "strong": [" "], "observing": ["stars"], "mozzarella": ["like"], "change": ["the", "its", "a", "then"], "knowledge": ["on", "on"], "boy": ["ha", "uh"], "great": [" "], "kids": ["men", "were", "show", "from", "were", "show", "from", "to"], "thirty": ["seconds"], "didnt": ["have", "stop", "have", "stop", "get", "get"], "leaves": ["me", "me"], "himmm": ["be", "be", "be", "be", "be"], "yourself": ["to", "to"], "tumbling": ["in"], "uh": ["uh", "yeah", "uh", " ", "yeah", " ", " ", "was", "carry", " ", " ", " ", " ", "uh", " ", " ", " ", "uh", "said", "yeah", " ", " ", "oh", "yo", "yeah", "right", "uh", "yeah"], "survival": ["since"], "opinion": [" "], "bob": ["\u2013"], "theres": ["nothing", "nothing", "no", "always"], "makes": ["a", "you", "me", "you", "me", "me", "me", "me"], "punishment": [" "], "sticking": ["like"], "beautiful": ["if", "reflection", " ", "melody"], "love": ["has", "you", "you", "has", "you", "you", "you", "you", "you", "has", "you", "you", "has", "you", "you", "you", "you", "you", "ourselves", "ourselves", "while", "makes", "with", "with", "him", "him", "then", "then", "him", "him", "is", "him", "that", "him", "him", "him", "him", "then", "then", "him", "him", "is", "him", "that", "him", "him", "like", " ", "come", "you", "you", "you", "you", "mm", "take", "jah", "lauryn", "come", "lauryn", "wasnt", " ", " ", " ", "him", " ", " ", "is", "is", "him", "that"], "although": ["them"], "ohh": ["yeah"], "win": ["when", "when", "when", "it", "the", "some", "some", "some", "some", "some", "some", "some", "some", "some", "some", "some", "some", "some", "some", "some", "some", "some"], "compare": [" ", " "], "cleopatras": [" ", " "], "ask": ["the", "you"], "wit": ["all"], "decrease": [" "], "names": ["on", "on"], "fake": ["nails"], "marker": [" ", " "], "perils": ["that"], "singing": ["telll", "telll", "telll", "telll", "telll", "telll"], "recite": ["right"], "everybody": ["used", "used", "told"], "fed": ["up"], "from": ["my", "outofstate", "my", "outofstate", "newark", "off", "the", "deception", "way", "bricks", "temptation", " ", "the", " ", " "], "would": ["be"], "positive": ["picture", "picture"], "achieve": [" ", " "], "anda": ["pull", "pull"], "two": ["cleopatras", "cleopatras"], "tightly": ["that"], "next": ["to", "to"], "leaks": [" "], "live": ["forever", "forever", "for", "for"], "touched": ["my"], "call": ["you", " ", " ", "we"], "calm": ["readin"], "survive": ["is"], "themselves": ["to", " "], "tryin": ["to", "to"], "tell": ["when", "ya", "ya", "ya", "ya", "me", "me", "me", "me", "me", "me", "you", "you", "him", "him", "him", "him", "him", "him", "him", "him", "him", "him", "him", "him", "him", "him", "him", "him", "him", "him", "him", "him", "him", "him", "him", "him", "him", "him", "him", "him", "him", "him", "him", "him", "him", "him", "him", "him", "him", "him", "him", "him", "him", "him", "him", "him", "him", "him", "him", "him", "him"], "today": [" ", " "], "more": ["concerned", "powerful", "powerful", "than", "than", "than", "than", "than", "than", " ", " ", " ", " ", " ", " ", "valuable", "valuable", " ", "clearly"], "breathe": [" ", " "], "throne": [" ", " "], "israel": [" "], "speaking": ["on", "on"], "door": [" "], "jah": ["moon", "bless", "bless", "love"], "african": ["czars"], "club": ["like"], "brings": ["beef", "beef"], "ooo": ["baby", "baby"], "apparent": [" "], "sister": ["betty", "betty"], "it": ["and", "up", "then", "down", "cause", "sit", "seems", "to", "stop", "seems", "to", "stop", "could", "hard", "could", "hard", " ", "comes", "aint", " ", " ", " ", "mean", "to", "civilized", "took", "to", "seem", "when", "so", "moves", "seems", "was", "was", "was", "seems", "id", "to", "all", "hasnt", "however", " ", "to", "vintage", "if", "then", " ", "was", "was", "was", "was", "not", "worth", "not", "worth", "moves", "seems", "was", "was", "was", "seem", "seems", "hurts", "hurts", "feel", "hurts", "hurts", "feel", "right", " ", " ", " ", " ", "was", " ", " ", " ", " ", " ", "hurts", "hurts", "feel", "hurts", "hurts", "feel", "hurts", "not", "will", "worth"], "grief": ["try"], "phone": [" ", " "], "warm": ["a", "a", "a", "a", "a", "a", "as", "as"], "choruslyrics": ["submitted"], "baby": ["if", "to", "dont", "now", "let", " ", "and", "to", "dont", "now", "let", " ", "if", "you", "dont", "now", "let", " ", "if", "to", "dont", "now", "let", " ", "and", "to", "dont", "now", "let", " ", "if", "you", "dont", "now", "let", " ", "mother", "light", "light", "light", "light", "just", "its", "just", "its", "use", "is", "lovelyrics"], "central": ["ave", "ave"], "hold": ["you", "you", "you", "you", "of", "gods"], "sweetest": ["thing", "thing", "thing", "thing", "thing", "thing"], "store": [" "], "women": ["in", " ", "hate"], "shoot": ["the", "you"], "pinky": ["in"], "fooling": ["him"], "word": ["is", "word", "word", " ", "every", "possess", "yeah", "uh"], "anything": ["they"], "quartervilles": ["for", "for"], "niggas": ["fed"], "this": ["in", "rapper", "in", "rapper", "just", "way", "thing", "just", "way", "thing", "like", "beat", "lock", "third", "aint", "is", "ship", "on", "capitalistic", "way", "for", "before", "message", "potion", "message", "feeling", "be"], "recall": ["my", "my", "my", "my", "my", "my"], "equation": [" "], "pretend": [" ", "they", "that", "that", "to", "to", "like"], "mi": ["gun", "newborn"], "soul": ["because", " "], "worth": [" ", " ", " "], "remain": ["calm"], "can": ["i", "i", "get", "still", "arrive", "give", "give", "you", "you", "give"], "drill": ["teams", "teams"], "geppetto": [" "], "meet": ["yuh"], "arrive": ["the"], "my": ["eyes", "eyes", "eyes", "eyes", "eyes", "eyes", "eyes", "eyes", "eyes", "eyes", "mother", "record", "days", "days", "lees", "shoe", "days", "mother", "record", "days", "days", "lees", "shoe", "days", "practice", "rhymes", "practice", "rhymes", "name", "name", "thesis", "lips", "team", "piece", "voice", "emancipation", "ting", "image", "opinion", "world", "heart", "mind", "own", "environment", "heart", "mind", "own", "heart", "mind", "own", "boss", "identity", "team", "fire", "fire", "fire", "album", "first", "range", "full", "10000", "fire", "back", "mothers", "back", "mothers", "world", "heart", "mind", "own", "environment", "heart", "mind", "own", "heart", "heart", "mind", "own", "belly", "heart", "world", "world", "prince", "world", "world", "world", "world", "hand", "life"], "control": [" "], "heart": ["breaking", "and", " ", " ", " ", " ", " ", " ", " ", " "], "dedicated": ["to"], "sheiks": [" "], "collarbone": [" ", " "], "bent": [" "], "serpent": [" "], "give": ["it", "to", "to", "to", "to", "his", "me", "is", "away", "away", "you", "you", "you", "you", "you", "you", "you", "u", "you", "you", "you", "you", "you", "you", "you", "away"], "lives": ["above", "were", "were", "again", "again", "were"], "lock": ["i"], "rode": ["a", "a"], "confused": [" ", " "], "heard": ["uh"], "tinted": [" "], "minimum": [" "], "bend": [" "], "want": ["you", "you", "you", "you", "beef", "to", "to", "to", "to", "to", "it", "to", "to", "to", "you", "you", "to", "to", "to", "to", "to", "to", "to", "might", "to", "might", "to", "might", "to"], "loveis": ["not", "not"], "scar": [" "], "dress": [" ", " "], "reborn": [" "], "sip": [" "], "court": ["case"], "winter": ["must", "must", "must", "must", "must", "must", "must", "must", "must", "must"], "sit": ["inside"], "rather": ["make", "make", "be"], "plans": ["with"], "breaking": ["now"], "struggles": ["in", "in"], "ivy": ["hill", "hill"], "how": ["you", "you", "you", "you", "i", "can", "i", "can", "i", "a", "you", "money", "come", "your", "come", "come", "come", "come", "come", "come", "come", "come", "much", "sad", "sad", "much", "sad", "sad", "beautiful", "grateful", "could"], "hot": ["dont", "dont", "dont", "dont", "dont", "dont", "dont", "dont", "dont", "dont", "dont", "dont"], "readin": ["the"], "adjacent": ["to", "to"], "answer": ["it", "it", "it", "it", "it", "it"], "instead": ["of", "of", "i"], "movements": ["similar"], "sin": ["that", "not", " ", "not", " ", " "], "springfield": ["ave", "ave"], "hopeless": ["now"], "suffer": ["ill", "ill"], "cristal": ["by"], "buildings": ["could"], "tried": ["to", "to", "to", "and", "and", " "], "may": ["think", "suffer", "have", "have", "suffer", "have", "have", "have", "have"], "stop": ["acting", " ", " ", " ", " "], "act": ["like", "this", "this", "like"], "tief": ["off"], "wrong": [" ", "then", "then", " "], "4th": ["races", "races"], "mad": ["when", "when"], "men": [" ", "come", " ", "still", "claiming", " ", " ", " ", "the", " ", " ", "trying", "who"], "cain": ["and"], "end": ["up", "up", " ", " ", " ", " ", " ", " "], "law": ["that", " "], "guys": ["you", "some", "are"], "tomb": ["of", "of"], "man": ["til", "want", "universal", "child", "id", " ", " "], "a": ["lonely", "lonely", "lonely", "lonely", "lonely", "lonely", "little", "christian", "muslim", "trend", "hardrock", "gem", "minimum", "million", "bid", "court", "little", "press", "star", "mongoose", "bag", "nickel", "beef", "marker", "little", "press", "star", "mongoose", "bag", "nickel", "beef", "marker", "dirty", "little", "negative", "positive", "better", "dirty", "little", "negative", "positive", "better", "battle", "silly", "battle", "silly", "get", "rockerfeller", "battle", "lot", "sunni", "sip", "slum", "queen", "man", "little", "friend", "yuh", "situation", "game", "thing", "threat", "groupie", "sight", "serpent", "simple", "ghetto", "percentage", "superstar", "queen", "queen", "queen", "queen", "man", "chance", "beautiful", "gift", "long", "like", "song", "wave", "poem", "sensation", "long"], "waist": ["men"], "third": ["lp", " "], "light": ["my", "my", "my", "my"], "lines": ["gonna"], "feels": ["so", "so"], "linen": [" ", " "], "chief": [" "], "block": ["and"], "so": ["much", "much", "much", "much", "easy", "confused", "convinced", "confused", "convinced", "simple", "simple", "i", "many", "what", "silly", "silly", "silly", "silly", "fast", "far", "tight", "caught", "many", "very", "tired", "tired", "tired", "how", "tired", "how", "weak", "i", "weak", "i", "fast", "far", "tightly", "caught", "many", "great", "beautiful", "good", "good", "bad", "bad", "good", "bad", "bad", "good", "bad", "bad", "bad", "good", "bad", "bad", "good", "bad", "bad"], "sn": ["stop"], "pay": ["no"], "offend": ["popping"], "tall": [" "], "wolves": ["in"], "increase": ["i"], "talk": ["turn", "on"], "wine": [" "], "blind": [" ", " "], "ha": ["ha", "ha", "ha", "ha", " "], "closely": ["youll"], "over": ["separation", "areas"], "move": ["the", "the"], "mission": ["since"], "held": [" "], "mistake": ["this"], "through": ["the", "irvington", "irvington", "the", "these", "withdrawal", "unto", "to", "to"], "thesis": [" "], "shreds": [" "], "smart": [" "], "abyssinian": ["street", "street"], "cold": [" "], "still": ["defending", "in", "be", "want", "be", "theres", "respected", "i", "i"], "its": ["real", "quite", "ok", "quite", "ok", "quite", "ok", "real", "quite", "ok", "quite", "ok", "quite", "ok", "been", "a", "silly", "in", "dark", "hot", "hot", "hot", "hot", "hot", "hot", "dark", "hot", "hot", "hot", "hot", "hot", "hot", "abuse", "1999", "about", "apparent", "those", "funny", "time", "so", "all", "so", "gone", "so", "all", "never", "in", "in", "like", "like", "been", "yes"], "roots": ["tonic", "tonic"], "before": ["my", "my", "we", "we", "this", " "], "benjamins": [" "], "thank": ["god", "god", "god", "god", "you"], "fit": ["your"], "pray": [" ", " ", " ", " ", " ", " ", " ", "to"], "shun": [" "], "crew": ["we", "we"], "better": ["watch", "watch", "situation", "situation", "than"], "window": ["curtain", "curtains"], "thieves": ["got", "got"], "ls": ["known", "been"], "lp": ["you"], "orange": ["ave", "ave"], "penn": [" "], "weeks": ["since"], "main": ["street", "street"], "might": ["fall", "fall", "win", "win", "win", "win", "win", "win", "win", "win", "win", "win", "win", "mistake", "listen", "shun", "win", "win", "win", "win", "win", "win", "uhthis", "uh", "make", "pass", "make", "pass", "make", "pass"], "image": ["in"], "hootaville": ["grew", "grew"], "koreans": [" "], "then": ["gave", "you", "then", "you", "came", "we", "came", "we", "pretend", "pretend", "use", "you", "the", "send", "theyll", "take", "taste", "again", "again", "i", "i", "what", "i", "i", "what", "an", "im", "i", "i", "what"], "them": [" ", "crazy", "crazy", "again", "father", "father", "father", "father", " ", "father", "father", "father", "father"], "lonely": ["night", "night", "night", "night", "night", "night"], "noh": ["know", "know"], "hop": ["meets", "meets"], "yo": ["heh", "heh", "it\u2019s", "yo", "it\u2019s", "yo", "uh"], "dem": ["noh", "do", "sticking", "plotting", "love", "rip", "a", "yuh", "noh", "do", "no", "no", "no", "no", "no", "do"], "ya": ["body", "body", "that", "that", "that", "that"], "repercussions": ["spin"], "practice": ["extending", "extending"], "ship": [" "], "break": ["it"], "records": ["was", "was"], "touching": ["makes", "makes"], "they": ["offend", "wanna", "waist", "mothers", "did", "facing", "didnt", "didnt", "might", "might", "know", "do", "know", "do", "say", "do", "know", "do", "know", "do", "comin", "know", "do", "know", "do", "lie", "wont", "know", "do", "know", "do", "have", "be", "feel", "fired", "said"], "ambition": ["they"], "not": ["pretend", "at", "at", "what", "what", "what", "what", "what", "what", "what", "what", "a", "even", "getting", "alone", "alone", " ", "without", "without", "boastful", "loud", " ", "without", "without", "boastful", "loud", " ", "with", "loud"], "false": ["motives"], "now": ["that", "that", "that", "that", "that", "that", "that", "lauryn", "you", "i", "im", "understand", "you", "now", "how", "youre", "im", "dont", "some", "even", "some", "i", "the", "you", "my", "tell", "who", "i", "i", "then", "i", "that", "i", "know", "i", "that", "i", "know", "i", "the", "the", "let", "the", "the", "the", "know", " ", "mm", " ", " ", " ", " ", " ", "uh", " ", " ", "i", "that", "i", "know"], "discuss": ["the"], "emotion": ["to"], "bread": [" ", " ", "sippin"], "wont": ["make", "make", "you", "you", "take", "lie", "find", "be", "be", "be"], "articles": [" "], "name": ["was", "was", " ", " ", "of", "cemented"], "adlibs": [" ", " "], "always": ["thought", "thought", "seem", "seem", "be", "want", "want", "want", "someone"], "expresses": ["the"], "drop": ["is", "is", "is", "is"], "l": ["boogie", "boogie", "boogies"], "supposed": ["to", "to", "to", "to"], "bless": [" ", "uh"], "someone": ["else", "with", "there", "else"], "betty": [" ", " "], "truth": [" ", " "], "rock": ["hard"], "found": ["you", "you", "you", "you", "you", "you", "to", "out"], "went": [" ", " "], "mean": ["that", "to", "stay", "stay"], "heavy": ["like", "like"], "alrightlyrics": ["submitted", "submitted"], "everyone": [" ", " "], "fired": ["me"], "mm": ["mm", "mm", " ", " ", " ", "uh", "mm", "mm", "mm", " "], "hard": [" ", " ", "like", " ", "once"], "yeah": [" ", " ", "yeah", "aww", " ", " ", " ", " ", "yeah", "aww", " ", " ", " ", "uh", "uh", "uh", "word", " ", "what", "yeah", "right", " ", " ", "yaeh", " "], "88": ["attracted", "attracted"], "ball": [" ", "over"], "sands": ["in"], "begun": [" "], "stealing": ["quartervilles", "quartervilles"], "bontons": ["twenty", "twenty"], "our": ["seeds", "seeds", "survival", "arrival", "trespasses", "lives", "lives", "life", "lives", "lives", "lives"], "girl": [" ", " ", " ", " "], "patch": ["from", "from"], "saturday": ["morning", "morning"], "popping": ["yang"], "really": ["gon", "a", "lost", "gain", "lost", "gain"], "album": ["sales", "blunted"], "leave": ["when", "when"], "shown": ["when", "when", " "], "gon": ["pretend", "tell", "win", "win", "win", "change", "scrimmage"], "alcohol": [" "], "gunnin": [" "], "god": ["im", "im", "im", "im", "too", "could"], "childish": ["things", "things", "things"], "since": ["youve", "our", "conception", "creation", "my"], "borlin": ["pool", "pool"], "brokest": [" "], "tomorrow": ["our", "our"], "looking": ["for", "back", "back", "back", "at", "back", "back", "back", "at", "for"], "attracted": ["kids", "kids"], "acting": ["like"], "hill": [" ", " ", " ", " ", "from"], "zions": ["door"], "got": ["yen", " ", " ", " ", " ", "away", " ", " ", " ", " ", " ", " ", "away", " ", " ", "to", "to", "the", "bought", "it", "and", "and", "this", " "], "get": ["flown", "the", "the", "you", "the", "diplomatic", "the", "the", "the", "the", "the", "yours", "down", " ", "you", "so", "mad", "so", "mad", "through", "through"], "cause": ["youre", "im", "no", "no", "i", "wit", "karma", "you", "nothing", "nothing", "nothing", "nothing", "nothing", "nothing", "has", "hes", "love", "hes", "love"], "dreds": [" ", " "], "red": ["lights"], "humble": ["you"], "ass": ["cause"], "after": ["winter", "winter", "winter", "winter", "winter", "winter", "winter", "winter", "winter", "winter"], "fren": ["who"], "million": ["women"], "story": ["starts", "starts"], "free": ["the"], "quite": ["all", "all", "all", "all", "all", "all"], "small": [" ", " ", "of", "of"], "dig": ["out"], "baptize": ["my"], "czars": ["observing"], "wanted": ["was"], "guy": ["in", "in"], "tenant": [" "], "care": ["who", "of", "for", "for", "for", "for", "for", "for"], "manicures": [" "], "chose": ["to"], "poem": [" "], "starts": ["at", "at"], "could": ["all", "all", "pop", "get", "get", "get", "get", "get", "get", "fall", "drift", "score", "create", "this"], "scars": [" ", " ", " "], "punk": ["domestic"], "days": ["in", "in", "they", "in", "in", "in", "they", "in"], "keep": ["letting", "letting", "makin", "your", " ", "your", "your", "it", "you", "him"], "thing": ["that", "that", " ", "that", "that", " ", "has", "has", "test", "ive", "i", "i", "ive", "i", "i", "that"], "abuse": ["how"], "place": ["ive", "ive", "ive", "ive", "ive", "ive", "id"], "sensations": ["and", "and"], "threat": ["to"], "kingdom": ["wan"], "moving": ["records", "records"], "loud": [" ", " ", " "], "think": ["you", "i", "we", "we", "i", "that", "that", "that", "youre", "im", "im"], "south": ["orange", "orange"], "first": ["album"], "feed": ["a"], "already": ["been"], "dont": ["let", "let", "let", "let", "let", "let", "be", "think", "care", "forget", "forget", "forget", "forget", "forget", "forget", "forget", "forget", "forget", "forget", "forget", "forget", "discuss", "turn", "fit", "wanna", "change", "you", "know", "need", "mean", "walk", "walk", "catch", "catch", "catch", "catch"], "feel": ["like", " ", "like", " ", "lauryn", "ten", "just", "small", "so", "so", "so", "so", "so"], "powerful": ["than", "than"], "spiritual": ["laws"], "one": ["you", "loves", "ever", "loves", "ever", "else", "ever", "loves", "ever", "loves", "ever", "else", "ever", " ", " ", " ", " ", " ", " ", " ", " ", " ", " ", " ", " ", "its", " ", " ", " ", " ", " ", " ", "its", "day", "god"], "feet": ["tall"], "done": ["by", " ", "made", "did", "done", "its", "did", "done", "it"], "fast": ["today", "today"], "comin": ["gunnin"], "carry": ["me"], "reached": ["perfection"], "mattress": [" ", " "], "open": [" "], "popsicles": [" ", " "], "sheep": ["coats"], "city": ["and", "and", "and", "and", "and", "and"], "little": ["trim", "girl", "girl", "conversation", "conversation", "while"], "silent": ["men"], "twenty": ["cents", "cents"], "top": ["wont", "wont"], "girls": ["sell", "some", "are", "you"], "system": [" "], "grow": [" ", " ", " ", " "], "their": ["soul", "three", "youth", "youth", "position", "ammunition"], "however": ["do"], "station": [" "], "too": ["good", "good", "good", "good", "good", "good", "good", "good", "good", "good", "far", "far", " ", " ", " ", " ", "kind", "kind"], "palestine": [" "], "percentage": [" "], "legs": ["a", "a"], "final": ["hour", "hour", "hour", "four"], "friend": [" ", "once"], "listen": ["and"], "curtains": [" "], "eyes": ["off", "off", "off", "off", "off", "off", "off", "off", "off", "off", "on", "on", "on"], "imperfect": ["i", " ", "i", " "], "stars": ["and", "and", "with"], "that": ["i", "its", "i", "i", "i", "i", "its", "i", "i", "i", "was", "did", "thing", "thing", "thing", "they", "thing", "thing", "thing", "nurtured", "id", "nurtured", "id", " ", "they", " ", " ", "they", " ", "forces", "you", "forces", "you", "get", "ever", "trespass", "im", "dont", "everyday", "they", "you", "long", "strong", "theyve", "i", "his", "lives", "youve", "all", "all", "i", "im", "was", "i", "im", "was", "i", "his", "will", "a", "the", "i", "i", "i", "i", "i", "im", "was"], "sweet": ["dawn", "sweet", "sweetest", "sweet", "sweetest", "prince", "sweet", "sweetest", "sweet", "sweetest", "prince"], "exactly": ["what"], "park": [" ", " "], "took": ["me"], "wisdom": ["is", "and", "and", " "], "cops": [" ", " "], "part": ["of"], "yours": ["in"], "july": ["4th", "4th"], "convinced": ["that", "that"], "than": ["his", "two", "two", "me", "me", "you", "me", "me", "you", "silver", "all", "all", "to", "ever"], "neck": ["sayin"], "steel": [" "], "king": ["fear", "fear"], "kind": [" ", " ", " ", " ", " "], "grew": ["up", "up"], "kindly": ["does"], "heh": ["heh", "tell", "heh", "tell"], "gotta": ["ask"], "older": ["all", "all", " "], "diplomatic": ["immunity"], "submitted": ["by", "by", "by", "by"], "youth": [" ", " "], "matter": ["how", "how", "who"], "hooligans": [" "], "silly": ["when", "game", "game", "how", "how", "how", "how"], "painful": ["as", "as"], "loves": ["you", "you", "you", "you"], "were": ["stealing", "together", "stealing", "together", "so", "so", "not", "spared", "spared", "spared"], "feeling": [" "], "unselfish": ["without", "without"], "devotion": ["every"], "and": ["i", "let", "i", "if", "let", "let", "i", "let", "i", "if", "let", "let", "never", "you", "his", "his", "four", "be", "curl", "suburban", "suburban", "a", "kungfu", "some", "slick", "chancellor", "car", "everybodys", "88", "everybody", "suburban", "curl", "suburban", "suburban", "a", "kungfu", "some", "slick", "chancellor", "car", "everybodys", "88", "everybody", "suburban", "constellations", "the", "constellations", "the", "we", "no", "no", "when", "ill", "no", "we", "no", "no", "when", "ill", "no", "get", "even", "all", "i", "you", "he", "think", "other", "when", "abel", "brutus", "judas", "i", "lef", "gold", "repent", "you", "if", "some", "from", "some", "some", "life", "every", "i", "wonder", "deep", "i", "deep", "i", "make", "no", "does", "by", "when", "be", "fronted", "have", "if", "still", "make", "put", " ", "i", "loveis", "knowledge", " ", "i", "loveis", "knowledge", "life", "every", "i", "wonder", "deep", "i", "deep", "deep", "i", "pray", "i", "im", "i", "i", "thirty", "every", "every", "every", "when", "love", "let", "i", "i", "i", "i", "if", "what", "make", "if", "what", "what", "it", "not", "ill", "love", "everything"], "telll": ["himmm", "himmm", "him", "himmm", "himmm", "himmm"], "cheek": [" "], "capsize": ["this"], "angel": ["came"], "wasnt": ["down", "made", "able", "able", "returned"], "cherisse": [" "], "pass": ["you", "you", "you"], "mind": ["of", "of", "party", " ", " ", " ", " ", " ", " "], "mine": ["im"], "crazy": ["niggers", "niggers"], "sad": ["how", "that", "how", "that"], "questions": [" "], "talking": ["out"], "say": ["ok", "its", "its", "ok", "its", "its", "it", "your", "all"], "chosen": ["to"], "graffiti": ["on", "on"], "defending": ["them"], "have": ["the", " ", "the", " ", "to", "to", "to", "to", "til", "the", "no", "my", "faith", "no", "wisdom", "faith", "no", "wisdom", "faith", "no", "wisdom"], "need": ["you", "you", "you", "you", "you", "you", "you", "you", "you", "you", "to", "is", "is", "to", "no", "him", "him", "him", "him", "him", "him", "him", "him", "him", "him", "him", "him", "him", "him", "might", "ironically", "might", "ironically", "might", "ironically", "him", "him"], "seem": ["to", "to", "like", "i"], "yuh": ["yei", "to", "heart", "fi", "fren", "depen", "gi", "back", "mus", "end"], "philly": ["penn"], "any": ["flaws"], "she": ["dumb"], "sell": ["their", "like"], "lie": ["to", "to", "to"], "strength": ["is", "is"], "genuine": [" "], "dancing": ["school", "school"], "tarnish": ["my"], "coliseum": [" ", " "], "able": ["to", "to"], "fronted": [" "], "sound": ["like"], "ironically": [" ", " ", " "], "caesar": ["and"], "take": ["my", "my", "my", "my", "my", "my", "my", "my", "my", "my", "care", "it", "it", "a", "it", "a", "it", "you", "my"], "forces": ["you", "you", "you", "you"], "green": ["too"], "wonder": ["why", "where", "where"], "judas": [" "], "conscience": ["will"], "begin": ["how"], "sure": ["that", "that"], "cemented": [" "], "knees": ["and"], "aww": ["yeah", "yeah"], "price": ["of"], "who": ["you", "they", "struggles", "made", "struggles", "made", "i", "i", "i", "i", "pretend", "are", "pretend", "lack", "yuh", "you", "you", "you", "you", "you"], "philosophy": [" "], "extending": ["across", "across"], "73": ["psalm"], "echoes": ["through"], "nothing": ["else", "else", "even", "even", "even", "even", "even", "even", "even", "even", "even", "even", "even", "even", "even", "even", "even", "even", "even", "even", "compared", "compared", "more", "at"], "why": ["women", "wont", "wont", "every", "for", "black", "you"], "christ": ["was"], "forever": [" ", " "], "nail": ["you"], "temptation": [" "], "upset": [" "], "face": ["men", "of", "it", "it", " "], "yang": ["like"], "pennant": [" "], "voodoo": ["youd"], "innocent": [" "], "skinny": ["legs", "legs"], "boogies": ["non"], "away": ["through", "through", " ", " ", " ", "dont", " ", "dont", " ", "everything", "everything", " ", " "], "came": ["down", "down", "one"], "laws": [" "], "son": [" "], "saying": ["ooh", "ooh"], "parker": [" ", " "], "bomb": ["leather", "leather", "graffiti", "graffiti"], "inspire": [" ", " ", " ", " "], "gold": [" "], "show": ["off", "off"], "queen": ["do", "a", "upon", "a", "upon"], "hillside": ["brings", "brings"], "trespass": ["against"], "leandra": [" "], "shoe": [" ", " "], "range": ["with"], "fear": ["no", "no"], "faith": ["to", "to", " "], "fine": ["linen", "linen"], "find": ["me"], "ground": ["beef"], "aint": ["hear", "even", "right", "right", "right", "ready", "ready", "a", "what", "getting", "getting", "getting", "grown", "grown"], "envy": ["it", "it", "it"], "slow": ["or", "or"], "sayin": ["youre"], "music": ["is", "is", "is", "is"], "true": [" ", " ", " ", " ", " ", " ", " ", " ", " ", " ", " "], "explain": ["myself", "myself"], "written": ["for"], "should": ["call", "be", "they"], "uhthis": ["ocean"], "only": ["say", "human", "about", "about", "one"], "unable": ["to"], "black": ["people", " ", " "], "rick": ["were", "were"], "pretty": ["baby", "baby", "baby", "baby", "baby", "baby", "baby", "baby", "baby", "baby", "baby", "baby", "face"], "gods": ["people"], "unto": ["me", "life"], "scripture": [" ", " "], "hope": ["road"], "loved": ["real", "the", "the"], "meant": ["to", "to", "to", "to", "to", "to"], "do": ["the", "the", " ", " ", " ", "dig", " ", " ", " ", " ", " ", " ", " ", " ", " ", " ", " ", "right", "will", "who", "you", "yeah"], "munn": ["street", "street"], "his": ["rims", "timbs", "women", "men", "money", "knees", "strength", "strength", "life", "grace"], "hit": ["it", "you"], "freaks": ["as"], "watching": ["kids", "kids"], "beat": ["drum", "drum", " "], "watch": ["out", "out", "out"], "truly": ["genuine"], "throw": ["out"], "define": ["my", "my", "my", "my", "my", "my"], "community": [" "], "ones": [" ", " ", "on", "on", "hurt", "hurt", "to"], "perfection": [" "], "words": ["left", "left", "for", "for"], "basement": [" "], "sunni": [" "], "him": ["then", "a", "again", " ", "and", "need", "its", "i", "yeah", "i", "tell", " ", "tell", "i", " ", "i", " ", "i", "yeah", "i", "tell", " ", "tell", "i", " ", "i", " ", "i", " ", "i", " ", "i", "yeah", "i", "tell", " ", "be", "tell", "i", " ", "i", " ", "its", "i", "yeah", "i", "tell", " ", "tell", "i", " ", "i", " ", "i", "yeah", "i", "tell", " ", "tell", "i", " ", "i", " ", "i", " ", "i", " ", "i", "yeah", "i", "tell", " ", "tell", "i", " ", "i", " ", " ", "in", "tell", "i", " ", "i", "and", "be", "i", " ", "i", "tell", " "], "gem": [" "], "ghetto": ["every", "every", "every", "every", "every", "every", "on", "on", "community", " ", "superstar", " ", " "], "child": ["would"], "artist": ["should"], "leather": [" ", " "], "groupie": ["call"], "areas": ["in"], "cry": ["for", "for", "for", "for", "for", "for", " ", " ", " "], "rapper": ["actress", "actress"], "violent": [" "], "morning": ["cartoons", "cartoons"], "zion": [" ", " ", " ", " ", " ", " ", " ", " "], "bag": ["of", "of", "open"], "bad": ["when", " ", "when", " ", " ", "when", " ", "when", " ", "hurts", " "], "stupid": ["star"], "cartoons": ["and", "and"], "withdrawal": [" "], "psalm": [" "], "grab": ["hold"], "weaves": ["like"], "where": ["you", "all", "all", "hip", "hip", "the", "the"], "wrote": ["these", "these"], "boastsful": [" "], "hour": [" ", " ", " "], "spars": ["with", "with"], "lot": ["like"], "whys": ["it", "it", "it", "it"], "resist": ["oh"], "see": ["i", "i", "if", "you", "what", "i", "what", " ", "like", " ", "like", "what", "what", "life", "your", "i", "what", "what"], "dumb": [" "], "are": ["no", "no", "only", "only", "leaks", "closest", " "], "sea": [" "], "fail": [" ", " "], "unsure": ["of"], "lovelyrics": ["submitted"], "best": ["popsicles", "popsicles"], "europeans": [" "], "planet": [" "], "said": ["youd", "youd", "youd", "youd", "and", " ", "right", "right", "right"], "destiny": [" ", " ", " ", " ", " ", " "], "mus": ["meet"], "coats": ["who"], "timbs": ["than"], "missing": [" "], "please": ["let", "let", "don\u2019t"], "wop": [" ", " "], "prince": ["of", "of", "has"], "enough": ["cats"], "score": [" ", " "], "jesus": ["and"], "tendency": [" "], "probably": ["f"], "pistol": ["by"], "youll": ["see"], "across": ["the", "the"], "kneel": ["down"], "bought": ["you"], "arrival": [" "], "armoretto": [" ", " "], "we": ["thought", "didnt", "thought", "didnt", "lose", "even", "cant", "need", "lose", "even", "cant", "need", "both", "grow", "got", "both", "grow", "got", "forgive", "will", "used", "aint", "aint", "aint", "now", "now", "used", "be", "now"], "never": ["called", "go", "go", "never", "never", "trust", "suppose", "want", "underestimate", "either", "been", "on", "ever", "on", "be"], "rims": ["and"], "joy": ["of", "of", "of", "of", "of", "of"], "team": ["win", "could"], "aquarius": [" "], "weak": [" ", " ", " ", " ", " "], "style": ["bent", "of", "of"], "valuable": ["than", "than"], "dressin": ["to"], "surely": ["come"], "spared": [" ", " ", " "], "answers": [" "], "opposition": [" "], "hurts": ["so", "so", "so", "so", "so", "so", "so", "so", "so", "so"], "dedication": [" ", " "], "precious": ["precious", "precious", "precious", "dark", "precious", "precious", "precious", "dark"], "boss": ["should"], "come": ["again", "again", "again", "again", "in", "again", "again", "again", "again", "spring", "spring", "spring", "slow", "spring", "spring", "spring", "spring", "spring", "slow", "spring", "spring", "your", "many", " ", " ", " ", " ", " ", "on", "we", "on", "we", "on", "were", "on", "we", "to", "to", " ", "through", "shining", "shining", "tumbling"], "both": ["end", "end"], "piece": [" "], "last": ["love", "love", "love", "love"], "career": ["they"], "many": ["caught", "paths", "cry", "cry"], "taking": ["heart", "a", "over"], "breakin": ["bread"], "slit": ["the"], "against": ["us"], "niggers": ["be", "be"], "wholl": ["applaud"], "lookin": ["for"], "hypocrites": ["always"], "it\u2019s": ["been", "like", "like"], "argue": ["just", "just"], "whole": ["world", "style"], "comes": ["down", "back", "back"], "patty": ["and", "and"], "fi": ["dead"], "weh": ["dem"], "tone": [" ", " "], "extent": [" "], "simple": [" ", " ", "song"], "seems": ["we", "we", "so", "so", "so", "i"], "vain": [" ", " "], "jeans": ["with", "with"], "makin": ["the"], "pop": ["it"], "lauryn": ["is", "hill", "hill", "hill", "like", "baby", "long", "what", "mm", "yeah", "\u2013", "jah", "\u2013", "word", "can", "right", "\u2013", "\u2013", "\u2013", "\u2013", "can", "\u2013", "\u2013", "yo"], "pon": ["yuh", "from"], "alone": [" ", " "], "cried": ["and", "and", " "], "bassinet": [" "], "non": ["violent"], "church": ["of"], "respect": ["is"], "trust": ["in", "in", "in", "in", "in", "in", " "], "speak": [" ", " ", "and", " ", " ", "wrong", "wrong", "wrong"], "late": [" "], "beef": ["patty", " ", "with", "patty", " ", "with", "like", " ", "with"], "help": [" ", " "], "create": [" "], "three": ["weeks", "and", "minutes"], "been": ["three", "looking", "through", " ", " ", " ", " ", " ", " ", " ", " ", "in", "here", "done", "this", "chosen", "in", "a", "a", "in", "in"], "mark": ["used", "used"], "ting": ["done"], "much": [" ", " ", " ", " ", "youre", "youre"], "treat": ["this", "you"], "motives": ["of"], "curtain": [" "], "wait": ["at"], "hardrock": ["when"], "500": [" "], "choose": ["one"], "life": ["squeezes", "squeezes", "deserved", "for", "to", "again", " "], "kingston": [" "], "nickel": [" ", " "], "champion": [" "], "spit": ["it"], "cop": [" "], "fire": ["went", " ", " ", " ", " ", "went"], "kisses": ["taste", "taste"], "yaeh": ["all"], "else": ["to", "to", " ", " ", "thought", "thought"], "couldnt": ["make"], "lets": ["not", "love", "love", "see", "free"], "understand": ["l", "man"], "constellations": [" ", " "], "ooh": ["its", "i", "i", "ooh", " "], "turn": ["the", "cold", "your", "your", "your", "out", "out", "out"], "catch": ["it", "it", "it", "it"], "drum": ["abyssinian", "abyssinian"], "careful": ["of"], "spin": [" "], "bout": ["the"], "those": ["days", "days", "that", "who", "who", "who"], "case": ["men", "when"], "predicament": [" "], "myself": [" ", " "], "stolen": ["ones", "ones"], "conception": [" "], "look": ["at", "closely", "at", "at", "at", "at"], "lalibela": [" "], "juice": ["up"], "these": ["words", "rules", "words", "rules", "streets", "buildings"], "belly": ["overwhelmed"], "straight": ["how"], "rhymes": ["is", "is", "lets", "my", "sound"], "squeezes": ["so", "so"], "will": ["be", "be", "grow", "be", "be", "be", "grow", "be", " ", " ", " ", " ", " ", " ", "never", "even", "go", "surely", "turn", "turn", "turn", "be", "be"], "w": ["adlibs", "adlibs"], "while": ["i", "you", "my", "dem", "dem", "to", "dem"], "caress": ["uh"], "suppose": ["its"], "skies": ["could"], "chariots": [" "], "coco": ["bread", "bread"], "situation": [" ", " ", " "], "possess": [" ", " ", "a", " "], "voice": ["echoes"], "ill": ["let", "let", "envy", "envy", "envy", "never", "wont"], "pack": ["pistol"], "ive": ["been", "been", "been", "been", "been", "been", "been", "tried", "ever", "ever", "tried", "never"], "sayin\u2019": ["lauryn"], "10000": ["chariots"], "rap": ["this", "this"], "cents": ["and", "and"], "is": ["just", "only", "dedicated", "meant", "truth", "heavy", "meant", "dedication", "meant", "meant", "truth", "heavy", "meant", "dedication", "meant", "like", "this", "like", "this", "war", "to", "better", "your", "within", "so", "supposed", "so", "supposed", "just", "so", "supposed", "so", "supposed", "not", "it", "nothing", "not", "it", "nothing", "within", "in", "in", "only", "in", "in", "in", "in", "a", "so", "a", "no", "not", "it"], "tonic": ["with", "with"], "rip": ["yuh"], "sleeping": ["with"], "respected": ["when"], "cant": ["take", "take", "take", "take", "take", "take", "take", "take", "take", "take", "match", "fail", "match", "fail", "stay", "be", "stay", "be", "tell", "capsize", "list", "take", "control", "slick", "hold", "breathe", "breathe"], "good": ["to", "to", "to", "to", "to", "to", "to", "to", "to", "to", "intent", "good", "loving", "good", "loving", "good", "loving", "good", " ", "good", "loving", "good", "loving", "good", "loving", "good", "loving", "good", "loving", "good", "loving", "some", "good", "good", "good", "good", "good", " ", "good", "loving", "good", "lovin\u2019", "to", "to", " ", " ", " ", " "], "im": ["alive", "alive", "alive", "alive", "truly", "a", "about", "about", "weak", "on", "taking", "serious", "taking", "grown", "im", "not", "grown", "im", "not", "imperfect", "imperfect", "older", "imperfect", "imperfect", "older", "reminded", "telling", "older"], "in": ["me", "me", "me", "me", "me", "me", " ", "philly", " ", "hair", "the", "they", "the", "carter", "new", "new", "the", "carter", "new", "new", "their", "fine", "the", "their", "fine", "the", " ", " ", "this", "the", "maribella", "couture", "every", "it", "palm", "the", "this", "the", "sheep", "your", "my", "me", "my", "me", "my", "me", "distant", "aquarius", "it", "love", "black", "vain", "love", "black", "vain", "my", "me", "my", "me", "my", "my", "me", "zion", "zion", "love", "zion", "zion", "zion", "zion", " ", "no", "a", "love", "right", "the", "my", "love", "love"], "ready": ["to", "to", "feels"], "ave": ["had", " ", "at", "had", " ", "at"], "id": ["be", "never", "be", "never", "go", "rather", "die"], "potion": ["might"], "if": ["you", "its", "its", "its", "you", "its", "its", "its", "you", "i", "that", "there", "i", "you", "yuh", "a", "you", "you", "my", "your", "you", "i", "i", "i", "i", "nothing", "you", "youve", "you", "you", "you", "you", "youve", "you", "you", "you", "you", "you", "i", "i"], "grown": ["you", " ", "you", " "], "funny": ["how"], "sippin": ["manichevitz"], "develop": ["a", "a"], "boastful": [" ", " "], "perform": [" "], "things": ["come", "come", "gon", "to", "come", "come", "end", "end", "end"], "make": ["me", "me", "me", "me", "me", "me", "it", "a", "it", "a", "it", "me", "it", "me", "international", "a", "it", "it", "you", "you", "me", "mountains", "me", "mountains", "it", "you", "me", "you", "you"], "fling": ["skin"], "reminded": ["every"], "cross": ["sands"], "same": ["predicament"], "clearly": ["than"], "member": ["when", "frelnghuysen", "frelnghuysen"], "prevented": [" "], "harmonies": ["word"], "patient": ["let", "let", " "], "underestimate": ["those"], "babies": ["in"], "outofstate": [" ", " "], "party": [" ", " ", "like"], "bid": ["men"], "day": ["of", " ", "uh"], "higher": [" ", " ", " ", " "], "meets": ["scripture", "scripture"], "used": ["to", "to", "to", "to", "to", "to", "to", "to", "to"], "slightly": ["tinted"], "closest": ["to"], "paths": ["and"], "applaud": [" "], "ballads": [" "], "upon": ["her", "her"], "effect": [" "], "rain": ["soon"], "hand": ["and"], "running": ["red"], "flown": ["around"], "arrived": [" ", " ", " ", " "], "uhh": ["you", " ", "you", " "], "jealous": [" "], "nurtured": ["lauryn", "lauryn"], "identity": [" "], "proud": [" "], "judgement": [" "], "compared": [" ", " "], "manichevitz": ["wine"], "off": ["of", "of", "of", "of", "of", "of", "of", "of", "of", "of", "your", "the", "of", "the", "of", "the", "my"], "reflection": ["of"], "untouchable": ["psp", "psp"], "i": ["wanna", "thank", "stare", "feel", "need", "need", "say", "pray", "found", "wanna", "thank", "want", "want", "need", "need", "say", "pray", "found", "need", "love", "say", "pray", "found", "wanna", "thank", "stare", "feel", "need", "need", "say", "pray", "found", "wanna", "thank", "want", "want", "need", "need", "say", "pray", "found", "need", "love", "say", "pray", "found", "only", "havent", "was", "was", "wish", "was", "was", "wish", "wrote", "wrote", "have", "have", "think", "try", "keep", "explain", "just", "know", "know", "have", "have", "think", "try", "keep", "explain", "just", "know", "know", "treat", "juice", "jimmy", "could", "make", "been", "witness", "keep", "be", "makes", "baptize", "take", "remain", "got", "must", "treat", "wont", "know", "try", "let", "found", "was", "know", "was", "know", "cant", "wasnt", "made", "look", "hear", "know", "made", "made", "dont", "sometimes", "have", "know", "know", "dont", "cross", "wanted", "used", "quitted", "spit", "wish", "didnt", "know", "know", "get", "tell", "mean", "own", "wish", "didnt", "know", "know", "get", "tell", "mean", "own", "may", "got", "need", "love", "need", "love", "may", "lack", "am", "can", "possess", "have", "know", "know", "need", "love", "need", "love", "wont", "need", "love", "may", "speak", "need", "love", "need", "love", "may", "got", "need", "love", "need", "love", "may", "lack", "am", "can", "possess", "have", "know", "know", "need", "love", "need", "love", "wont", "need", "love", "may", "speak", "need", "love", "need", "love", "cant", "wasnt", "made", "i", "look", "hear", "know", "made", "made", "touched", "had", "knew", "chose", "thank", "know", "see", "kept", "was", "wanna", "want", "want", "oh", "oh", "lauryn", "want", "love", "love", "love", "want", "love", "want", "no", "no", "wanna", "wanna", "oh", "oh", "mm", "wanna", "replay", "play", "am", "know", "want", "want", "want", "oh", "oh", "i", "want", "said", "got", "was", "wanna", "want", " ", "want", "oh", "lauryn", "lauryn", "wanna", "want", "oh", "uh", "wanna", "wanna", "wanna", "wanna", "wanna", "wanna", "loved", "tried", "tried", "tried", "cried", "cried", "cried", "couldnt", "i", "loved", "thought", "had", "i", "loved", "got", "need", "love", "may", "lack", "am", "can", "possess", "have", "need", "love", "may", "speak"], "youre": ["just", "just", "just", "just", "just", "just", "just", "just", "just", "just", "a", "thinking", "really", "all", "gone", "part", "unable", "in", "in"], "kungfu": [" ", " "], "kept": ["this"], "nothin": ["at", "at"], "ocean": ["might"], "thought": ["id", "wed", "id", "wed", "of", "of", "this"], "flippin": ["in", "in"], "without": ["it", "any", "being", "love", "sin", "sin", "being", "love", "sin", "sin"], "residuals": ["from"], "mother": ["always", "always", "business"], "very": ["small"], "position": [" "], "the": ["way", "sight", "way", "sight", "one", "benjamins", "gin", "sin", "repercussions", "same", "second", "men", "club", "case", "pretty", "childs", "sneaky", "punk", "quick", "sn", "streets", "new", "guy", "stolen", "best", "dreds", "patch", "tongue", "bomb", "crew", "untouchable", "cops", "wop", "biz", "party", "streets", "new", "guy", "stolen", "best", "dreds", "patch", "tongue", "bomb", "crew", "untouchable", "cops", "wop", "biz", "party", "game", "atlas", "ghetto", "tomb", "serengeti", "mind", "king", "ones", "game", "atlas", "ghetto", "tomb", "serengeti", "mind", "king", "ones", "baby", "planet", "streets", "money", "power", "final", "mozzarella", "church", "score", "money", "power", "final", "focus", "richest", "brokest", "lines", "pennant", "tenant", "transparent", "green", "73", "world", "money", "power", "final", "false", "right", "name", "chief", "streets", "other", "missing", "face", "mission", "people", "answers", "questions", "ghetto", "ones", "humble", "sun", "tricks", "champion", "whole", "price", "day", "full", "rain", "chain", "night", "sweet", "past", "answer", "fire", "answer", "answer", "skies", "world", "tendency", "final", "spiritual", "sheiks", "frames", "bag", "sweetest", "kiss", "collarbone", "way", "sweet", "sweet", "sun", "small", "touching", "ghetto", "sweetest", "kiss", "collarbone", "way", "sweet", "sweet", "sun", "small", "touching", "ghetto", "love", "love", "past", "answer", "fire", "answer", "answer", "balance", "joy", "joy", "perils", "joy", "joy", "joy", "joy", "happiness", "lord", "harmonies", "bassinet", "love", "man", "young", "voodoo", "young", "love"], "quitted": ["now"], "spend": ["it"], "left": ["to", "to", "without", "without"], "yei": ["while"], "cherelle": [" "], "chord": ["is"], "kiss": ["on", "on"], "just": ["too", "too", "too", "too", "too", "too", "too", "too", "too", "too", "a", "a", "a", "a", "cant", "a", "cant", "lost", "lost", "lost", "lost", "lost", "lost", "lost", "lost", "lost", "lost", "lost", "a", "lost", "lost", "lost", "lost", "lost", "lost", "because", "what", "as", "to", "to", "to", "to", "begun", "let", "let", "let", "let", "let"], "yen": [" "], "being": [" ", " ", "blind", "blind"], "money": ["taking", " ", " ", "to", " ", "change"], "domestic": ["violence"], "actress": [" ", " "], "foot": ["locker"], "civilized": ["like"], "kill": ["the", "the"], "human": [" ", "being", "being"], "mongoose": ["til", "til"], "touch": [" ", " ", " ", " "], "yes": ["yes", "yes", " "], "glue": [" "], "yet": [" "], "happiness": [" ", " ", "more", " "], "gwan": ["like"], "letting": ["you", "you"], "kindness": ["as"], "dipped": ["in", "in"], "wed": ["all", "all"], "thinking": ["its", "back", "back", "back", "back", "back", "back", "back", "back", "back", "back", "back", "back", "back", "back", "back", "back", "back", "back", "back", "back", "back", "back", "back", "back", "back", "back", "back", "back", "back", "back"], "remember": ["when", "when", "not"], "had": ["the", "beef", "the", "beef", "been", " "], "cuz": ["love"], "transparent": ["gonna"], "bricks": ["to"], "verse": ["is"], "trespasses": ["as"], "easy": ["you"], "exempt": [" "], "wey": ["dem", "dem"], "has": ["arrived", "arrived", "arrived", "arrived", "been", "been", "already", "an", "just"], "unprecedented": ["and"], "match": ["this", "this"], "gave": ["him"], "real": [" ", " ", "real", "hard"], "march": ["through"], "around": ["the"], "rules": ["were", "were"], "chancellor": ["had", "had"], "showing": ["off"], "posed": ["in"], "gonna": ["win", "fall", " ", "idolize", "call", "be", "be"], "dark": [" ", " ", "skin", "skin"], "matters": ["at", "at", "at", "at", "at", "at", "to", "to", "to", "to", "to", "to", "no", "no", "no", "no", "no", "no"], "game": [" ", " ", " ", " ", "new"], "biz": ["mark", "mark"], "know": ["that", "that", "i", "you", "you", "its", "its", "its", "its", "its", "its", "its", "its", "its", "its", "its", "its", " ", "what", "you", " ", "what", "you", "weh", "not", "not", "not", "not", "enough", "not", "not", "not", "not", "wey", "dem", "dem", " ", "dem", "wey", "all", "that", "what", "that", "without", "you", "it", " ", " ", " ", " ", "uhh", "im", "im", "is", "uhh", "im", "im", "is", "that", "that", "right", "right", "right", "him", " "], "background": ["singing", "singing", "singing", "singing", "singing", "singing"], "\u2018em": ["every"], "press": ["and", "and"], "amp": ["up", "up"], "psp": ["where", "where"], "walk": ["away", "away", "your", "away", "away", "your", "away", "away"], "behold": [" "], "grin": ["while"], "newborn": ["son"], "like": ["heaven", "i", "heaven", "heaven", "i", "heaven", "you", "you", "a", "europeans", "hooligans", "you", "boys", "the", "the", "a", "a", "my", "particles", "granite", "its", "palestine", "a", "a", "glue", "menelik", "geppetto", "soweto", "cain", "dem", "she", "you", "hes", "good", "your", "500", "mine", "the", "a", "your", "armoretto", "the", "a", "your", "armoretto", "uhh", "uhh", "this", "a", " ", " "], "lost": ["one", "one", "one", "one", "one", "one", "one", "one", "one", "one", "one", "one", "one", "one", "one", "one", "one", "one", "one"], "message": ["for", "for"], "facing": ["a"], "either": ["or"], "night": [" ", " ", " ", " ", " ", " ", "can", " "], "become": [" "], "passionate": [" "], "making": ["other"], "right": [" ", " ", " ", " ", " ", " ", "within", "within", "within", "things", "all", "now", "now", "now", " ", "right", "now", "right", "now", "right", "now", "right", "now", "right", "now", "right", "now", "right", "now", "right", "now", " ", " ", "be", " "], "deal": [" ", " "], "people": ["feel", "from", "always", "they", "back", "feel"], "spring": [" ", " ", " ", " ", " ", " ", " ", " ", " ", " "], "irvington": [" ", " "], "some": ["girls", "girls", "guys", "guys", "coco", "coco", "wan", "but", "but", "but", "but", "but", "but", "but", "but", "but", "but", "but", "might", "dont", "might", "might", "may", "but", "but", "but", "but", "but", "but", "love", "good", "good", "love", "good", "good", "good", "love", "good", "good", "love", "good", "good", "good", "good", "good"], "back": ["looking", "looking", " ", "thinking", "thinking", " ", "when", "thinking", "thinking", " ", "thinking", "thinking", " ", "welcome", "welcome", " ", "thinking", "thinking", " ", "thinking", "thinking", " ", "looking", "looking", " ", "thinking", "thinking", " ", "when", "thinking", "thinking", " ", "thinking", "thinking", " ", "welcome", "welcome", " ", "thinking", "thinking", " ", "thinking", "thinking", " ", "in", "in", "when", "den", "to", "to", "that", " ", " "], "alive": [" ", " ", " ", " ", "in"], "hair": ["weaves"], "scrimmage": ["like"], "couture": [" "], "serengeti": [" ", " "], "palm": [" "], "sight": ["of", "of", "to"], "frelnghuysen": ["used", "used"], "ourselves": ["then", "then"], "chorus": ["uh"], "for": ["your", "you", "fun", "fun", "everyone", "a", "everyone", "a", "me", "me", "me", "me", "me", "me", "me", "me", "me", "me", "me", "me", "me", "me", "me", "me", "me", "me", "me", "me", "dressin", "they", "they", "they", "they", "you", "the", "they", "they", "they", "they", "mi", "the", "punishment", "just", "help", "manicures", "help", "unto", "you", "choosing", "i", "you", "us", "you", " "], "collectin": ["residuals"], "though": ["i", "i"], "slick": ["rick", "rick", "talk"], "moon": ["come"], "newark": ["to"], "when": ["i", "i", "i", "i", "i", "i", "he", "you", "the", "youre", "girls", "the", "you", "you", "you", "kids", "doug", "hawthorne", "kids", "doug", "hawthorne", "i", "i", "it", "they", "i", " ", "him", "its", "its", "youre", "its", "you", "it", "you", "i", "you", "i", "our", "our", "i", "it", "it", "it", "it", "it", "it", "it", "it", "it", "our"], "floss": ["what"], "does": ["it", "anything"], "happened": ["to", "to"], "particles": ["while"], "shatan": ["wasnt"], "be": ["true", "like", "true", "true", "true", "like", "true", "true", "like", "true", "true", "true", "like", "true", "a", "in", "men", "a", " ", "a", " ", "will", " ", "will", " ", "will", " ", "will", " ", "will", " ", "will", " ", "so", " ", " ", "with", "there", "so", " ", " ", "with", "there", "breakin", "in", "in", "the", "careful", "brothers", "the", "the", "lovers", "true", "reborn", " ", " ", " ", " ", "someone", "a", "patient", "kind", "alright", "alright", "alright", "alright", "too", "alright", "alright", "alright", "alrightlyrics", "patient", "kind", "alright", "alright", "alright", "alright", "too", "alright", "alright", "alright", "alrightlyrics", " ", " ", "born", "smart", " ", "ready", " ", "love", " ", " ", "patient", "kind", "all", "all", "all", "jealous", "to", "alright"], "knew": ["his"], "run": [" ", "for"], "vintage": [" "], "business": [" "], "soweto": [" "], "seconds": ["of"], "nails": ["done"], "lose": ["the", "the"], "use": ["your", "your", "my"], "rockerfeller": [" "], "lips": ["every"], "slum": ["lord"], "everyday": ["people"], "flaws": [" "], "by": ["koreans", "they", "the", "making", "danielle", "cherisse", "leandra", "what", "cherelle", " ", " ", " "], "dead": [" "], "gained": ["the"], "on": ["munn", "central", "your", "munn", "central", "your", "a", "the", "top", "a", "the", "top", "this", "the", "the", "i", "the", "the", "every", "hope", "his", "the", "baby", "exactly", "baby", "baby", "baby", "the", "the", "my", "the", "the", "my", "earth", "earth", "time", "time", "time", "time", "time", "time"], "about": [" ", " ", "what", "to", "to"], "ok": ["its", " ", " ", " ", "its", " ", " ", " "], "world": ["in", "for", "it", "it", "it", "is", "is", "is", "is", "is", "is"], "oh": ["pretty", "pretty", "baby", "baby", "pretty", "pretty", "baby", "baby", "oh", "pretty", "pretty", "baby", "baby", "pretty", "pretty", "baby", "baby", "pretty", "pretty", "baby", "baby", "oh", "pretty", "pretty", "baby", "baby", "let", "i", "i", "i", "no", "let", "i", "i", "i", "i", "i", "i", "oh", "i", "i", "i", "i", "i", "i", "i", "oh", "oh", "oh", "oh", "oh", "uh", "and", "oh", "ohh", "then"], "of": ["you", "you", "you", "you", "you", "you", "you", "you", "you", "you", "you", "you", "their", "bontons", "my", "what", "parker", "bontons", "my", "what", "parker", "what", "nefertiti", "sister", "what", "nefertiti", "sister", "lalibela", "others", "those", "ambition", "opposition", "men", "your", "what", "judgement", "shatan", "me", "my", "reality", "dress", "my", "the", "dress", "my", "the", "me", "what", "my", "my", "his", "my", "my", "my", "my", "every", "devotion", "emotion"], "am": ["nothin", "nothin", "because", "nothing", "with"], "violence": ["men"], "idolize": ["the"], "maribella": ["in"], "seeds": ["will", "will"], "plus": ["when"], "stand": ["in"], "observe": ["how"], "youve": ["been", "got", "got", "got", "got", "got", "got", "got", "got", "got", "got", "got", "got", "become", "got", "ever", "ever"], "own": ["destiny", "destiny", "destiny", " ", " ", "destiny", "destiny", "destiny"], "tongue": ["of", "of"], "bond": [" "], "wanna": ["hold", "hold", "hold", "hold", "pack", "be", "ball", "hear", "get", "give", "give", "give", "get", "give", "give", "oh", "i", "i", "i", " "], "or": ["not", "not", "steel", "collectin", "got", " ", "i"], "road": [" "], "jimmy": ["on"], "into": ["a", "a", "our", "our", "our"], "within": [" ", " ", " ", "me", "me"], "ahbut": ["baby", "baby"], "negative": ["into", "into"], "down": ["i", "i", "i", "i", "i", "i", "then", "for", "for", "for", "to", "in", "on", " ", "and", "low", "low", "low"], "hes": ["full", "exempt", "all", "all", "all"], "because": ["its", " ", "i"], "frames": ["slightly"], "abel": ["caesar"], "jerusalem": [" ", " ", " ", " ", " ", " "], "soon": ["come"], "your": ["friend", "neck", "ass", "head", "friends", "jeans", "friends", "jeans", "tossed", "eyes", "rhymes", "bend", "eyes", "eyes", "kindness", "equation", "kingdom", "conversation", "talk", "soul", "movements", "whole", "word", "bond", "love", "philosophy", "block", "rhymes", "pinky", "style", "precious", "kisses", "style", "precious", "kisses", "career", "head", "face", "lights", "window", "lights", "love", "caress", "lights", "window"], "stare": [" ", " "], "wan": ["play", "run"], "deception": [" "], "her": ["throne", "throne"], "sneaky": ["silent"], "hip": ["hop", "hop"], "support": ["late"], "there": ["are", "are", "at", "at", "for", "for", "for", "for", "for", "for", "are", "come", "wholl"], "gift": ["so"], "long": ["last", "last", "last", "last", " ", "long", "time", "long", "time", "long", "time"], "brutus": ["jesus"], "start": ["to", "to"], "cats": ["that"], "emancipation": ["dont"], "low": [" ", "word", "lauryn"], "way": ["that", "that", "before", "before", " ", " ", "back", "since", "you", "you"], "gin": [" "], "was": ["bout", "the", "just", "on", "there", "muslim", "just", "on", "there", "muslim", "on", "hopeless", "in", "in", "in", "to", "a", "like", "the", "the", "like", "the", "the", "shown", "shown", "in", "in", "in", "never", "written", "never", "all", "shown"], "war": [" ", "scars"], "prosperity": [" "], "mountains": ["fall", "fall"], "head": ["like", " "], "creation": [" "], "but": ["if", "if", "way", "way", "things", "things", "youd", "youd", "keep", "when", "it", "keep", "keep", "i", "if", "remember", "if", "you", "you", "you", "you", "you", "there", "you", "you", "you", "you", "you", "you", "until", "you", "you", "you", "you", "you", "you", "deep", "every", "then", "then", "if", "left", "now", "if", "if", "left", "now", "if", "deep", "then", "everybody", "instead", "it", "it", "the", "i", "i", "how", "i", "if", "am", "now", "if"], "boys": ["and"], "hear": ["him", "me", "my", "so", "you", "you", "so", "me", "me"], "gain": ["their", "from", "from"], "oooh": ["and", "oooh", "yeah", "and", "oooh", "yeah"], "nassau": ["coliseum", "coliseum"], "trying": ["to", "to"], "with": ["the", "his", "the", "a", "the", "the", "a", "the", "stars", "cherubims", "stars", "cherubims", "scars", "no", "scars", "no", "your", "war", "you", "prosperity", "the", "freaks", "the", "my", "me", "me", "out", "out"], "he": ["told", "was", "still"], "pull": ["strings", "your", "your"], "baptist": [" ", " "], "made": ["sure", "sure", "these", "these", "your", "that", "up", "up", "up", "plans", "up", "up", "up"], "tossed": ["salad"], "grace": [" "], "born": [" "], "whether": ["posed"], "wish": ["those", "those", "i", "i"], "inside": ["your"], "up": ["so", "and", "next", "the", "next", "the", "with", "with", "this", "i", "my", "my", "my", "i", "my", "my", "my"], "us": ["our", " ", "to"], "until": ["you"], "international": ["articles"], "record": ["deal", "deal"], "replay": ["baby"], "dirty": ["mattress", "mattress"], "nefertiti": [" ", " "], "capitalistic": ["system"], "loving": ["you", "you", "lauryn", "lauryn", "good", " ", "you", "you", "lauryn", "lauryn", " ", "lauryn", "lauryn", " "], "similar": ["to", "to"], "called": ["you", "him"], "trim": [" "], "gone": [" ", "you"], "don\u2019t": ["forget"], "sometimes": ["have"], "menelik": [" "], "play": [" ", " ", "young", "straight", "innocent", "\u2018em"], "taste": ["it", "like", "like"], "minutes": ["and"], "universal": ["law"], "doug": ["fresh", "fresh"], "religiously": [" "], "sales": ["peak"], "deep": ["in", "in", "in", "in", "in", "in", "in"], "an": ["artist", "effect", "end", "end", "angel"], "as": ["painful", "this", "painful", "this", "we", "their", "my", "christ", "the", "the"], "at": ["long", "long", "long", "long", "where", "hootaville", "the", "dancing", "borlin", "hootaville", "the", "dancing", "borlin", "all", "all", "my", "all", "all", "all", "all", "all", "all", "you", "no", "foot", "all", "all", "my", "your", "zions", "all"], "girlfriend": ["let"], "curl": [" ", " "], "moves": ["so", "so"], "dawn": [" "], "hail": ["you"], "again": [" ", " ", " ", " ", "come", "come", "come", " ", "come", "come", "come", " ", "we", "im", "im", " ", "no", "uh"], "hasnt": ["hit"], "theyll": ["hail", "nail", "make"], "lees": ["to", "to"], "no": ["words", "words", "human", "human", "one", "one", "one", "one", "matter", "one", "ones", "one", "one", "one", "one", "one", "matter", "one", "ones", "one", "mind", "know", "know", "know", "know", "know", "alcohol", "place", "store", "time", "more", "more", "more", "more", "more", "more", "higher", "concept", "higher", "higher", "matter", "higher", "happiness", "happiness", "no", "no", "no", " ", "no", "no", " ", "no", "no", " ", "no", "no", " ", "no", "no", " ", "happiness", "boastsful"], "nah": ["the", "the"], "depen": ["pon"], "claiming": ["that"], "repent": [" "], "reality": [" "], "til": ["its", "its", "hes", "its"], "tight": ["that"], "trample": ["pon"], "other": ["cheek", "african", "people"], "witness": [" "], "sick": ["of"], "test": ["me"], "granite": ["or"], "you": [" ", "so", " ", "leaves", "feel", " ", "baby", "baby", "stay", "oh", "oh", " ", "so", "i", "i", " ", "baby", "baby", "stay", "oh", "oh", "baby", "baby", "warm", "stay", "oh", "oh", " ", "so", " ", "leaves", "feel", " ", "baby", "baby", "stay", "oh", "oh", " ", "so", "i", "i", " ", "baby", "baby", "stay", "oh", "oh", "baby", "baby", "warm", "stay", "oh", "oh", "let", "again", "he", "act", "aint", "think", "really", "wasnt", "called", "give", "aint", "did", "probably", "gon", "again", "know", "still", "be", "know", "better", "got", "wonder", "gon", "aint", "gon", "aint", "gon", "aint", "know", "better", "know", "know", "know", "know", "know", "know", "know", "know", "know", "know", "know", "know", "cant", "cant", "is", "more", "to", "to", "cant", "more", "always", "back", "let", " ", "care", "said", "live", "is", "more", "to", "to", "cant", "more", "always", "back", "let", " ", "care", "said", "live", "cant", "lookin", "could", "could", "out", "cop", "keep", "cant", "could", "could", "gonna", "cling", "can", "could", "could", " ", "never", "to", " ", "down", "to", "kindly", "hear", "cant", "gonna", "looking", "gotta", "think", " ", "on", "did", "fall", "wanna", "gon", "the", "might", "just", "might", "just", "might", "just", "might", "just", "might", "just", "cant", "dont", "must", "dont", "might", "just", "might", "just", "might", "just", "might", "just", "might", "just", "might", "really", "just", "really", "done", "understand", "throw", "star", "scar", "hard", "cant", "do", "do", "can", "look", "might", "just", "might", "just", "might", "just", "might", "just", "might", "just", "might", "really", "just", "really", "done", "religiously", "wont", "its", "drop", "know", "drop", "think", "think", "do", "gonna", "give", "get", "yet", "upset", "drop", "beef", "want", "stupid", "then", "no", "are", "now", "down", "face", "slit", "drop", "walk", "speak", "walk", "leave", "aint", "walk", "speak", "walk", "leave", "aint", "know", "know", "from", "my", "for", "girl", "girl", "some", "some", "some", "i", "i", " ", "to", "uh", "to", "some", "some", "some", "loving", "is", "to", "asking", "its", "some", "some", "hear", "some", "boy", "boy", "some", "some", "hear", "some", "some", "some", "call", "want", "cry", "need", "by", "dont", "dont", "need", "want", "just", "just", "want", "cry", "need", "by", "dont", "need", "want", "just", "want", "cry", "need", "by", "dont", "need", "want", "just", "just"], "out": ["your", " ", " ", "your", "what", "yuh", "extent", "comes", "to", "the", "what", "what", "what", "love", "sin"], "roll": ["with", "with"], "immunity": ["in"], "picture": [" ", " "], "everybodys": ["name", "name"], "choosing": ["me"], "star": [" ", " ", " ", " "], "brothers": [" "], "getting": ["no", "no", "no", "no"], "put": ["your"], "welcome": ["back", "back", "back", "back", "back", "back"], "drift": ["out"], "hawthorne": ["and", "and"], "stay": [" ", " ", " ", " ", " ", " ", " ", " ", " ", " ", "alive", " ", " "], "chance": [" "], "lovers": [" "], "intent": [" "], "peak": [" "], "serious": ["im"], "hurt": ["yourself", "me", "yourself", "me"], "friends": ["names", "names"], "pool": [" ", " "], "\u2013": ["mm", "yeah", "ooh", "right", "said", "what", "oh", "uh", "uh"], "cling": ["to"], "tricks": ["from"], "teams": ["on", "on"], "together": [" ", " "], "scream": ["my", "my"], "races": ["off", "off"], "u": ["some"], "karma": ["karma", "karma", "comes"], "time": ["i", "for", "ive", "for", "ive", "i", "lauryn", " ", " ", "on", "lauryn", " ", " ", "lauryn", "lauryn"], "alright": ["be", " ", "be", " ", "w", "be", " ", "be", " ", "be", " ", "w", "be", " ", " "], "fresh": ["and", "and"], "strings": ["like"], "once": ["said", " "]}