{"son": [" "], "diss": ["you", "you", "you"], "departed": ["you"], "just": ["sound", "get", "remember"], "scratch": ["a"], "pointed": ["at", "at"], "wishing": [" "], "mission": ["this"], "catch": ["and"], "via": ["email"], "through": ["this", "a"], "gang": ["starr"], "go": ["for", "on"], "follow": [" "], "still": ["gleam"], "speed": ["nottz"], "find": ["one", "a"], "forget": ["about"], "aint": ["listening", "forget", "gon"], " ": ["nas", "uhnnh", "nas", "to", "i", "a", "but", "im", "that", "you", "to", "now", "and", "these", "one", "to", "you", "to", "look", "or", "and", "cause", "my", "so", "cause", "next", "and", "to", "guru", "another", "and", "guru", "and", "nope", "yo", "and", "since", "i", "tell", "you", "and", "ima", "see", "i", "but", "and", "consider", "who", "and", "just", "i", "i", "tell", "matter", "ima", "ima", "ima", "if", "you", "and", "you", "fuckin", "and", "and"], "cut": ["off"], "group": ["holmes"], "producer": ["but", "change"], "listen": [" "], "homage": ["respect", "respect"], "thinking": [" "], "trying": ["to"], "remember": ["like"], "had": ["to"], "day": ["that"], "better": ["off"], "to": ["step", "have", "be", "let", "me", "be", "think", "me", "make", "piss", "report", "your", "murder", "you", "speed", "yo", "hit", "follow"], "verse": [" "], "xtc": [" "], "minute": ["i"], "tell": ["me", "him"], "he": ["was"], "might": ["just"], "over": ["fast"], "hope": ["yall"], "naw": [" "], "real": ["pro"], "runnin": ["through"], "fax": [" "], "his": ["name", "flow"], "hit": ["with", "lotto"], "worse": ["the"], "yo": ["yeah", "track"], "government": ["names"], "ya": ["whole", "freestyles", "transmission", "album", "some"], "hard": ["shit"], "couple": ["of"], "fat": ["beats"], "nottz": [" "], "mention": ["my", "tryna", "my"], "game": ["lynchin", " "], "know": ["what", "who", "you"], "listening": [" "], "dearly": ["departed"], "report": ["that"], "now": ["im"], "dissin": [" "], "him": ["naw", "i", "for"], "is": ["pointed", "hard"], "like": ["a", "a", "a", "gang", "nas"], "lynchin": [" "], "name": [" ", "mention", "in", "to"], "asskissing": [" "], "transmission": ["faster"], "cause": ["i", "ever", "you"], "50": ["cent"], "these": ["cats", "xfl"], "miles": [" "], "shots": ["on"], "team": ["wishing"], "lyric": ["pointed"], "freestyles": [" "], "told": ["em"], "meal": [" "], "yall": ["the", "just", "dont", "be"], "clothes": ["on"], "em": ["chill", "know"], "nigga": ["that", "i", "so"], "lotto": [" "], "deal": [" "], "doing": ["the", "the"], "fish": ["that"], "relax": [" "], "some": ["help"], "yeah": ["i"], "spectac": ["rap"], "second": ["you"], "mighty": [" "], "are": [" ", "about"], "year": ["yall"], "cant": ["spit"], "gave": ["your", "you"], "cat": ["in"], "lee": ["miles"], "album": ["this", "go"], "swollow": ["motherfuckerlyrics"], "what": ["you", "your"], "gon": ["never"], "give": ["ya", "50"], "for": ["a", "start", "any", "the", "doing", "doing"], "lots": [" "], "rep": [" "], "since": ["heav", "my"], "waynelil": ["zane"], "ringin": ["like"], "nope": ["nas"], "then": ["through"], "got": ["this", "one"], "ever": ["again", "since"], "email": ["and"], "piss": ["n", "in"], "ass": ["heart"], "be": ["dearly", "nearly", "on", "something", "up"], "attention": [" "], "xfl": ["rappers"], "power": [" "], "personal": ["like"], "never": ["got", "relax"], "weak": ["ass"], "wack": ["i"], "by": ["twoway", "the", "jeffrey"], "how": ["you"], "step": ["up"], "slow": ["track"], "let": ["me", "it", "em"], "no": ["pot", "track"], "found": ["out"], "wanted": ["to"], "shoulda": ["let"], "change": ["his"], "stage": ["at"], "on": ["stage", "the", "mad", "making", "your", "sale"], "about": ["to", "to", "him", "to"], "figured": ["i"], "last": ["mission"], "smacking": ["you"], "career": [" "], "of": ["piss", "high", "the", "you", "fact"], "acknowledge": ["the"], "vernon": ["i"], "display": [" "], "thing": ["who"], "twentyone": [" "], "stand": ["next"], "retarded": [" "], "whole": ["team"], "think": ["for"], "jack": ["i"], "plan": ["on"], "holmes": ["are"], "named": ["yall"], "motherfuckers": [" "], "dont": ["know", "ever", "plan", "know", "answer"], "pot": ["to"], "one": ["thing", "lyric", "is", "nigga"], "promise": ["i"], "names": ["are"], "another": ["one", "fake"], "fake": ["jack", "as"], "respect": [" ", " "], "couldnt": ["even"], "consider": ["me"], "your": ["government", "head", "weak", "single", "producer", "back", "album", "producer", "shit"], "beats": ["for"], "little": ["faint", "scratch", "paint", "fish"], "fast": ["listen", "slow"], "glisten": ["hot"], "paint": ["missin"], "gleam": ["and"], "support": ["to"], "faint": ["dissing"], "been": ["burnin", "asskissing"], "next": ["to", "year"], "few": ["cats", "cats"], "cats": ["was", "but", "tryna", "that"], "low": [" "], "way": ["give"], "starr": ["motherfuckers"], "believe": ["me"], "scary": [" "], "was": ["thinking", "in", "a", "as", "worse", "my"], "start": [" "], "rapcats": ["in"], "uhnnh": ["i"], "tryna": ["gain", "take", "fuck"], "head": ["for"], "murder": ["you"], "knows": ["this"], "spit": ["nigga"], "that": ["you", "go", "he", "you", "heard", "wanted", "your", "little", "i", "cat", "get"], "started": [" "], "sound": ["like"], "wax": [" "], "took": ["a"], "but": ["i", "i", "im", "i"], "it": ["known", "personal"], "heav": ["was"], "chill": ["i"], "warm": ["meal"], "hear": ["these", "my", "a"], "gain": ["attention"], "known": ["what"], "ear": [" "], "with": ["a", "my", "a", "me"], "than": ["lee"], "must": ["be", "swollow"], "me": ["hear", "yall", " ", "i", "this", "the", "you"], "throw": ["back"], "cmj": ["mention"], "look": ["dont"], "hour": [" "], "niggas": ["been"], "this": ["shit", "game", "must", "niggas", "no", "might", "is"], "gotta": ["be"], "submitted": ["by"], "up": ["on", "in"], "help": ["cause"], "n": [" "], "youth": ["scary"], "matter": ["of"], "dissed": ["you"], "can": ["stand", "pay"], "making": ["rap"], "duet": [" "], "toothfairy": [" "], "my": ["name", "name", "name", "cellphone", "spectac", "last", "son"], "called": ["rapcats"], "say": ["fuck"], "something": ["youre"], "and": ["glisten", "i", "the", "xtc", "i", "i", "that", "believe", "i", "i", "i", "a", "the", "then", "i", "by", "dont", "you"], "heart": [" "], "missing": [" "], "rap": ["a", "display"], "stream": ["of"], "slay": ["with"], "wasnt": ["so"], "pro": [" "], "fuck": ["with", "him", "fat"], "slap": ["in"], "club": ["that"], "high": ["and", "whities"], "heard": ["a", "ya", "of", "of"], "as": ["fake", "a"], "rawkus": ["interning"], "im": ["about", "runnin", "smacking"], "at": ["cmj", " ", "your", "your"], "have": ["ya"], "in": ["ya", "the", "vernon", "rawkus", "the", "how", "the"], "need": ["lots"], "obviously": ["must"], "any": ["other"], "shit": ["started", "wasnt", "to"], "if": ["your"], "again": ["mention"], "burnin": [" "], "guru": ["i", "another"], "rather": ["hear"], "pay": ["homage", "homage", "support"], "make": ["sure", "your"], "get": ["to", "you", "hit"], "when": ["i"], "who": ["named", "was", "knows"], "cent": ["his"], "nas": ["pay", "pay", "acknowledge", "nigga"], "hot": ["like"], "other": ["so"], "take": ["shots", "it"], "answer": ["back"], "new": ["at"], "you": ["cats", "never", "about", "gotta", "had", "can", "take", "dissin", "group", "missing", "first", " ", " ", "was", "twentyone", "a", "power", "need", "via", "by", "over", "to", "that", "that", "better", "cant", "obviously"], "out": ["that"], "coke": ["and"], "whities": [" "], "even": ["find"], "jeffrey": [" "], "sure": ["you"], "bottle": [" "], "see": ["i"], "track": ["or", "or", " ", " "], "rappers": ["tryna"], "missin": [" "], "ima": ["get", "diss", "diss", "diss"], "stay": ["ringin"], "did": ["find"], "mad": ["coke"], "twoway": ["i"], "interning": [" "], "single": ["a"], "tracks": [" "], "a": ["little", "little", "little", "stream", "few", "real", "couple", "second", "lil", "slap", "career", "youth", "toothfairy", "minute", "fast", "few", "warm", "deal", "fax", "bottle"], "cellphone": ["stay"], "off": ["ya", "trying"], "faster": ["than"], "i": ["dont", "hear", "aint", "still", "heard", "cut", "heard", "rather", "hope", "been", "shoulda", "got", "slay", "aint", "heard", "was", "found", "took", "gave", "dont", "couldnt", "did", "told", "let", "promise", "can", "gave", "figured", "give", "make", "say", "aint", "dissed", "catch", "throw"], "youre": ["new"], "flow": ["back"], "sale": ["for"], "dissing": ["a"], "or": ["i", "the", "no"], "lil": ["waynelil"], "zane": ["duet"], "so": ["i", "called", "wack", "you"], "fuckin": ["with"], "back": ["and", " ", " ", "this"], "motherfuckerlyrics": ["submitted"], "the": ["low", "high", "mighty", "ear", "game", "rep", "boogiemann", "track", "verse", "clothes", "day", "first", "tracks", "wax", "way", "club"], "first": [" ", "hour"], "boogiemann": ["when"], "fact": ["fuck"], "nearly": ["retarded"]}