{"represent": ["the", "the"], "all": [" ", "jokes", "yall", "the", "night", "day", "yall", "the", "night", "day"], "jason": ["mizell"], "forget": ["me", "me", "me", "me"], "rap": [" ", "critic", " ", "critic"], "hardcores": [" ", " "], "resistance": ["hod", "hod"], "four": ["plus"], "gs": ["and"], " ": ["i", "ill", "got", "got", "i", "i", "the", "papa", "i", "then", "i", "from", "haha", "any", "doc", "just", "hop", "ayo", "once", "yes", "roll", "third", "who", "mamas", "me", "i", "thats", "with", "and", "get", "its", "especially", "blow", "then", "mammy", "if", "like", "and", "yo", "funk", "i", "hoping", "around", "im", "anywhere", "yeah", "another", "my", "new", "i", "i", "my", "how", "redman", "excuse", "sing", "who", "stalk", "blacker", "i", "hell", "it", "while", "when", "cause", "raw", "the", "with", "plus", "fuckin", "10", "3", "tical", "breakin", "nigga", "fucka", "id", "more", "tical", "for", "pointed", "and", "aint", "i", "the", "i", "examine", "your", "since", "6", "made", "the", "and", "and", "bitches", "forget", "empty", "fuck", "how", "look", "its", "how", "how", "look", "recognize", "how", "how", "till", "it", "puff", "we", "check", "bring", "movin", "plus", "hailin", "home", "hey", "as", "my", "dig", "he", "if", "look", "enter", "rabbit", "rollin", "i", "punks", "im", "styles", "fuck", "hittin", "phat", "i", "boo", "fuck", "to", "i", "wreck", "look", "but", "i", "ask", "funk", "look", "to", "you", "word", "sick", "excuse", "sing", "who", "stalk", "blacker", "i", "hell", "it", "while", "when", "cause", "raw", "the", "with", "plus", "fuckin", "10", "3", "tical", "breakin", "nigga", "fucka", "id", "more", "tical", "for", "pointed", "and", "aint", "i", "the", "i", "examine", "your", "since", "6", "made", "the", "and", "and", "bitches", "forget", "empty", "fuck", "how", "look", "its", "how", "how", "look", "recognize", "how", "how", "till", "it", "puff", "we", "check", "bring", "movin", "plus", "hailin", "home", "hey", "as", "my", "dig", "he", "if", "look", "enter", "rabbit", "rollin", "i", "punks", "im", "styles", "fuck", "hittin", "phat", "i", "boo", "fuck", "to", "i", "wreck", "look", "but", "i", "ask", "funk", "look", "to", "you", "word", "sick"], "suicide": [" ", " "], "zone": [" ", " "], "itll": ["probably"], "tickle": [" ", " "], "to": ["get", "the", "lane", "my", "kill", "make", "end", "the", "that", "get", "getyours", "kill", "any", "have", "die", "play", "the", "hit", "be", "smithareens", "light", "make", "the", "that", "get", "getyours", "kill", "any", "have", "die", "play", "the", "hit", "be", "smithareens", "light", "make"], "blaze": ["aint", "aint"], "trigga": ["finga", "finga"], "fly": ["more", "more"], "song": ["of", "of"], "beemers": ["benz"], "brooks": [" ", " "], "stays": ["open", "open"], "cool": [" "], "switches": ["twistin", "twistin"], "did": ["a"], "die": ["for", "so", "for", "so"], "heist": ["another"], "dig": ["it", "it", "up", "it", "up"], "gun": ["pow", "pow"], "try": ["to", "and", "and"], "hittin": ["switches", "switches"], "yall": ["doctor", "could", "dudes", "niggaz", "niggaz"], "flick": ["the"], "work": [" "], "ten": ["per"], "existance": ["met", "met"], "crook": ["with", "with"], "second": ["half", "one", "half", "one"], "machines": [" ", " "], "blue": ["steel", "steel"], "will": ["it", "get", "get"], "what": ["you", "the"], "wreck": ["ya", "ya"], "section": ["a", "a"], "cooking": ["cat"], "havoc": ["with", "with", "with", "with"], "new": ["york"], "method": ["only", "man", "out", "out"], "fucka": ["we", "we"], "body": ["like", "like"], "mamas": ["in"], "full": ["a", "a"], "chose": [" ", " "], "degree": ["let"], "men": [" "], "stallion": [" ", " "], "plucking": ["ashes"], "met": [" ", " "], "let": ["it"], "smokin": ["buddha", "buddha"], "sing": ["a", "a"], "boy": [" ", "yous", "on", "yous", "on"], "great": ["george", " "], "shift": ["like", "like"], "changed": [" ", " "], "screamin": ["for", "for"], "boo": ["scared", "scared"], "thats": ["why", "it", "it"], "love": ["trucks", "for", "those", "for", "those"], "slinging": ["cracks"], "bombin": ["you", "you"], "tools": ["like", "like"], "ayo": ["you"], "from": ["my", "the", "the", "the"], "bombazee": ["got", "got"], "tears": ["you", "you"], "redman": ["repeat"], "live": [" ", "it", "it"], "call": [" "], "6": ["5", "million", "million", "5", "million", "million"], "swagger": ["on"], "type": ["scriptures", "scriptures"], "more": [" ", "fruitier", "than", "heads", "man", "fruitier", "than", "heads", "man"], "musk": ["use", "use"], "tryna": ["walk"], "popped": [" ", " "], "door": [" ", " "], "pretty": ["hoes", "hoes"], "brings": ["havoc", "havoc", "havoc", "havoc"], "haha": ["she"], "instrumental": [" ", " "], "excuse": ["me", "me"], "train": [" ", " "], "broke": ["down", "down"], "cases": [" ", " ", " "], "blindfold": ["cold", "cold"], "women": ["saying"], "me": ["host", " ", "its", "getting", "i", "im", "another", "as", "wild", "pull", "now", "now", "now", "not", "as", "wild", "pull", "now", "now", "now", "not"], "word": ["up", "up"], "niggas": ["say"], "this": ["package", "money", "life", "grind"], "ride": ["and"], "package": ["in"], "niggaz": ["hit", "hit"], "cat": ["rat"], "anywhere": ["i"], "can": ["feel", "kiss", "suck", "kiss", "suck", "feel", "kiss", "suck", "kiss", "suck"], "cal": ["brooks", "brooks"], "jamal": [" "], "my": ["name", "name", "l", "gwap", "giant", "truck", "kinfolk", "hall", "draws", "piff", "clyde", "swagger", "album", "crib", "state", "hand", "aim", "nigga", "trigga", "nuts", "man", "block", "dick", "dick", "man", "hectic", "fuckin", "style", "nigga", "trigga", "nuts", "man", "block", "dick", "dick", "man", "hectic", "fuckin", "style"], "benz": ["now"], "fuck": ["wanna", "the", "the", "the", "wanna", "the", "the", "the"], "high": ["so", "that", "so", "that", "so", "that", "so", "that"], "critic": [" ", " "], "way": ["crook", "crook"], "something": ["yall", "poor"], "want": ["a"], "times": ["like", "like"], "skirt": [" "], "hod": [" ", " "], "sip": ["and", "and"], "end": [" ", " ", "your", "your"], "turn": ["the"], "rather": ["kick", "kick"], "rye": [" ", " "], "nuts": ["i", "i"], "1": ["lyric", "with", "lyric", "with"], "how": ["a", "to", "i", "many", "you", "high", "sick", "high", "sick", "you", "high", "sick", "high", "sick"], "rickle": [" ", " "], "hop": ["in", " ", " "], "wigs": ["with", "with"], "rude": ["boy", "boy"], "may": ["murder", "murder"], "stop": [" ", "till", "the", "till", "the"], "after": ["me"], "spot": ["check", " ", "check", " "], "plane": [" ", " ", " ", " "], "floor": [" ", "raw", "raw"], "blacker": ["than", "than"], "suck": ["my", "my", "my", "my"], "man": ["in", "tical", "raider", "thats", "tical", "raider", "thats"], "a": ["bitch", "deja", "one", "move", "limbo", "little", "given", "slob", "show", "song", "pocket", "rye", "vulture", "straight", "piece", "clutch", "lickin", "hip", "bullet", "bird", "plane", "train", "bird", "plane", "damn", "meth", "racist", "rap", "sip", "bitches", "half", "song", "pocket", "rye", "vulture", "straight", "piece", "clutch", "lickin", "hip", "bullet", "bird", "plane", "train", "bird", "plane", "damn", "meth", "racist", "rap", "sip", "bitches", "half"], "third": ["degree"], "light": ["up", "your", "the", "your", "the"], "rollin": ["blunts", "blunts"], "so": ["cool", "i", "you", "high", "sick", "high", "sick", "i", "you", "high", "sick", "high", "sick"], "green": ["eyed", "eyed"], "ultimate": ["rush", "rush"], "keeps": ["it", "it"], "wind": [" "], "six": ["pence", "pence"], "shoes": [" "], "reservoir": ["dogs", "dogs"], "enter": ["the", "the"], "pointed": ["at", "at"], "move": ["dig", "this"], "dough": [" "], "looks": [" ", " "], "hell": ["yes", "yes"], "cold": ["so", "so"], "still": ["i"], "its": ["a", "a", "a", "a", "the", "a", "a", "a", "a", "the", "a", "a"], "before": ["i"], "style": ["was", "was"], "till": ["i", "my", "the", "i", "my", "the"], "raptour": [" ", " "], "twistin": ["wigs", "wigs"], "late": [" "], "window": [" "], "limbo": [" "], "then": ["with", "get", "that", "that"], "yo": ["i", "my", "dirt", "my", "dirt"], "3": ["2", "2"], "ya": [" ", "5", " ", " ", "5", " "], "shatter": ["the", "the"], "break": ["wind"], "bang": ["like", "like"], "kiss": ["the", "the", "the", "the", "the", "the"], "half": ["on", "way", "on", "way"], "not": ["i", "to", "a", "i", "to", "a"], "now": ["rolex", "im", "the", " ", "they", " ", "im", "the", " ", "they", " ", "im"], "day": ["one", "habit", "habit"], "name": ["in", "jamal", "was", "was"], "clutch": ["with", "with"], "hancock": ["ill"], "drop": [" "], "l": [" "], "payed": ["for", "for"], "ashes": ["off"], "rock": ["til", "the", "the"], "bone": ["now", "now"], "em": ["up", "up"], "yeah": ["another"], "kingpins": ["and", "and"], "gates": [" "], "loops": ["then", "then"], "our": ["fuckin", "fuckin"], "meth": ["bone", "bone"], "out": ["if", "my", " ", "my", " "], "album": ["make"], "living": ["this"], "network": ["on"], "sluts": [" ", " "], "god": ["we"], "since": ["day", "the", "the"], "ruck": [" ", " "], "blunts": ["an", "an"], "7": ["6", "6"], "got": ["flow", "weed", "blunt", "my", "the", "me", "to", "our", "no", "the", "the", "machines", "the", "me", "to", "our", "no", "the", "the", "machines", "the"], "squares": [" ", " "], "cause": ["aint", "aint"], "correct": [" "], "red": ["so", "zone", "got", "zone", "got"], "ass": [" ", "niggaslyrics", " ", "niggaslyrics"], "lisas": ["skirt"], "smalls": ["who", "who"], "dirt": ["that", "weed", "weed"], "million": ["ways", "and", "ways", "and"], "given": ["living"], "punks": ["take", "take"], "york": ["nigga"], "ask": ["biggie", "biggie"], "ash": ["from"], "flare": [" ", " "], "could": ["have"], "days": ["end"], "keep": ["it", "my"], "pence": ["a", "a"], "thing": ["i", "changed", "changed"], "funky": ["like"], "deja": ["vu"], "styles": ["not", "not"], "apocalypse": ["now", "now"], "fuckin": ["with", "own", "dome", "with", "own", "dome"], "mad": ["sluts", "magazine", "sluts", "magazine"], "dont": ["choke", "need", "stop", "need", "need", "stop", "need"], "feel": ["great", "the", "the"], "radical": ["mathematical", "mathematical"], "crib": ["look"], "one": ["tonner", "more", "since", "stop", "to", "to"], "fucked": ["with", "with"], "bitch": ["out", " ", " "], "another": ["bill", "mic", "night", "heist", "kite"], "crip": ["niggas"], "george": [" "], "hood": ["like"], "little": ["something"], "heads": ["than", "than"], "monkey": ["ass", "ass"], "paint": ["like"], "myspace": ["real"], "they": ["cant", "cant"], "their": ["culture", "culture"], "2": ["murder", "murder"], "hollywood": ["squares", "squares"], "bargained": ["for", "for"], "dogs": [" ", " "], "store": ["rappers", " ", " "], "eyes": ["closed", "closed"], "murder": ["1", "your", "1", "your"], "collapse": [" ", " "], "that": ["im", "keep", "hustlers", "toucan", "assraw", "stays", "i", "you", "i", "you", "hustlers", "toucan", "assraw", "stays", "i", "you", "i", "you"], "hailin": ["from", "from"], "eyed": ["bandit", "bandit"], "fruitier": ["loops", "loops"], "crawl": ["and"], "than": ["your", "you", "continental", "your", "you", "continental"], "steel": [" ", " "], "10": ["9", "9"], "cracks": ["in"], "gotta": ["say", "say"], "rolex": ["watch"], "submitted": ["by", "by"], "bride": [" "], "stalk": ["the", "the"], "marines": ["i", "i"], "and": ["jason", "roll", "well", "dog", "move", "still", " ", "play", "now", "i", "the", "the", "the", "hardcores", "catch", "end", "1", "shatter", "second", "yo", "im", "cut", "stop", "glocks", "wess", "test", "read", "the", "the", "hardcores", "catch", "end", "1", "shatter", "second", "yo", "im", "cut", "stop", "glocks", "wess", "test", "read"], "phat": ["radical", "radical"], "piff": ["in"], "clip": ["and"], "well": ["show"], "ruckus": ["come", "get", "come", "get"], "mind": ["tickle", "tickle"], "mine": [" ", "to", "to"], "raw": ["to", "like", "to", "like"], "say": ["i", "no", "no"], "graffiti": ["on"], "have": ["it", "me", "me"], "need": ["for", "no", "yo", "for", "no", "yo"], "ricochet": [" ", " "], "any": ["nigga", "nigga", "nigga"], "scriptures": [" ", " "], "mic": [" ", "another"], "aside": ["im"], "take": ["to", "a", "a"], "truck": ["and"], "blunt": ["my", "im", "im"], "switching": ["plucking"], "play": ["the", "me", "me"], "pain": ["lyrics", "lyrics"], "rappers": ["in", "slinging"], "who": ["these", "the", "shot", "the", "shot"], "blackest": ["stallion", "stallion"], "egyptian": ["musk", "musk"], "why": ["i"], "especially": ["for"], "doc": ["only", "stay", "be"], "flow": ["like"], "dog": [" "], "talk": ["about", "about"], "left": ["kid", "kid"], "saying": ["that"], "shot": ["ya", "ya"], "kite": ["in"], "lyrics": ["screamin", "bang", "screamin", "bang"], "show": ["you", "women"], "rapture": [" ", " "], "recipe": ["is"], "bonnie": ["to"], "bring": ["it", "the", "it", "the"], "gauge": ["mossberg", "mossberg"], "corner": ["light", "store"], "aint": ["correct", "no", "no", "a", "really", "gotta", "no", "no", "a", "really", "gotta"], "giant": ["hancock"], "pause": ["flick", "like"], "stair": ["cases", "cases"], "dick": [" ", " ", " ", " "], "written": [" "], "yiggy": ["yes"], "only": ["thing", "plug"], "proppa": [" ", " "], "slob": ["but"], "8": ["7", "7"], "hip": ["hop", "hop"], "do": ["the"], "his": ["prime"], "hit": ["the", "me", "it", "the", "me", "it"], "get": ["the", "dough", "this", "to", "biz", "mine", "enough", "home", "popped", "it", "mine", "enough", "home", "popped", "it"], "dope": ["when", "when"], "watch": ["me", "how"], "coast": [" ", " "], "pocket": ["full", "full"], "12": ["gauge", "gauge"], "prime": [" "], "trucks": ["but"], "bird": ["its", "its", "its", "its"], "jokes": ["aside"], "bad": ["looks", "looks"], "she": ["like", "with"], "shots": ["will"], "lyric": ["at", "at"], "niggaslyrics": ["submitted", "submitted"], "blew": ["you", "you"], "habit": [" ", " "], "culture": [" ", " "], "matic": [" ", " "], "spock": ["smokin", "smokin"], "best": [" "], "movin": ["on", "on"], "draws": [" "], "ways": ["to", "to"], "state": ["pen", "business"], "verbs": ["nouns", "nouns"], "closed": [" ", " "], "moons": ["collapse", "collapse"], "probably": ["be"], "decks": [" ", " "], "we": ["turn", "trust", "dont", "dont", "got", "out", "dont", "dont", "got", "out"], "missing": [" "], "dome": ["piece", "piece"], "droptops": ["is"], "key": ["the"], "come": ["home", "home"], "endo": [" "], "kitchen": ["cooking"], "glassjaws": [" ", " "], "f": ["a", "a"], "mona": ["lisas"], "many": ["shots"], "ill": ["rock", "get", "like", "like"], "breakin": ["all", "all"], "drug": ["kingpins", "kingpins"], "hustlers": ["and", "and"], "mizell": [" "], "puff": ["a", "a"], "wall": [" "], "pow": [" ", " "], "dudes": ["just"], "walk": ["before"], "trust": ["trust", "your"], "raise": ["my", "my"], "glocks": ["in", "in"], "cent": ["method"], "bees": ["the", "the"], "damn": ["thing", "thing"], "empty": ["off", "off"], "life": ["it"], "glock": [" ", " "], "spit": ["and", "and"], "catch": ["you", "you"], "funk": ["doc", "doctor", "doctor", "doctor", "doctor"], "case": ["like", "like"], "\u4fca\u7199": [" ", " "], "look": ["how", "up", "up", "up", "im", "i", "up", "up", "up", "im", "i"], "these": ["corner"], "straight": ["suicide", "suicide"], "bill": ["itll", "gates"], "rat": ["and"], "air": ["key", "off", "off"], "aim": ["one"], "while": ["the", "i", "the", "i"], "ignition": [" "], "wild": [" ", " "], "smithareens": [" ", " "], "assraw": [" ", " "], "kinfolk": [" "], "hoping": ["my"], "played": ["with", "with"], "smiff": ["and", "and"], "is": ["me", "the", "missing", "a", "a"], "it": [" ", "burn", "all", "funky", "was", "take", "be", " ", "to", "ill", "6", "aint", "i", "f", "while", " ", " ", "on", " ", "be", " ", "to", "ill", "6", "aint", "i", "f", "while", " ", " ", "on", " "], "cant": ["stand", "forget", "stand", "forget"], "im": ["what", "serious", "on", "a", " ", "a", "off", "method", "the", "bombin", "not", "a", "off", "method", "the", "bombin", "not"], "vu": [" "], "in": ["graffiti", "great", "the", "my", "for", "my", "the", "my", "god", "the", "his", "the", "the", "the", "the", "the", "the", "ya", "your", "the", "the", "the", "the", "ya", "your"], "centa": ["lyrics", "lyrics"], "id": ["rather", "rather"], "examine": ["my", "my"], "if": ["my", "anybody", "red", "red"], "bandit": ["cant", "cant"], "open": ["like", "like"], "doctor": ["on", "spock", "with", "spock", "with"], "make": ["me", "son", "your", "your"], "read": ["mad", "mad"], "9": ["8", "8"], "weed": ["i", "we", "we"], "beast": [" ", " "], "nouns": ["and", "and"], "dust": [" ", " "], "pedal": ["to"], "lickin": ["off", "off"], "kid": ["and", "and"], "off": ["the", "a", "a", "to", "an", "a", "a", "to", "an"], "i": ["be", "got", "pause", "pause", "dont", "choke", "love", "want", "tryna", "crawl", "push", "keep", "got", "feel", "network", "live", "get", "did", "do", "got", "kiss", "represent", "raise", "keeps", "bees", "shift", "dont", "get", "chose", "rock", "can", "can", "brings", "got", "run", "live", "got", "brings", "get", "love", "dig", "got", "fly", "may", "breaks", "got", "kiss", "represent", "raise", "keeps", "bees", "shift", "dont", "get", "chose", "rock", "can", "can", "brings", "got", "run", "live", "got", "brings", "get", "love", "dig", "got", "fly", "may", "breaks", "got"], "youre": ["made"], "mammy": ["wanna"], "anybody": ["try"], "grind": ["like"], "the": ["wall", "rappers", "ash", "emcee", "night", "mic", "cheque", "best", "beemers", "paint", "window", "corner", "endo", "kitchen", "pedal", "muhfuckin", "recipe", "air", "ignition", "clip", "bonnie", "bride", "hood", "days", "state", "dirt", "work", "other", "sky", "fuck", "dead", "shaolin", "gun", "planets", "stars", "moons", "decks", "floor", "green", "bombazee", "rules", "facts", "rapture", "intent", "ultimate", "egyptian", "ruck", "darkside", "blindfold", "rap", "glass", "spot", "billboard", "sky", "funk", "sky", "sky", "sky", "ruckus", "red", "pain", "antiseptic", "beast", "big", "drug", "rude", "block", "bum", "50", "blunt", "second", "i", "verbs", "centa", "pretty", "marines", "spit", "12", "tools", "sky", "fuck", "dead", "shaolin", "gun", "planets", "stars", "moons", "decks", "floor", "green", "bombazee", "rules", "facts", "rapture", "intent", "ultimate", "egyptian", "ruck", "darkside", "blindfold", "rap", "glass", "spot", "billboard", "sky", "funk", "sky", "sky", "sky", "ruckus", "red", "pain", "antiseptic", "beast", "big", "drug", "rude", "block", "bum", "50", "blunt", "second", "i", "verbs", "centa", "pretty", "marines", "spit", "12", "tools"], "darkside": ["tears", "tears"], "gwap": ["aint"], "tical": ["bring", "that", "hit", "we", "bring", "that", "hit", "we"], "just": ["watch", "break"], "money": ["like"], "kill": ["bill", " ", " "], "sam": ["bitch", "bitch"], "facts": ["and", "and"], "yes": ["yall", "she", "apocalypse", "apocalypse"], "blow": ["my"], "cut": ["throats", "throats"], "sky": [" ", "its", " ", "its", " ", " ", "its", " ", "its", " "], "throats": [" ", " "], "hall": [" "], "clyde": [" "], "4": [" ", " "], "east": ["coast", "coast"], "kick": ["the", "the"], "real": ["late", "i", "i"], "around": ["my", "with", "with"], "rules": ["like", "like"], "big": ["east", "east"], "breaks": ["em", "em"], "vulture": [" ", " "], "biz": [" "], "know": ["what"], "antiseptic": [" ", " "], "enfamil": ["cases"], "like": ["yiggy", "the", "run", "red", "ai", "a", "four", "in", "all", "method", "enfamil", "a", "reservoir", "glassjaws", "an", "a", "a", "ricochet", "smiff", "lebanon", "digga", "us", "your", "rickle", "a", "reservoir", "glassjaws", "an", "a", "a", "ricochet", "smiff", "lebanon", "digga", "us", "your", "rickle"], "getyours": [" ", " "], "50": ["stair", "stair"], "either": ["youre"], "night": [" ", "and", "store", "store"], "mathematical": ["type", "type"], "nigga": ["after", "either", " ", "you", "on", " ", "you", "on"], "scared": ["you", "you"], "lebanon": [" ", " "], "dead": ["body", "body"], "born": ["in", "in"], "billboard": ["im", "spot", "im", "spot"], "home": [" ", " ", "of", " ", " ", "of"], "for": ["the", " ", "me", "their", "that", " ", "real", "resistance", "your", "the", "the", "their", "that", " ", "real", "resistance", "your", "the", "the"], "finga": ["all", "all"], "per": ["cent"], "pen": [" "], "buddha": ["on", "on"], "temple": ["with", "with"], "be": ["like", "the", "in", "goin", "fucked", "goin", "fucked"], "run": ["and", "around", "around"], "business": ["shit"], "burn": ["with"], "use": ["for", "to", "to", "for", "to", "to"], "host": ["for"], "hectic": [" ", " "], "raider": ["ruckus", "ruckus"], "by": ["\u4fca\u7199", "\u4fca\u7199"], "muhfuckin": ["floor"], "plug": ["something"], "on": ["call", "the", "the", "this", "and", "myspace", "the", "dust", "your", "my", "a", "till", "your", "the", "like", "dust", "your", "my", "a", "till", "your", "the", "like"], "about": ["it", "it"], "getting": ["low"], "of": ["six", "blue", "the", "six", "blue", "the"], "choke": ["on", "a"], "magazine": [" ", " "], "plus": ["one", "the", "i", "the", "i"], "stand": ["it", "it"], "wanna": ["ride", "die", "die"], "or": ["made", "played", "played"], "emcee": ["is"], "own": [" ", " "], "mossberg": [" ", " "], "into": ["hollywood", "hollywood"], "son": ["drop"], "down": ["diggy", "diggy", "down", " ", "light", "diggy", "diggy", "down", " ", "light"], "wess": [" ", " "], "yous": ["the", "the"], "your": ["boy", "blackest", "door", "temple", "existance", "shit", "flare", "eyes", "monkey", "billboard", "left", "planets", "case", "name", "mind", "blackest", "door", "temple", "existance", "shit", "flare", "eyes", "monkey", "billboard", "left", "planets", "case", "name", "mind"], "hey": ["boy", "boy"], "continental": [" ", " "], "racist": [" ", " "], "low": ["like"], "stars": ["and", "and"], "was": ["written", "born", "cal", "born", "cal"], "enough": [" ", " "], "bitches": ["use", " ", "use", " "], "but": ["droptops", "crip", "i", "i"], "toucan": ["sam", "sam"], "bum": ["rush", "rush"], "mice": ["or"], "with": ["my", "me", "gs", "my", "ten", "mine", "more", "us", "the", "the", "the", "your", "my", "a", "an", "or", " ", " ", "bad", "the", "more", "us", "the", "the", "the", "your", "my", "a", "an", "or", " ", " ", "bad", "the"], "shaolin": ["my", "my"], "he": ["talk", "talk"], "pull": ["mad", "mad"], "rush": ["to", "you", "to", "you"], "made": ["a", "mice", "men", "it", "it"], "biggie": ["smalls", "smalls"], "up": ["the", "the", "mona", "in", "in", "in", "in", "proppa", "tical", "in", "in", "in", "in", "proppa", "tical"], "us": ["is", "air", "is", "air"], "those": ["section", "section"], "hand": ["on", "up"], "piece": ["of", " ", "of", " "], "block": [" ", "you", " ", "you"], "johnny": ["blaze", "blaze"], "ai": ["shoes"], "recognize": ["johnny", "johnny"], "ak": ["matic", "matic"], "an": ["all", "ak", "all", "instrumental", "all", "ak", "all", "instrumental"], "hoes": ["i", "i"], "as": ["i", "i", "i", "i"], "at": ["your", "your", "your", "your"], "planets": ["and", "like", "and", "like"], "check": ["glock", "it", "glock", "it"], "shit": ["yall", "broke", "broke"], "diggy": ["diggy", "down", "down", "diggy", "down", "down"], "no": ["need", "raptour", "use", "love", "more", "need", "raptour", "use", "love", "more"], "when": ["i", "you", "i", "you"], "til": ["my"], "other": ["hand"], "5": ["4", "times", "4", "times"], "sick": ["so", "that", "so", "that", "ass", "so", "that", "so", "that", "ass"], "test": [" ", " "], "digga": [" ", " "], "you": ["know", "in", "how", "got", "with", "bargained", "into", "can", "dope", "payed", "can", "can", "try", "will", "like", "blew", "to", "aint", "got", "with", "bargained", "into", "can", "dope", "payed", "can", "can", "try", "will", "like", "blew", "to", "aint"], "really": ["on", "on"], "roll": ["up", "with"], "poor": [" "], "repeat": ["to"], "papa": ["doc"], "stay": ["in"], "tonner": ["made"], "intent": ["to", "to"], "cheque": [" "], "goin": ["down", "down"], "lane": ["switching"], "rabbit": ["i", "i"], "bullet": ["on", "on"], "glass": ["and", "and"], "push": ["the"], "serious": ["with"], "once": ["we"]}