{"neighbors": ["like"], "all": ["nice", "those", "my", "kid", "our", "in", " ", "about", "the", "the"], "consider": ["me"], "dispirit": ["and"], "dance": [" "], "focus": [" ", "gettin"], "ciudad": ["calidad"], "sleep": ["my"], "go": ["teary", "work", "steal"], "follow": ["me", "me"], "disk": [" "], "hate": ["with"], "forget": ["how"], " ": ["the", "things", "sometimes", "smile", "you", "they", "the", "and", "i", "i", "i", "that", "and", "my", "im", "cradle", "universal", "quiet", "mind", "shoulders", "i", "shocked", "the", "suttins", "and", "everywhere", "cradle", "universal", "you", "and", "sit", "im", "well", "and", "carrying", "no", "and", "till", "distrust", "im", "buyin", "you", "i", "51", "gettin", "walk", "arab", "now", "lawwwwd", "all", "say", "say", "redefinition", "say", "yo", "the", "projectile", "me", "after", "shining", "connectin", "cause", "dont", "see", "from", "talib", "brooklyn", "in", "what", "tree", "my", "people", "let", "that", "walkin", "you", "stop", "and", "third", "i", "neighbors", "whod", "talkin", "with", "chorus", "mos", "we", "best", "i", "its", "they", "too", "i", "so", "plenty", "it", "when", "strivin", "colossal", "standin", "you", "somebody", "it", "or", "consider", "of", "expressin", "my", "people", "and", "still", "three", "in", "in", "a", "you", "line", "make", "ll\u00e1mame", "el", "la", "ciudad", "guerra", "la", "bien", "mi", "quiero", "claro", "claro", "y", "claro", "call", "the", "the", "city", "war", "food", "pistol", "the", "my", "i", "of", "of", "and", "of", "other", "you", "im", "i", "so", "so", "when", "i", "warm", "you", "went", "to", "i", "i", "ok", "we", "cause", "but", "held", "and", "you", "expression", "thats", "how", "went", "now", "im", "on", "when", "ya", "wish", "couldnt", "im", "got", "fighting", "cant", "i", "wont", "but", "im", "did", "you", "cant", "the", "i", "i", "i", "i", "the", "sometime", "man", "its", "what", "make", "its", "three", "come", "i", "and", "that", "im", "and", "little", "but", "and", "babe", "seven", "these", "and", "bk", "r", "dispirit", "real", "buck", "not", "and", "no", "you", "there", "so", "so", "just", "just", "so", "who", "respect", "and", "see", "they", "def", "ghetto", "some", "and", "no", "you", "there", "so", "yea", "6x", "every", "matter", "singing", "spread", "uh", "its", "its", "make"], "careful": ["with"], "wish": ["i", "we", "we", "we", "i", "i", "wed", "wed"], "tu": ["abrazo"], "young": ["iraqi"], "to": ["sit", "the", "clearly", "the", "rock", "the", "the", "take", "where", "the", "nothin", "start", "rock", "the", "be", "rock", "quit", "know", "feel", "the", "nigga", "it", "makin", "die", "god", "the", "call", "know", " ", "teach", "bump"], "asking": ["what"], "cercana": [" "], "late": ["in"], "smile": ["on", "now", "now"], "fronting": [" ", " "], "sinking": ["in"], "road": ["feeling", "now"], "wished": ["they"], "worse": [" "], "pays": [" "], "every": ["where", "school", "day"], "jaci": ["andante"], "redefinition": ["say"], "casa": ["mis"], "trouble": [" "], "little": ["homie"], "hermosa": ["el"], "school": ["its"], "clouds": ["to"], "alma": [" "], "level": ["right"], "did": ["i", "our"], "die": [" "], "gettin": ["clear", "down"], "try": ["an", " ", " ", " "], "hitek": ["yes"], "uh": ["what"], "small": ["act"], "round": ["ring", "of", " "], "yall": ["to", " "], "force": ["high", "you"], "leaders": ["we"], "colossal": ["true"], "streets": ["people", "is"], "crop": ["grows"], "past": ["the"], "rate": ["teacher"], "fabulous": ["raps", "life"], "click": [" "], "shining": ["like"], "jesus": ["mos"], "noonish": ["commin"], "what": ["a", "a", "else", "did", "im", " ", "the", "it", "you", "you", " ", "what", "you", "it", "you"], "primer": ["nombre"], "hide": ["like"], "sun": ["bust"], "liberty": ["it"], "onna": ["shell"], "above": [" "], "new": ["york"], "ever": ["sleep", "since"], "thin": ["but"], "body": [" ", "parts"], "kicked": ["one"], "stance": [" "], "never": ["thought", "met", "kissed", "touched"], "here": ["it", "the"], "pluto": [" "], "water": ["imported"], "met": ["your", "i"], "let": ["me", "me", "me"], "kilometers": ["most"], "epitome": ["of"], "iraq": [" "], "teacher": ["readin"], "change": [" "], "battlin": ["be"], "buck": ["down"], "bop": ["bop", " "], "didnt": ["love"], "kiandra": [" "], "walkin": ["the"], "soldier": ["in"], "amount": ["to"], "smoke": [" "], "que": ["si", "si", "si", "si"], "residents": ["heavy"], "mala": ["mas"], "struggle": ["wont"], "claro": ["que", "claro", "claro", "que", "claro", "claro", "que", "claro", "claro", "que"], "love": ["and", "have", "you", " ", "me", "me", "yall", "its", "you"], "danger": ["is"], "manage": [" "], "ekwelity": ["yo", " "], "singing": ["cant"], "from": ["the", "the", "where", "the", "pluto", "we", "outsanding", "up"], "proceed": ["us"], "iraqi": ["kid"], "give": ["us"], "pero": ["mi"], "two": ["three", "for"], "intense": [" "], "few": ["is", "fareally"], "live": ["man", "round"], "call": ["me", "me", "it", "it", "it", "me"], "weeping": [" "], "actin": ["like"], "type": [" "], "tell": ["them", "ya"], "more": ["than", "than", "on", "to"], "breathe": ["without"], "tryna": ["hide"], "babe": ["you"], "fareally": ["real"], "saber": ["lo"], "relax": ["riddle", "were"], "started": ["i"], "it": ["in", "so", "past", "in", "well", "right", "well", "is", "on", "non", "delivery", "vocab", " ", "all", "straight", "on", "bo", "bo", "back", "aint", "could", "gotta", "is", "you", "started", "was", "all", "was", "gotta", " ", "this", "a", "live", "off", "is", "what", "weak", "chump", "how", "on", "done", "at", "feels", "is"], "carrying": ["laundry"], "everywhere": ["penthouse"], "flac": ["pero"], "throw": ["it"], "mellow": ["down"], "hold": ["down", " "], "glad": ["wrapped"], "must": ["know"], "me": [" ", " ", "curious", "now", "and", "meditate", "demonstrate", "to", "the", "and", "thin", "on", "all", " ", " ", "pulling", "weeping", "smile", "cry", "smile", "cry", "mos", "up", "now", "tell", "now"], "none": [" "], "word": [" "], "mc": ["is"], "f": [" "], "this": ["stuff", "you", "prayer", "one", "fuckas"], "work": ["and"], "mi": ["primer", "vista", "casa", "alma"], "soul": ["is", " "], "niggaz": ["get"], "movies": [" "], "homie": ["you"], "can": ["fix", "see", "play", "call", "call", "give"], "embrace": [" "], "my": ["face", "bones", "flows", "presence", "oil", "country", "fabulous", "brooklyn", "presence", "name", "crop", "life", "liberty", "name", "first", "sight", "house", "dreams", "soul", "friends", "chest", "mind"], "dee": ["da", " "], "def": ["and", "and", "and", "and"], "history": [" "], "brown": [" "], "raps": ["la"], "fuck": ["out", "that", "i"], "war": ["and"], "high": ["level"], "pushed": ["it"], "heaving": [" "], "pulling": ["over"], "want": ["to", " ", " ", "none", "some", "yall", " "], "bones": ["black"], "sharp": [" "], "keep": ["on", "on", "it"], "siren": [" "], "court": [" "], "sit": ["still", "and"], "sent\u00ed": ["tu"], "how": ["im", "could", "feel", "you", "biggie", "hard", "i", "i", "it", "hard", "hard"], "stupidity": ["livin"], "vital": ["form", "force"], "party": ["in"], "rewind": ["on"], "nombre": ["es"], "proof": [" "], "mas": [" ", "cercana", " "], "laundry": ["whats"], "beauty": ["the"], "believers": [" "], "after": ["this"], "wrong": ["g"], "calidad": ["no"], "chump": [" "], "end": ["it", "crying"], "grow": ["weary"], "man": [" ", " ", "i"], "a": ["beat", "word", "vital", "small", "giant", "shell", "soldier", "young", "rush", "roundhouse", "pity", "bitch", "visionary", "way", "emcee", "snotnosed", "history", "cypher", "pussy", "few", "few", "secret", "dangerous", "bboy", "live", "dum", "flow", "foundation", "one"], "short": ["hand"], "third": ["rate"], "read": ["us", "the"], "light": ["turn", "in"], "feels": [" "], "wyahhhhh": [" ", " "], "si": ["la", " ", " ", " "], "frontin": [" "], "so": ["passionate", "real", "clearly", "wide", "dangerous", "relax", "sinserious", "much", "much", "brown", "round", "down", "my", "fucking", "much", "just", "i", "listen", "just"], "jungle": ["with"], "pay": [" "], "tall": ["lead"], "make": ["a", "me", "me", "the", "em", "no"], "scents": ["is"], "standin": ["on"], "over": ["kicked", "getting"], "wishing": ["for"], "soon": ["bye"], "entity": ["within"], "course": ["it", "of", "of", "yes", "of", "of", "yes", "of", "of", "yeslyrics", "im"], "mistake": ["you"], "through": ["the", "the", "your"], "tyrant": [" "], "signs": ["in"], "still": [" ", "fifty", "sippin"], "its": ["too", "really", "volumes", "the", "ghetto", "intense", "kind", "a", " ", "like", "bullet", "the", "the", "the", "like"], "before": ["i"], "ima": ["see"], "police": ["be"], "till": ["his", "they"], "lo": ["sent\u00ed"], "fix": ["our"], "hot": ["mama"], "crew": ["or"], "better": ["worse", "think"], "production": ["and"], "pussy": ["freeze"], "covered": ["with"], "bye": [" "], "then": ["take", "what"], "non": [" "], "good": ["jesus"], "somebody": ["in"], "yo": ["from", "tell"], "food": ["black", "that"], "nada": ["mas"], "shatter": ["and"], "woulda": ["never"], "feelin": ["like"], "conquer": ["it"], "they": ["goin", "dimmin", "focus", "walk", "well", "glad", "sellin", "paint", "was", "shot", "hear", "cant", "cant", "need"], "half": ["of"], "not": ["just", "the", "the", "hustlin", "a"], "magic": ["and"], "now": ["the", "we", "the", "im", " ", " ", "make", "make", " ", " ", " ", " "], "day": [" ", "brooklyn"], "wont": ["find", "peep"], "name": ["is", "in", "is", "is", "the"], "always": ["on", "been"], "drop": ["they", "the"], "truth": [" "], "rock": ["it", "it", "flows", "on", "on"], "went": ["from", "from"], "em": [" ", "up", "say"], "el": ["apellido", "pay", "peligro"], "regiments": [" "], "distinto": ["claro"], "gunna": ["manage"], "house": ["my"], "hard": ["to", "you", "you", "you"], "our": ["differences", "believers", "love"], "whip": [" "], "really": ["no", "real", "sinking"], "nigga": ["ima"], "god": [" "], "since": ["i"], "miles": ["or"], "got": ["to", "me", "me"], "cause": ["all", "its", "in"], "math": ["of"], "ass": ["so"], "foundation": ["that"], "bass": ["no", " "], "eternal": ["reflection"], "guess": ["i"], "projectile": ["that"], "surely": ["hope"], "york": ["city"], "put": ["me"], "teach": ["it"], "snotnosed": [" "], "g": ["hungry"], "launch": ["jeans"], "steal": [" "], "could": ["knock", "be", "all", "forget"], "mac": ["its"], "times": ["are"], "motion": ["they"], "turn": ["sharp"], "place": [" "], "swing": ["round"], "loud": ["like"], "think": ["your", "you", "again"], "first": ["to", "name"], "already": ["be"], "dont": ["hear", "know", "understand", "believe", "know", "want"], "feel": ["sometimes", "it", "me", "it", "your", "me", "how"], "relate": [" "], "one": ["of", "two", "with", "who", "who", "man", " ", "for", "what", " ", "for"], "done": ["properly", " "], "bitch": ["already"], "another": ["planet"], "suttins": ["tryna"], "ring": ["out"], "quality": ["no"], "blunts": ["is"], "city": ["where", "quality"], "wishin": ["well"], "their": ["middle"], "top": ["your"], "paint": ["murals"], "master": ["disk"], "too": ["hard", "much", "deep"], "storm": ["vital"], "rockin": ["ya", "on", "with"], "hundred": ["and"], "bitter": ["hate"], "listen": ["let"], "eyes": ["go"], "shell": [" ", " "], "hustlin": ["and"], "apellido": ["el"], "that": ["i", "we", "them", "be", "bound", " ", "most", "is", "i", "i", "made", "made", "come", "they"], "exactly": ["how"], "wrapped": [" "], "jordan": [" "], "kept": [" "], "believe": ["here", "that", "it"], "yeslyrics": ["submitted"], "than": ["a", "a"], "vocab": ["and"], "mercy": [" "], "kind": ["of"], "gotta": ["feel", "be", "be"], "tree": ["at", "scents"], "submitted": ["by", "by"], "nations": ["gotta"], "karate": ["or"], "matter": ["how", "what", "how", "how"], "carted": ["away"], "apples": ["im"], "maybe": ["you"], "feeling": ["stranded"], "bethlehem": ["and"], "and": ["the", "the", "its", "curb", "bring", "the", "curb", "always", "rockin", "come", "lookin", "in", "they", "peace", "true", "not", "not", "kweli", "nazareth", "maybe", "talkin", "treys", "talib", "talib", "biggie", "bubblin", "what", "other", "assume", "sixty", "repeat", "then", "read", "kweli", "life", "change", "feel", "there", "scama", "when", " ", "im", "i", "the", "you", "you", "all", "raw", "you", "how", "its", "earthquake", "i", "some", "we"], "mind": ["grow", "is", " ", " "], "talib": ["kweli", "kweli", "kweli"], "raw": ["voice", "till"], "say": ["a", "about", " ", "hitek", "j", "youre", "black", " ", " "], "fighting": ["tears"], "have": ["mercy", "thought", "to"], "need": ["for", "some", "to", "to"], "clearly": ["sometimes", "remind"], "bastard": [" "], "scriptures": ["when"], "mic": [" ", " "], "gatherin": [" "], "peligro": ["distinto"], "shocked": ["a"], "chest": ["heaving"], "take": ["everything", "the", "it", "us"], "nazareth": [" "], "cyrano": [" "], "mis": ["conception", "sue\u00f1os"], "andante": [" ", "the"], "even": ["fucking"], "play": ["us"], "bubblin": [" "], "moms": ["come"], "visionary": [" "], "most": ["of", "cats"], "hiphop": [" ", " ", " ", "wyahhhhh", "wyahhhhh"], "plenty": ["cats"], "nothing": ["else"], "imported": ["from"], "mommies": ["want"], "why": ["not"], "grave": ["tall", "talkll"], "forever": ["deep"], "considered": ["like"], "undeniable": ["spread"], "clear": ["and"], "sometimes": ["its", "i", "ya"], "flow": [" ", " "], "hungry": [" "], "face": ["but", "like", "so"], "looked": ["what"], "cambio": [" "], "luz": ["en"], "came": ["to", "to"], "shot": ["tupac"], "lyrics": ["like"], "kweli": ["close", "ekwelity", "from", " ", " ", "just"], "random": ["kid"], "fifty": ["cents"], "bring": ["down"], "takin": ["it", "it"], "find": ["em"], "aint": ["about", "even", "no", "no"], "dimmin": ["down"], "giant": ["lopsided"], "blowin": ["smoke"], "jaw": ["drop"], "enough": [" "], "bust": ["through"], "being": ["kept"], "tears": ["that"], "arabian": ["barkin"], "black": ["im", "you", "you", "bastard", "star"], "touched": ["i"], "pretty": [" ", "babies", "mommies"], "teary": ["the"], "hope": [" ", "that"], "do": ["it", " ", " "], "his": ["moms"], "dominant": ["cant"], "get": ["fuck", "carted", "it", "em", "enough", "it"], "beat": [" ", "the", "to"], "stop": ["actin", "us", "us"], "da": ["dee"], "awww": [" "], "meditate": ["set"], "perfection": ["ever"], "him": [" ", "and", "flow"], "ghetto": ["life", "life", "fabulous", "world"], "conclusion": [" "], "held": ["up"], "cry": [" ", " "], "dante": ["one"], "patch": [" "], "stuff": [" ", "how"], "dangerous": ["theres", "to", "necessity"], "murals": ["of"], "grab": ["him"], "where": ["penthouse", "brooklyn", "they", "the", "we", "they", "were"], "roundhouse": ["from"], "set": ["it"], "guerra": ["y"], "ends": [" "], "freeze": ["up"], "see": ["that", "your", "you", " ", "how"], "are": ["so", "so", "rockin"], "close": ["like"], "best": ["alliance"], "said": ["one", "manhattan"], "cheaters": [" "], "away": [" "], "bien": ["es"], "r": ["harrison"], "pistol": ["this"], "across": [" ", " "], "wide": ["awake"], "we": ["can", "say", "be", "trust", "came", "discussin", "the", "come", "will", "gonna", "aint", "met", "never", "never", "never", "rock"], "receivers": [" "], "bump": [" ", " "], "were": ["takin", "livin", "so"], "weak": [" "], "weary": [" "], "answers": [" "], "rooftop": ["with"], "fuckas": ["got"], "come": ["relax", "grab", "to", "through", "back", "back", "to", "from"], "blasted": ["with"], "pity": ["blunts"], "wingsll": ["force"], "last": ["of", "name"], "country": [" "], "jokers": ["dont"], "breakin": ["on"], "talkll": ["lead"], "quiet": ["storm", "type"], "incense": [" "], "prayer": ["is"], "lookin": ["at"], "rawls": ["yes"], "whole": ["and"], "vida": ["amor"], "riddle": ["of"], "expressin": ["my"], "distancia": [" "], "stuck": ["in"], "jeans": ["and"], "makin": ["it", "me"], "walk": ["off", "over"], "discussin": [" "], "distrust": ["feelin"], "townhouse": ["to"], "trust": ["cause"], "speak": ["it", "volumes"], "quit": [" "], "dum": ["dum", "bop"], "hay": ["nada"], "apostle": [" "], "three": [" ", "hundred", "for"], "been": ["true"], "earthquake": ["proof"], "tenaments": [" "], "secret": ["so"], "much": ["violence", "more", "more", " "], "damn": ["food", " "], "pissed": ["upon"], "whod": ["have"], "hardly": ["ever"], "shoulders": ["the"], "enable": ["me"], "eastern": ["instruments"], "elvis": ["of"], "wounds": [" "], "else": ["we", " "], "buyin": ["apples"], "understand": ["it"], "6x": ["spread"], "scama": [" "], "an": ["chill", "elvis", "asterisk"], "those": ["that"], "chill": ["mellow"], "cypher": ["will"], "conception": [" "], "look": ["pretty"], "these": ["cats", "jokers"], "straight": ["came", "out"], "cash": ["we"], "will": ["complete", "ease"], "evening": ["im"], "cannot": ["proceed"], "joke": [" "], "voice": ["is"], "cock": ["crows"], "theres": ["no"], "penthouse": ["pavement", "pavement"], "seven": ["eighteen"], "cents": ["its"], "is": ["a", "the", "so", " ", "passionate", "still", "dominant", "kweli", "short", "featherweight", "like", "bulletproof", "in", "jaci", "different", "the", "being", "for", "nothing", "gonna", "really", "what", "what"], "walks": [" "], "them": ["blasted", "where", " "], "readin": ["and"], "middle": ["of", "eastern", "of"], "cant": ["be", "hold", "believe", "get", "call", "call", "get", "stop", "hold", "stop", "deny", "deny", "deny", "deny"], "pressing": ["rewind"], "im": ["so", "every", "a", "like", "breakin", "gunna", "the", "cyrano", "so", "asking", "just", "in", "so", "too", "up", "reaching", " ", "rockin"], "in": ["the", "my", "the", "arabian", "a", "cash", "the", "rca", "hiphop", "hiphop", "the", "the", "miles", "the", "the", "like", "court", " ", "the", "the", "the", "the", "the", "the", "the", "the", "a", "fronting", "fronting"], "if": ["we"], "obituary": [" "], "different": ["of"], "sippin": ["wishin"], "tupac": ["and"], "sellin": ["tree"], "things": ["are", "that"], "thinkin": ["mc", "we"], "milliliters": ["for"], "who": ["walks", "pays", "your", "i"], "ya": ["dont", "mind", "ass", " "], "parts": ["and"], "babies": ["up"], "outsanding": ["to"], "grows": ["enable"], "oil": ["get"], "sade": [" "], "again": ["you"], "upon": ["wounds"], "flows": ["forever", " "], "hand": ["for"], "bulletproof": ["like"], "necessity": ["its"], "featherweight": ["let"], "kid": ["awww", "considered", "believe", "you"], "dark": ["wishing", "and"], "off": ["in", "my"], "reflection": [" "], "i": ["feel", "try", "speak", "push", "feel", "hardly", "breath", "say", "swing", "pissed", "dont", "knew", "said", "said", "was", "want", "know", "know", "knew", "need", "woulda", "guess", "better", "know", "looked", "see", "knew", "know", "cant", "keep", "were", "wish", "wish", "wish", "swear", "wish", "didnt", "wish", "could", "wish", "wish", "rock", "start", "am", "do", "drop", "always", "know"], "expression": ["on"], "youre": ["ruling", "ruling", "ruling"], "well": [" ", " ", "say", "wished", "water"], "nothin": [" "], "thought": ["they", "damn"], "without": ["hope", "a"], "y": ["vida", "cambio", "no"], "spittin": ["the"], "the": ["way", "streets", "motion", "focus", "light", "eyes", "mind", "bass", "grave", "lions", "siren", "tyrant", "world", "struggle", "sun", "clouds", "grave", "mac", "patch", "middle", "whip", "damn", "kid", "first", "last", "whole", "half", "math", "townhouse", "tenaments", "evidence", "police", "eternal", "conclusion", "streets", "column", "quiet", "tiptop", "cock", "rooftop", "zulu", "shit", "wingsll", "entity", "industry", "epitome", "middle", "real", "jungle", "leaders", "lions", "cheaters", "one", "last", "one", "beauty", "danger", "truth", "light", "distance", "really", "movies", "touch", "shit", "end", "ends", "other", "magic", "road", "dark", "answers", "fuck", "signs", " ", "road", "evening", "dark", "things", "shit", "beat", "bump", "treble", "pretty", "place", "party", "mic", "world", "mic", "pretty", "jewel", " ", "undeniable", "brooklyn", "beat", "treble", "bass"], "smoked": ["buddha", "out"], "ll\u00e1mame": ["flac"], "whaaaaaaaoohhhh": [" "], "listening": ["to"], "just": ["take", " ", "dont", "stuck", "love", "want", "who", "love"], "redhook": ["where"], "true": ["follow", "original", " "], "accurate": ["assassin"], "verdad": [" "], "harrison": ["throw"], "ol": ["biggie"], "touch": ["hot"], "yes": ["youre", "youre", " ", " "], "quiero": ["saber"], "wed": ["come", "come"], "ease": ["up"], "barkin": ["other"], "spread": ["love", "love", "love"], "crying": ["like"], "gestapo": [" "], "real": [" ", "one", " ", " ", "niggaz"], "livin": ["at", "my"], "zulu": ["gestapo"], "mos": ["def", "def", "def", "love"], "gonna": ["relate", "conquer"], "arab": ["jaw"], "bboy": ["apostle", "stance"], "know": ["it", "it", "here", "karate", "and", " ", " ", "i", "more", " ", "it", "now", "you", "make", " ", "exactly"], "strivin": ["for"], "world": ["is", "wanna", "i"], "sinserious": ["about"], "dreams": ["my"], "knock": ["a"], "like": ["the", "i", "surely", "an", "bethlehem", "an", "a", "battlin", "sade", "a", "he", "you", "im", "launch", "me", " ", "one", "a", "one"], "future": ["in", "in"], "51": ["of"], "manhattan": ["keep"], "chorus": ["mos"], "remind": ["him"], "pavement": ["and", "and"], "amor": ["y"], "passionate": ["times", " "], "right": ["across", "across"], "people": ["breathe", "thinkin", "follow"], "fucking": ["friends", "fly"], "some": ["random", "shit", "ol", " ", "go", "go"], "back": ["redhook", " ", " "], "crows": ["my"], "sight": ["my"], "respect": ["a"], "curious": ["a"], "lead": ["you", "you"], "gimme": ["my", "one"], "thats": ["what"], "everything": ["why"], "pen": ["pushed"], "cradle": ["to", "to"], "buddha": ["with"], "connectin": ["like"], "be": ["pressing", "gatherin", "at", "at", "covered", "careful", "a", "a", "strugglin", "your", "done", "more"], "knew": ["hed", "it", "then"], "reaching": ["in"], "bo": ["brooklyn", " "], "bk": ["do"], "strugglin": ["not"], "sixty": ["milliliters"], "peep": ["it"], "by": ["jordan", "kiandra"], "on": ["my", "a", "a", "time", " ", "another", "their", "top", "to", "makin", "takin", "the", "this", "the", "the", "your", "some", "the", "the", "get", "no"], "about": ["noonish", " ", "production", "it", "the"], "commin": ["out"], "ok": ["now"], "getting": ["smoked"], "column": ["of"], "of": ["the", "iraq", "this", "my", "baghdadlyrics", "it", "it", "it", "biggie", "these", "obituary", "dangerous", "spittin", "stupidity", "ekwelity", "course", "course", "course", "course", "course", "course", "course", "course", "course", "course", "course"], "industry": ["without"], "violence": ["in"], "fightin": [" "], "brooklyn": ["residents", "whaaaaaaaoohhhh", "new", "keep", "way", "way"], "swear": ["to"], "act": ["could"], "assassin": ["shit"], "wanna": ["dance"], "or": ["scriptures", "think", "click", "some", "kilometers"], "emcee": [" "], "treble": [" ", "two"], "heavy": ["regiments"], "alliance": ["in"], "whats": ["wrong"], "presence": ["speak", "felt"], "instruments": [" "], "within": ["the"], "bound": ["to"], "down": ["blowin", "they", "the", "on", " ", " ", "like"], "en": ["la"], "couldnt": ["read"], "your": ["master", "body", "soul", "name", "day", "crew", "receivers", "embrace", "face", "face", "listening"], "sue\u00f1os": ["mi"], "breath": ["on"], "yea": ["the"], "treys": ["what"], "there": ["is", "aint", "aint"], "abrazo": [" "], "mama": [" "], "hed": ["amount"], "start": ["your", "a"], "cats": ["is", "be", "they", "cannot"], "lions": ["raw", "you"], "way": ["i", "to", " ", "cant"], "was": ["the", "frontin", "a", "trouble", "all"], "rca": ["get"], "complete": ["us"], "form": ["pen"], "differences": ["soon"], "deny": ["no", "cant", "cant", " "], "but": ["its", "my", "fuck", "late", "you"], "delivery": ["is"], "properly": [" "], "hear": ["me", "him"], "lawwwwd": ["lawd"], "line": ["for", "good"], "with": ["accurate", "incense", "your", "body", "the", " ", "lyrics", "the", "bitter", " ", " "], "he": ["was"], "rush": [" "], "made": ["me", "me"], "biggie": [" ", " ", "gimme", "say"], "la": ["dee", "hermosa", "verdad", "luz", "distancia"], "j": ["rawls"], "eighteen": ["dante"], "up": ["thinkin", " ", "with", "my", "in", "above", " ", " "], "us": [" ", "if", "and", "and", "home", " ", "now", "now", "a"], "planet": [" "], "lawd": ["have"], "ruling": ["hiphop", "hiphop", "hiphop"], "demonstrate": [" "], "tiptop": [" "], "distance": [" "], "jacin": ["andante"], "stranded": [" "], "universal": ["ghetto", "ghetto"], "am": ["and"], "life": ["holla", "holla", "look", " ", "love"], "deep": [" ", "in"], "evidence": ["where"], "fly": [" "], "sometime": ["i"], "curb": [" ", " "], "at": ["me", "to", " ", " ", " ", "every"], "mejor": ["mala"], "home": ["and"], "kissed": [" "], "shit": [" ", " ", "straight", "is", "that"], "holla": ["black", "black"], "vista": ["mi"], "lopsided": [" "], "no": ["joke", "nations", "need", "gimme", "mejor", "hay", "better", "matter", "future", "matter", "matter", "future", " ", "mistake"], "peace": ["and"], "when": ["i", "the", "it", "i", "we"], "other": ["stuff", "cats", "brothers", "end"], "es": ["jacin", "mas"], "you": ["feel", "onna", "know", "on", "know", "dont", "take", "be", "must", "can", "in", "think", "the", "to", "smoked", "the", "can", "got", "know", "put", "in", "know", "on", "and", "so", "f", "want", "can", "can", "want", "cant", "cant", "need", "know", "know", "try", "cant", "do", "try", "cant", "try", "can", "want", "are"], "out": ["and", "the", "my", "the", " "], "talkin": ["about", "loud"], "nice": ["and"], "repeat": ["us"], "star": ["come"], "brothers": ["just"], "felt": ["my"], "asterisk": ["for"], "friends": [" ", " "], "goin": ["through"], "baghdadlyrics": ["submitted"], "for": ["fightin", "all", "mis", "perfection", "all", "line", "them", "the", "the", "the", "the", "the"], "bullet": ["shatter"], "assume": ["im"], "jewel": [" "], "warm": ["to"], "volumes": ["or", "before"], "time": ["and"], "push": ["it"], "awake": [" "], "original": ["bboy"]}