{"knockers": ["pealin"], "all": ["apes", "these", "else", "black", "gone", "have", "my", "my", "the", "my", "my", "my", "gone", "have", "my", "my", "the", "my", "my", "my"], "cameras": ["peepin"], "broke": ["smokes"], "hats": ["snorkels", "snorkels"], "trife": ["life", "life"], "foul": [" ", "but", " ", "but"], "themes": ["to", "to"], "baby": [" ", " ", " ", " ", " ", " ", " ", " ", " ", " ", " ", " "], "welfare": ["supporters", "supporters"], "go": ["where", " ", "in", "downtown", "down", "in", "downtown", "down", "to"], "14th": ["thats"], "hate": ["him"], "children": [" "], "row": ["then"], "drinkin": ["or", "or"], " ": ["pushin", "youngest", "that", "yeah", "homicide", "thats", "cause", "was", "cause", "watchin", "the", "acuras", "live", "wearin", "so", "but", "the", "rikers", "the", "and", "the", "rikers", "the", "and", "political", "in", "we", "needles", "theres", "war", "they", "the", "beat", "and", "in", "we", "where", "your", "and", "niggaz", "thats", "back", "the", "just", "turnin", "and", "war", "from", "the", "even", "take", "even", "i", "my", "do", "you", "im", "still", "hate", "plus", "so", "cause", "they", "i", "another", "crooks", "holla", "working", "and", "rocking", "now", "used", "come", "all", "and", "i", "i", "tell", "from", "to", "thats", "thats", "thats", "thats", "i", "by", "so", "i", "thats", "im", "blocking", "first", "but", "they", "my", "forgetting", "still", "try", "they", "if", "with", "i", "so", "you", "im", "no", "im", "intro", "will", "imagine", "imagine", "lifestyle", "no", "days", "feeling", "the", "its", "trooping", "of", "designer", "your", "no", "just", "i", "watch", "if", "id", "could", "be", "if", "still", "these", "the", "cash", "brand", "the", "trees", "so", "the", "open", "but", "seeing", "trickin", "trips", "gimme", "political", "no", "feel", "i", "it", "id", "if", "id", "could", "be", "if", "still", "these", "and", "well", "well", "well", "youd", "duck", "runnin", "these", "wait", "tryin", "millionaire", "makin", "cause", "still", "if", "i", "it", "strictly", "i", "better", "if", "id", "could", "be", "if", "still", "these", "if", "id", "i", "black", "could", "be", "if", "still", "these", "if", "if", "black", "black", "if", "if", "i", "intro", "will", "imagine", "imagine", "lifestyle", "no", "days", "feeling", "the", "its", "trooping", "of", "designer", "your", "no", "just", "i", "watch", "if", "id", "could", "be", "if", "still", "these", "the", "cash", "brand", "the", "trees", "so", "the", "open", "but", "seeing", "trickin", "trips", "gimme", "political", "no", "feel", "i", "it", "id", "if", "id", "could", "be", "if", "still", "these", "and", "well", "well", "well", "youd", "duck", "runnin", "these", "wait", "tryin", "millionaire", "makin", "cause", "still", "if", "i", "it", "strictly", "i", "better", "if", "id", "could", "be", "if", "still", "these", "if", "id", "i", "black", "could", "be", "if", "still", "these", "if", "if", "black", "black", "if", "if", "i", "they", "much", "the", "we", "they", "much", "the", "what", "we", "powdered", "the", "gotta", "schools", "summers", "yeah", "where", "to", "aluminium", "little", "girls", "they", "but", "descendant", "put", "do", "no", "my", "that", "savers", "my", "bought", "spit", "toast", "have", "but", "between", "they", "but", "like", "no", "verse", "my", "but", "they", "i", "yep", "they", "they", "so", "cause", "they", "still", "ill", "youll", "they", "so", "on", "in"], "glimpse": ["into", "into"], "paris": ["i", "i"], "hunger": ["for", "for"], "father": ["askin"], "young": ["when"], "send": ["em", "em"], "suits": ["persuade"], "to": ["bat", "stay", "play", "pull", "the", "wear", "buyin", "prove", "my", "singsing", "know", "forgive", "believe", "be", "see", "chilling", "make", "stores", "court", "be", "crash", "raise", "the", "paris", "lavish", "willies", "go", "africa", "the", "the", "the", "the", "hear", "let", "get", "keep", "the", "court", "be", "crash", "raise", "the", "paris", "lavish", "willies", "go", "africa", "the", "the", "the", "the", "hear", "let", "get", "keep", "the", "ignore", "ignore", "heat", "go", "school", "see", "government", "string", "get", "father", "fatter", "scatter", "this", "find", "riches"], "peachtree": ["atlantic"], "under": ["i", "i"], "women": ["talk"], "veterans": ["instead"], "skis": [" ", " "], "afros": [" "], "antennas": [" "], "fly": ["sneakers"], "callin": ["in", "it"], "cruising": ["blue", "blue"], "string": ["us"], "torture": ["us"], "pumpin": ["super"], "caught": ["the"], "anglosaxon": [" ", " "], "squeaked": ["for"], "sons": ["i", "i", "i", "if", " ", "i", "i", "i", "if", " "], "every": ["time", "september", "savage", "girl", "cell", "savage", "girl", "cell", "scene", "week"], "jack": ["city"], "confederate": ["flags"], "telling": ["bob"], "word": [" ", " "], "little": ["tv"], "condition": ["our"], "school": ["with"], "level": ["its"], "forth": ["scrambler", "scrambler"], "joel": [" "], "gettin": ["blunted", "chased", "chased"], "brother": ["jung"], "try": ["to", "telling"], "these": ["shorties", "talented", "snakes", "last", "last", "are", "last", "last", "snakes", "last", "last", "are", "last", "last"], "nigger": ["callin"], "small": ["circle"], "ride": ["one", "right"], "yall": ["to", "from"], "clothes": [" ", "til", "lacing", "lacing"], "sacrificial": ["position"], "villa": ["house", "house"], "phones": ["squeaked"], "streets": [" ", "without", "without", "torn"], "190": ["black"], "boots": ["yellin"], "breakers": ["were"], "persuade": ["us"], "mayor": ["the", "the"], "click": ["up", "rollin", "up", "rollin"], "depression": ["make", "make"], "even": ["if", "when"], "cheeses": [" "], "what": ["they", "i", "i", "i", "i", "they", "the", "the", "the", "you", "i", "up"], "christ": [" "], "chicago": ["loaded"], "sun": [" ", " ", " ", " ", " ", " ", " ", " "], "fingers": ["up"], "cell": ["in", "in"], "eventually": [" ", " "], "crackheads": ["was"], "new": ["ideas", "whips", "whips", "razors", "jack"], "guns": ["in"], "told": ["to", "what", "foul", "foul"], "body": ["right"], "toast": ["to"], "hero": [" ", " "], "chose": [" "], "herb": [" ", " "], "never": ["lived", "see", "see"], "here": ["for", "doe"], "youngest": ["gorillas"], "them": ["years", "shorties", "angels"], "rubbers": ["go", "go"], "sing": ["whats"], "strong": ["and"], "wait": ["i", "i"], "digits": ["on", "on"], "boy": ["fila"], "kids": [" ", "in", "in"], "tapes": ["the"], "pearls": ["black", "if", "black", "if"], "m3s": ["and", "and"], "step": ["toward"], "resurrect": ["your"], "trial": [" ", " "], "products": [" "], "bob": ["dylan"], "pushin": ["droptops"], "makes": ["me"], "thats": ["when", "when", "what", "what", "what", "what", "my", "why"], "love": ["him", "em", "em", "em", "em", "to", "em", "em", "em", "em", "em", "em", "em", "em", "em", "em", "em", "to", "em", "em", "em", "em", "em", "em", "em"], "trickin": ["six", "six"], "africa": ["be", " ", " "], "shark": ["suits"], "commandments": ["like"], "wit": ["it"], "cities": ["and", "and"], "duck": ["down", "down"], "gorillas": ["up"], "should": ["mean"], "armed": ["forces"], "use": ["the"], "wanted": ["everything"], "from": ["prison", "greene", "hennys", "nine", "going", "jake", "jake", "the", "skinny"], "takes": ["two"], "working": ["like"], "prove": ["we"], "always": ["put", "have", "know"], "gloss": ["big"], "arms": ["of"], "asses": ["bustin"], "camera": [" ", " "], "music": ["i"], "strike": ["like", "like"], "tryin": ["to", "to", "to"], "angels": ["open"], "tell": ["them"], "today": ["in", "in", "in", "in", "in", "in", "in", "in"], "more": ["cream", "clean", "clearly", "conscious", "conscious", "still", "but", " "], "shine": [" ", " ", " ", " ", " ", " ", " ", " "], "diamond": ["vogues", "vogues", "rings"], "door": ["knockers", "for", " "], "supporters": ["more", "more"], "lungs": ["was"], "started": ["disintegratin"], "company": ["in"], "askin": ["for"], "hurt": ["you"], "downtown": [" ", " "], "jealousies": ["or", "or"], "train": ["robbing"], "beers": ["and"], "lemons": ["we"], "cuttin": ["hard"], "robbing": ["face"], "cases": [" "], "outdated": ["books"], "blocking": ["yall"], "velour": ["in"], "me": ["a", "the", "ima", "so", " ", " ", "under", "vision", "under", "vision", "from", "beside", " ", " "], "join": ["the"], "wouldnt": ["be", "be"], "wearin": ["lip", "police"], "shorties": ["here", "comin"], "this": ["history", "niggers", "is", "paper", "day"], "car": ["show", "seats", "seats"], "mo": ["time"], "work": [" ", " ", "release", "release"], "soul": [" "], "niggaz": ["swing", "used", " ", "in"], "hardest": ["thing"], "nine": ["berettas"], "era": ["guns"], "island": ["bustin", "bustin"], "meet": ["to", "to"], "my": ["pants", "fade", "generation", "niggaz", "stomach", "heart", "lungs", "lids", "niqqas", "dream", "lawyers", "waters", "son", "sons", "sons", "sons", "sons", "sons", "waters", "son", "sons", "sons", "sons", "sons", "sons", "abbreviation", "changes", "chest", "mouth", "cars", "fingers", "nig", "nig", "old", "backup", "enemies", "front", "brother"], "scatter": ["they"], "history": ["dont", "or"], "heart": ["and"], "casanova": [" "], "plate": [" ", "knowledge", "knowledge"], "benz": [" ", "stretches", "stretches"], "fuck": [" ", " "], "muay": ["thai"], "fortunes": [" "], "homie": ["hasslin"], "want": [" ", "us", "a", "us", "a"], "incarnates": ["headed"], "vogues": [" ", " "], "evidently": [" ", " "], "homicide": ["and"], "summers": ["coolin"], "court": ["with", "with", "could"], "dreads": ["at"], "thing": [" ", "is", "as", "as"], "dinners": [" "], "six": ["digits", "digits"], "fame": [" "], "chemical": ["afros"], "how": ["we", "the", "we", "the"], "hot": ["my", "my"], "answer": [" "], "instead": ["of"], "scholars": ["long"], "wigs": [" "], "designer": ["clothes", "clothes"], "blocks": ["where"], "waters": [" ", " "], "hogtied": ["the"], "prisonner": ["set", "set"], "wrong": ["but"], "lay": ["on"], "waves": ["obeyin"], "such": ["thing", "thing"], "law": ["with", "with"], "grow": ["yearly"], "lids": [" "], "man": ["this", "with"], "a": ["uncanny", "lot", "barrel", "hero", "hero", "g", "pimp", "gangsta", "hustler", "cobra", "plate", "glimpse", "nigga", "q45", "cobra", "plate", "glimpse", "nigga", "q45", "slave", "bag", "growth", "sacrificial", "tendency", "seat", "small"], "somethin": ["is"], "stress": ["free", "free"], "conscious": ["of", "of"], "coretta": ["scottking", "scottking"], "sit": ["and", "on"], "bugs": [" "], "rollin": [" ", " "], "jail": [" ", "for"], "classy": [" "], "dream": [" "], "wind": ["breeze", "breeze"], "wine": ["cellars"], "chicks": ["be"], "ger": ["we", "we"], "owl": ["plus", "plus"], "september": ["14th"], "over": ["these", "these", "chorus"], "years": ["go", "of", "of"], "course": ["ive"], "papes": [" ", " "], "paper": ["money", "dont"], "dough": ["no", "no"], "slicin": ["my"], "razors": ["in", "slicin"], "still": ["packed", "enjoyin", "packed", "enjoyin", "a", "blazin", "rockin", "see", "see", "see", "in", "livin", "holdin", "livin", "nobody", "livin", "livin", "livin", "holdin", "livin", "nobody", "livin", "livin", "we", "we", "cut", "to"], "its": ["wrong", "elementary", "elementary", "not", "necessary"], "tendency": ["to"], "before": ["my", "your", "your", "colleges"], "ima": ["rip", "drop"], "beside": ["me"], "laced": ["flip", "flip"], "apes": [" "], "police": ["uniforms"], "garbage": ["wed", "wed"], "la": ["and"], "cleanest": ["rapper"], "dancin": ["to"], "winning": [" "], "better": ["livin", "find", "livin", "find"], "skinny": ["to"], "choose": ["to", "to"], "fade": [" "], "whips": ["to", "to"], "covered": ["in"], "then": ["out", "we", "well", "we", "well"], "cee": ["and"], "someone": ["to"], "affected": ["from"], "yo": ["i", "because"], "3": ["over"], "cem": [" "], "safe": [" ", " "], "bought": ["patterns"], "mention": ["our"], "rebel": ["since"], "they": ["clothes", "earlobes", "herb", "herb", "torture", "wont", "nose", "hair", "used", "know", "want", "looking", "shut", "fear", "said", "cant", "can", "want", "eyes", "want", "eyes", "say", "say", "gave", "used", "been", "see", "got", "aint", "callin", "say"], "half": [" "], "not": ["for", "evidently", "evidently", "unusual", "behind"], "now": ["them", "they", "my"], "killed": [" "], "bigger": ["fortunes"], "wont": ["be"], "worlds": ["hot", "hot"], "potatoes": ["makin"], "drop": ["it"], "payed": ["ancestral"], "billy": ["joel"], "morris": ["was"], "moses": ["lost"], "holdin": ["dough", " ", "dough", " "], "die": ["their"], "xclan": ["hair"], "went": ["broke"], "side": [" "], "mean": ["it", "the"], "em": ["what", "love", "baby", "to", "love", "baby", "em", "baby", "love", "baby", "love", "baby", "love", "baby", "love", "baby", "to", "love", "baby", "em", "baby", "love", "baby", "love", "baby", "love", "baby"], "snakes": ["strike", "strike", "like"], "weight": [" ", " "], "generation": ["when"], "colder": [" ", " "], "turnin": ["nothin"], "hard": ["work", "coke"], "yeah": ["xclan", "its", "im"], "books": ["we"], "doug": ["morris"], "our": ["blackness", "daughters", "daughters", "diesel", "condition", "history"], "girl": ["i", "i"], "out": ["in", "of", "for", "of", "of", "before", "what", "of", "of", "before", "what", "my"], "living": ["longevity", "longevity"], "wondered": ["was"], "peepin": ["us"], "god": ["work", "does", "loves", "support", "son"], "since": ["back", "the"], "diesel": ["need"], "looking": ["for"], "hill": ["singing", "singing"], "paradise": ["like", "like"], "got": ["god", "not", "not", "my", "a"], "cause": ["or", "ray", "yo", " ", "they", "you", "you", "anytime"], "dreamin": ["of"], "shut": ["down"], "cars": ["homes"], "forgive": ["but"], "free": ["all", "at", "stress", " ", "all", "all", "all", "all", "all", "at", "stress", " ", "all", "all", "all", "all"], "felonies": [" ", " "], "struggle": ["and"], "imagine": ["smoking", "going", "law", "smoking", "going", "law"], "put": ["rims", "myself"], "weed": ["in", "in"], "beginning": [" "], "rikers": ["island", "island"], "cheers": ["go"], "g": [" "], "could": ["see", "beat", "it", " ", "it", " ", "have", "it", " ", "it", " ", "it", " ", "it", " ", "have", "it", " ", "it", " ", "see"], "days": ["are", "and", "and", "and", "and", "are", "and", "and", "and", "and"], "times": [" ", " ", "out", " ", " ", " ", " ", "out", " ", " "], "intoxicated": ["poisons"], "place": ["to", "to"], "swing": ["razors"], "moving": ["raw"], "castle": ["on"], "cellars": [" "], "think": ["about"], "south": ["africa"], "first": ["la"], "blind": ["the"], "bling": [" "], "dont": ["know", "know", "acknowledge", "matter"], "feel": ["the", "the"], "girls": ["die"], "scene": [" ", " "], "one": ["mo", "thing", "step", "life", "shot", "shot", "bringin", "eye"], "raw": [" ", "imagine", "imagine"], "done": ["it"], "another": ["chapter"], "comin": ["up"], "carry": ["weight", "weight"], "sounds": ["foul", "foul"], "enjoyin": ["lifes", "lifes"], "open": ["the", "they", "every", "they", "every"], "between": ["cuttin"], "leaders": ["use"], "fire": ["hydrant"], "city": ["wedding"], "guess": ["that"], "hydrant": [" "], "jet": ["skis", "skis"], "top": ["of", "dollars", "dollars", "the"], "chased": ["hunger", "hunger"], "iller": ["path", "path"], "cash": ["lost", "lost", "up"], "their": ["soul", "sugar", "hair"], "hasslin": ["to"], "master": [" ", "nier"], "too": ["long"], "rockin": ["stockin"], "lattisaw": ["tapes"], "lacing": ["your", "your"], "eyes": ["to", "to"], "shell": ["gas"], "stomach": [" "], "way": ["we", "to", "we", "to"], "that": ["was", " ", "makes", "my", "should"], "nobody": ["want", "want"], "singsing": ["im"], "cops": ["harassin", "harassin"], "nigga": ["havin", "havin"], "obeyin": ["no"], "thai": ["class"], "believe": ["in"], "stocking": [" "], "king": [" "], "b": ["felonies", "felonies"], "rappin": ["for"], "double": ["ger", "ger"], "gotta": ["cop", "be", "eat"], "riches": ["and"], "submitted": ["by"], "matter": ["what", " "], "street": ["breakers"], "uncanny": ["era"], "loves": [" ", "you"], "were": ["dancin", "lied", "scholars"], "toward": ["him", "you"], "and": ["feds", "i", "casanova", "cheers", "furs", "im", "furs", "im", "peachtree", "all", "you", "hard", "my", "gettin", "it", "yo", "castle", "of", "every", "moving", "buying", "doug", "cant", "watch", "times", "anglosaxon", "benz", "still", "jet", "reverse", "times", "then", "forth", "everything", "times", "pearls", "times", "pearls", "times", "anglosaxon", "benz", "still", "jet", "reverse", "times", "then", "forth", "everything", "times", "pearls", "times", "pearls", "the", "the", "government", "jesus", "phones", "diamond"], "bridge": [" "], "uniforms": ["confederate"], "snorkels": ["and", "and"], "smokes": ["our"], "poisons": [" "], "mine": [" ", "wed", "wed", "wed", "wed", " ", "wed", "wed", "wed", "wed"], "yellin": ["join"], "say": ["it", "we", "we", "the"], "anytime": ["we"], "have": ["the", "all", "the", "all", "my", "a"], "need": ["someone", "no"], "crew": ["how", "how"], "breakfast": ["dime", "dime"], "borough": ["i"], "clearly": [" "], "ray": ["charles"], "nights": ["are", "are"], "ideas": ["being"], "walk": ["right", "right", "right", "right", "right", "right", "right", "right"], "chest": ["still"], "breeze": ["in", "in"], "lip": ["gloss"], "take": ["one", "me", "a", "me", "a", "off"], "forces": [" "], "so": ["where", " ", "in", "classy", "i", "sht", "many", "many", "now", "lets"], "latino": ["and", "and"], "brand": ["new", "new"], "chorus": [" "], "blue": ["behind", "behind"], "play": ["apollo"], "bruce": ["or"], "eggs": ["and"], "llamas": ["children"], "mouth": [" "], "plan": ["to", "to"], "disintegratin": [" "], "shabazz": ["free", "free"], "class": [" "], "give": ["em"], "doo": ["rags", "rags"], "flow": [" "], "bustin": ["out", "still", "still"], "doe": ["so"], "skys": ["the", "the"], "talk": ["about"], "clean": ["as"], "hear": ["the", "the"], "barrel": ["they"], "fitted": ["hats", "hats"], "laws": [" "], "cobra": [" ", " "], "q45": ["infinit", "infinit"], "shot": ["i", "i"], "bringin": ["us"], "gold": ["beers", "child", "child"], "show": ["560s"], "stove": ["to"], "charles": ["could"], "longevity": ["to", "to"], "nier": [" "], "fear": ["me"], "find": ["out", "out", "me"], "hustler": ["in"], "aint": ["never", "gotta", "just", "my"], "ni": ["double", "double"], "trying": ["it"], "knowledge": [" ", " "], "true": ["rebel"], "state": ["for", " ", "for", " "], "indies": [" ", " "], "sugar": ["level"], "only": ["get", "see", "true"], "going": ["to", "to", "to"], "black": ["benz", "clothes", "latino", "diamonds", "dimaonds", "diamonds", "diamonds", "latino", "diamonds", "dimaonds", "diamonds", "diamonds", "leaders", "women"], "rich": [" ", " "], "gods": ["son"], "riding": ["wit"], "gangsta": [" ", "gotta"], "do": ["your", " ", " ", "i"], "his": ["back"], "get": ["nothin", "one", "laced", "laced", "it", "it"], "beat": ["the", "street"], "dope": [" "], "unbeatable": ["yalllyrics"], "watch": ["it", "the", "the"], "trees": ["for", "for"], "ones": ["will"], "bracelets": [" "], "wedding": ["scene"], "wise": ["as", "as"], "chips": ["be", "be"], "him": ["he", "or", " ", "not"], "ghetto": [" ", "we", " "], "crabs": ["in"], "bat": ["at"], "sht": ["ima"], "consist": ["of"], "pimp": [" "], "lavish": [" ", " "], "descendant": ["of"], "rapper": [" "], "sandwich": ["out"], "greene": ["to"], "bag": ["of"], "historys": ["told", "told"], "release": ["purple", "purple"], "watchin": ["niggaz"], "where": ["i", "them", "the", "shell", "old", "tims", "to"], "vision": [" ", " "], "set": ["free", "free"], "mandatory": [" ", " "], "liquor": [" "], "lemonade": [" "], "flip": ["the", "the"], "see": ["the", "the", "the", "the", " ", "things", "the", "but", "but", "photos", "my", "me"], "are": ["back", "back", "shorter", "colder", "the", "shorter", "colder", "the", " ", " ", "the", "the", "at"], "existence": [" "], "fail": ["god"], "close": ["my", "ones"], "packed": ["whats", "whats"], "infinit": [" ", " "], "said": ["nas"], "destiny": [" ", " "], "marinate": ["we", "we"], "rings": [" "], "newsweek": ["article"], "behind": ["my", "my", "me"], "turn": ["trife", "trife"], "blunted": [" "], "youll": ["always"], "pants": [" "], "we": ["lost", "crabs", "devil", "were", "some", "trust", "raise", "laugh", "do", "carry", "raise", "laugh", "do", "carry", "ni", "are", "choose", "were", "ni", "are", "choose", "are", "trust", "are", "made", "wanted", "mention"], "rims": ["on"], "lover": ["cee"], "droptops": ["stacy"], "cut": ["up"], "wear": ["rags"], "hennys": ["and"], "article": ["startled"], "boss": ["since", "matters"], "come": ["from", "at"], "jfk": ["and"], "cop": ["it", "camera", "camera"], "feeling": ["like", "like"], "last": ["days", " ", "days", "days", "days", "days", " ", "days", "days", "days"], "talented": ["kids"], "triggers": [" "], "tootin": ["they"], "ill": ["always"], "purple": ["m3s", "m3s"], "blimp": ["read", "read"], "millionaire": ["plan", "plan"], "trips": ["to", "to"], "puffin": ["they", "they"], "sexes": ["and", "and"], "lookin": ["for"], "forgotten": [" "], "studio": [" "], "seeing": ["things", "things"], "yearly": [" "], "stretches": [" ", " "], "torn": ["my"], "homies": ["funerals"], "headed": ["for"], "dimaonds": [" ", " "], "makin": ["liquor", "moves", "moves"], "cd": ["called"], "colleges": [" "], "laugh": ["in", "in"], "path": [" ", " "], "loaded": ["up"], "trust": [" ", "no"], "unusual": [" "], "devil": [" ", "incarnates"], "lifes": ["ride", "ride"], "raise": ["our", "kids", "our", "kids"], "west": ["indies", "indies"], "political": ["thugs", "prisonner", "prisonner"], "charts": ["as"], "been": ["the", "know"], "startled": ["big"], "tv": ["antennas", "sit", "eating", "dinners"], "fatter": ["when"], "life": [" ", "and", "is", "to", "is", "to"], "lived": ["to"], "shopping": [" "], "spit": [" ", "moses"], "both": ["shine", "shine", "shine", "shine", "shine", "shine", "shine", "shine"], "robbed": ["yeah"], "mind": [" ", " "], "gat": ["with", "with"], "gas": ["company"], "else": ["fail"], "buyin": ["hair"], "photos": ["of"], "lets": ["keep"], "berettas": ["and"], "child": [" ", " "], "kicks": ["and", "and"], "smoking": ["weed", "weed"], "rocking": ["d"], "undercovers": [" ", " "], "reverse": ["themes", "themes", "racism"], "runnin": ["from", "from"], "homes": ["and"], "myself": ["in"], "servin": ["the"], "frozen": ["corners"], "pealin": ["they"], "as": ["i", "winning", "wise", "the", "jealousies", "wise", "the", "jealousies"], "can": ["still", "still", "still", "be", "see", "and"], "will": ["it", "it", "hurt"], "forgetting": ["nas"], "circle": [" "], "many": ["years", "mistakes", "years", "mistakes"], "atlanta": ["back", "back"], "chilling": ["in"], "theres": ["still"], "ive": ["been"], "aluminium": ["foil"], "rap": ["about"], "played": ["bball"], "is": ["god", "necessary", "to", "he", "over", "mine", "for", "over", "mine", "for", "what", "the"], "it": ["was", "got", "loves", " ", " ", " ", "think", " ", " ", " ", "take", "be", "sounds", "be", "marinate", "skys", "wouldnt", "be", "be", "take", "be", "sounds", "be", "marinate", "skys", "wouldnt", "be", "be", "like", "like", "cash", "reverse"], "rip": ["your"], "cant": ["sing", "say", "spit", "sit"], "im": ["still", "still", "wantin", "still", "gonna", "shopping", "hogtied", "a", "unbeatable", "as", "as", "from", "gangsta"], "in": ["my", "the", "the", "shark", "army", "arms", "the", "the", "a", "frozen", "south", "chains", " ", "gods", "190", "stocking", "half", "wine", "musical", "jail", "their", "the", "the", "the", "raw", " ", "the", " ", "west", "attica", " ", "worry", "car", "atlanta", "it", " ", " ", "the", "the", "raw", " ", "the", " ", "west", "attica", " ", "worry", "car", "atlanta", "it", " ", " ", "a", "the"], "crash": ["then", "then"], "id": ["free", "open", "free", "never", "free", "free", "free", "free", "open", "free", "never", "free", "free", "free"], "worry": [" ", " "], "if": ["you", "nas", "i", "you", "i", "i", "you", "i", "i", "i", "you", "i", "i", "i", "i", "i", "i", "you", "i", "i", "i", "i", "i", "i", "i", "i", "you", "i", "i", "you", "i", "i", "i", "you", "i", "i", "i", "i", "i", "i", "you", "i", "i", "i", "i", "i", "i", "i"], "trooping": ["out", "out"], "moves": ["in", "in"], "let": ["it", "it"], "things": ["more", "like", "like"], "make": ["more", "me", "coretta", "me", "coretta"], "government": ["cheeses", "cameras"], "shorter": ["nights", "nights"], "wantin": ["yall"], "80s": ["had"], "cream": [" "], "daughters": [" ", " "], "week": ["i"], "used": ["to", "to", "potatoes", "to", "to"], "lawyers": ["only"], "dime": ["sexes", "sexes"], "nig": ["what", "yep"], "stacy": ["lattisaw"], "beast": ["too"], "feds": ["on"], "two": ["toward"], "earlobes": [" "], "stack": ["the", "the"], "thoughts": ["for", "for"], "keep": ["the", "the", "a"], "savers": ["went"], "dylan": ["bruce"], "off": ["by", "the"], "i": ["played", "wondered", "here", "could", "used", "burn", "chose", "done", "guess", "close", "can", "can", "can", "call", "call", "call", "call", "try", "can", "grow", "can", "cant", "dont", "take", "ruled", "love", "ruled", "was", "civilized", "turn", "make", "meet", "ruled", "love", "ruled", "had", "ruled", "push", "thought", "ruled", "love", "ruled", "ruled", "ruled", "ruled", "ruled", "ruled", "love", "ruled", "ruled", "ruled", "ruled", "love", "ruled", "ruled", "ruled", "love", "dont", "take", "ruled", "love", "ruled", "was", "civilized", "turn", "make", "meet", "ruled", "love", "ruled", "had", "ruled", "push", "thought", "ruled", "love", "ruled", "ruled", "ruled", "ruled", "ruled", "ruled", "love", "ruled", "ruled", "ruled", "ruled", "love", "ruled", "ruled", "ruled", "love", "bling", "mean", "caught", "must", "was", "always", "aint", "got", "get", "rap"], "acknowledge": ["us"], "atcha": ["call"], "well": ["walk", "walk", "walk", "walk", "walk", "walk", "walk", "walk"], "nothin": ["into", "without"], "thought": ["id", "id"], "patterns": ["consist"], "without": ["struggle", "cops", "the", "cops", "the"], "flags": ["i"], "position": [" "], "the": ["80s", "top", "blocks", "cause", "ghetto", "devil", "front", "streets", "car", "old", "doo", "word", "drinkers", "doo", "word", "drinkers", "armed", "vietnam", "coorporate", "ghetto", "beast", "murderers", "music", "death", "styles", "hardest", "cause", "waves", "people", "cleanest", "chiropractor", "boss", "stores", "borough", "bridge", "dreams", "door", "corporate", "billboard", "only", "beginning", "flow", "studio", "cd", "background", "streets", "way", "worlds", "garbage", "top", "mind", "blimp", "world", "world", "world", "way", "iller", "villa", "crew", "better", "lies", "old", "gold", "wind", "cities", "world", "world", "sun", "sun", "sun", "sun", "story", "thugs", "breaks", "ace", "safe", "gat", "cop", "chips", "world", "limit", "destiny", "fuck", "world", "world", "world", "world", "world", "world", "world", "background", "streets", "way", "worlds", "garbage", "top", "mind", "blimp", "world", "world", "world", "way", "iller", "villa", "crew", "better", "lies", "old", "gold", "wind", "cities", "world", "world", "sun", "sun", "sun", "sun", "story", "thugs", "breaks", "ace", "safe", "gat", "cop", "chips", "world", "limit", "destiny", "fuck", "world", "world", "world", "world", "world", "world", "world", "obvious", "obvious", "slave", "master", "question", "answer", "stove", "calendars", "forgotten", "fire", "ghetto", "big", "cases", "court", "bracelets", "one", "snakes", " ", "new", "streets", "close", "road", "land", "blind", "man", "king"], "corporate": ["side"], "musical": ["prison"], "stores": ["when", "and"], "just": ["resurrect", "to", "some", "some", "rappin"], "being": ["told"], "money": ["was"], "abbreviation": ["was"], "front": ["row", "door"], "civilized": ["every", "every"], "mistakes": ["go", "go", "tryin"], "seats": [" ", "heats", "heats"], "yep": [" ", "i"], "death": ["of"], "wed": ["all", "both", "both", "both", "both", "all", "both", "both", "both", "both"], "niggers": ["payed"], "had": ["us", "to", "to"], "day": ["the"], "havin": ["us", "shit", "shit"], "verse": ["3"], "prison": ["they", "in"], "harassin": [" ", " "], "struck": [" ", " "], "ruled": ["the", "the", "the", "the", "the", "the", "the", "the", "if", " ", "if", " ", "the", "the", " ", "id", " ", "the", "the", "the", "the", "the", "the", "the", "the", "the", "the", "if", " ", "if", " ", "the", "the", " ", "id", " ", "the", "the"], "slave": ["and", "master"], "gave": ["us"], "styles": ["come"], "jake": ["gettin", "gettin"], "livin": ["for", "type", "for", "for", "for", "for", "type", "for", "for", "for"], "acuras": ["pumpin"], "read": ["the", "the"], "big": ["door", "wigs", "tv"], "breaks": ["many", "many"], "calendars": ["with"], "gonna": ["give"], "caps": ["not"], "matters": [" "], "know": ["one", "im", " ", " ", "i", "where"], "background": [" ", " "], "world": ["is", " ", " ", " ", " ", "and", " ", " ", "if", " ", "if", " ", " ", "is", " ", " ", " ", " ", "and", " ", " ", "if", " ", "if", " ", " "], "lauryn": ["hill", "hill"], "dreams": ["that"], "d": ["boy"], "necessary": ["to", "i"], "like": ["muay", "life", "a", "relaxin", "i", "life", "a", "relaxin", "i", "a", "a", "a", "the", "the", "medellin"], "lost": ["the", "tribe", "tribe", "commandments"], "schools": ["with"], "obvious": ["man", "we"], "strictly": ["living", "living"], "medellin": [" "], "ignore": [" ", " "], "gimme": ["one", "one"], "offices": [" "], "nose": [" "], "corners": ["of"], "relaxin": ["black", "black"], "attica": ["send", "send"], "because": [" ", "of"], "old": ["gold", "owl", "owl", "black", "homie"], "people": ["need", "holdin", "holdin"], "some": ["creative", "thoughts", "thoughts"], "back": ["fitted", "fitted", "before", " ", " ", "when", "and", "and"], "dead": ["homies"], "hair": ["with", "when", "products", "with"], "growth": ["sandwich"], "kings": ["its"], "billboard": ["charts"], "home": ["plate"], "enemies": ["are"], "savage": [" ", " "], "for": ["the", "jail", "the", "the", "a", "me", "the", "a", "the", "today", "the", "breakfast", "today", "papes", "today", "today", "a", "the", "today", "the", "breakfast", "today", "papes", "today", "today", "you", "bugs", "mistakes", "fame", "chains", "him"], "bball": [" "], "singing": ["in", "in"], "ice": ["lay"], "creative": ["niggaz"], "everything": ["in", "in", "where", " "], "does": [" "], "sneakers": [" "], "chains": [" ", " "], "rappers": [" "], "be": ["asses", "servin", "havin", "train", "more", "if", "mine", "paradise", "if", "mine", "poor", "no", "if", "mine", "if", "mine", "if", "mine", "paradise", "if", "mine", "poor", "no", "if", "mine", "if", "mine", "fresh", "the"], "eating": ["tv"], "racism": [" "], "crooks": ["and"], "burn": [" "], "bowflex": [" "], "murdered": ["or"], "560s": ["chemical"], "eye": ["is"], "willies": [" ", " "], "super": ["lover"], "by": ["every", "cem", "the"], "chapter": ["of"], "on": ["the", "they", "my", "his", "me", "kicks", "kicks", "tv", "top", "everything", "every", "the"], "about": ["these", "their", "war"], "lifestyle": ["cruising", "cruising"], "ace": ["stack", "stack"], "yalllyrics": ["submitted"], "of": ["my", "they", "veterans", "bigger", "nigger", "chicago", "christ", "that", "the", "course", "the", "state", "coke", "shabazz", "depression", "place", "state", "the", "state", "coke", "shabazz", "depression", "place", "state", "dead", "kings", "dope", "boss", " ", "the"], "dollars": [" ", " "], "army": ["boots"], "must": [" "], "plus": ["the", "the", "the"], "blackness": ["started"], "coorporate": ["offices"], "backup": ["no"], "or": ["because", "puffin", "puffin", "robbed", "love", "billy", "rich", "b", "rich", "b", "existence"], "road": ["to"], "tribe": ["of", "of"], "whats": ["the", "the", "in"], "lied": ["to"], "into": ["somethin", "time", "time"], "youd": ["love", "love"], "son": ["on", "we", "got", "got"], "down": ["the", "in", "out", "in", "out"], "lies": ["historys", "historys"], "right": [" ", "and", "up", "up", "up", "up", "up", "up", "up", "up"], "elementary": ["they", "they"], "your": ["paper", "life", "body", "soliders", "click", "people", "times", "click", "people", "times"], "murderers": ["wearin"], "story": ["how", "how"], "funerals": [" "], "support": ["you"], "niqqas": ["aint"], "question": ["and"], "live": ["chicks", "in", "in"], "long": [" ", "before"], "why": ["they", "is"], "much": ["more", "more"], "lot": ["of"], "house": ["is", "is"], "powdered": ["eggs"], "call": ["me", "mature", "a", "a", "a"], "was": ["a", "i", "told", "tootin", "the", "fried", "affected", "riding", "cooked", "controlling", "cooked", "controlling", "young", "dreamin"], "war": ["intoxicated", "in", "is", " "], "coolin": ["off"], "tims": ["on"], "coke": ["was", "was", "with"], "but": ["now", "god", "god", "newsweek", "im", "every", "reality", "im", "every", "reality", "still", "this", "this", "the", "i"], "heat": ["us"], "needles": ["in"], "atlantic": ["crackheads"], "scrambler": [" ", " "], "apollo": ["balcony"], "with": ["dreads", "new", "no", "diamond", "no", "the", "no", "diamond", "no", "the", "martin", "fly", "outdated", "koolaid", "new", "one"], "eat": ["rappers"], "buying": ["it"], "he": ["takes", "trying"], "pull": ["triggers"], "made": ["lemonade"], "chiropractor": [" "], "drinkers": ["stay", "stay"], "type": ["of", "of"], "ancestral": ["slaves"], "up": ["to", "llamas", "just", " ", "with", "to", "to", "to", "to", "with", "to", "to", "to", "to", "like", " ", "we", "my", "this"], "us": ["all", "to", " ", "killed", "all", "all", " ", " ", "lemons", "every", "up", "cake"], "rags": ["are", "are", "on"], "limit": [" ", " "], "mature": [" "], "cake": ["be"], "fried": ["up"], "stockin": ["caps"], "called": [" "], "gone": ["eventually", "eventually"], "furs": [" ", " "], "soliders": ["in"], "fila": ["velour"], "intro": ["nas", "nas"], "at": ["home", "the", "me", "last", "last", "my"], "face": ["covered"], "shit": [" ", " "], "balcony": ["seats"], "holla": ["atcha"], "thugs": ["in", "live", "live"], "jesus": [" "], "no": ["laws", "matter", "trial", "welfare", "parole", "rubbers", "undercovers", "work", "such", "trial", "welfare", "parole", "rubbers", "undercovers", "work", "such", "black", "im", "bowflex", "time", "more"], "when": ["i", "it", "we", "our", "all", " ", "im", "i", "i"], "reality": ["struck", "struck"], "til": ["ice"], "nas": ["why", "the", "cant", "lauryn", "lauryn"], "changes": ["take"], "you": ["get", "murdered", " ", " ", "back", "only", "aint", "could", "could", "could", "could", "could", "could", "could", "could", "could", "could", "lookin", "the", " "], "poor": ["or", "or"], "slaves": [" "], "scottking": ["mayor", "mayor"], "jung": [" "], "stay": ["strong", "drinkin", "drinkin"], "foil": ["on"], "fresh": ["to"], "blazin": ["goin"], "diamonds": ["and", "i", "and", "and", "i", "and"], "goin": ["out"], "koolaid": [" "], "land": ["of"], "martin": ["jfk"], "seat": ["for"], "cooked": ["without", "without"], "vietnam": ["war"], "heats": ["mandatory", "mandatory"], "time": [" ", "i", " ", " ", "for"], "push": ["a", "a"], "controlling": ["click", "click"], "parole": [" ", " "]}