{"i\u2019m": ["ready", "living"], "all": ["like", "on"], "played": ["off"], "just": ["a", "a"], "gods": [" "], "fall": [" "], "foul": [" "], "brain": ["and", "you"], "\u201cget": ["down\u201d"], "go": ["solo"], "fear": [" ", "of"], "eyes": ["in"], "its": ["time", "coming"], "orleans": ["are"], "paranoid": [" "], "japed": [" "], "had": ["it", "a", " "], "crew": ["to"], "better": ["days", "get"], "iraqi": ["civilians"], "only": ["had"], "going": ["in"], "black": [" ", "to", "to"], "blaze": ["your"], "lp": ["and"], "terror": ["dome", "domelyrics"], "pad": ["off", " "], "hidden": ["observation"], "has": ["been"], "thousands": ["of"], "me": ["go", "now"], "them": ["going", "like"], "hit": ["like"], "get": ["wicked", "some", "it", "it", "it", "mad"], "ya": [" "], "know": ["about", "how", "who"], "they": ["murdered", "murdered", "falling", "take"], "got": ["so", "them", "better", "ties"], "not": ["my"], "mob": [" "], "trouble": ["on"], "now": ["i\u2019m", " ", "i", "i", "welcome"], "like": ["me", "the", "binladdin", "hesballah", "the", " "], "lost": ["there"], "controlling": ["your"], "solders": ["have"], "drop": ["the"], "brother": ["like"], "bless": ["your"], "binladdin": [" "], "meditation": ["like"], "x": ["on"], "fault": ["that"], "bone": ["my", "my"], "square": [" "], "fair": ["square"], "solo": [" "], "some": [" ", "intellect"], "back": ["to", "in"], "soul": ["and"], "see": ["it"], "sean": ["bell"], "year": ["of"], "cant": ["protect"], "home": ["in", "is", " ", "is", " "], "intellect": [" "], "living": ["up", " ", "foul", " "], "what": ["i", "i"], "give": ["you"], "for": ["now", "tsunami\u2019s"], "wreck": [" "], "ways": ["to"], "god": ["knows", "bless"], "avoid": ["the"], "slick": ["script"], "reckon": ["an"], "rotten": [" "], "7": ["yrs"], "new": ["orleans"], "falling": ["off"], "cause": ["its"], "domelyrics": ["submitted"], "be": ["a"], "who": ["you"], "submitted": ["by"], " ": ["in", "i", "hear", "the", "attack", "now", "hear", "never", "ways", "the", "x", "i", "as", "man", "gear", "read", "work", "to", "never", "cause", "what", "been", "but", "respects", "now", "of", "played", "made", "not", "known", "so", "black", "so", "come", "come", "there\u2019s", "scheme", "supreme", "drop", "7", "the", "the", "i", "there", "if", "tickle", "eyes", "so", "and", "controlling", "god", "black", "now"], "screen": ["writer"], "never": ["be", "question", "had"], "dome": [" "], "here": [" "], "hundreds": ["of"], "wizard": ["of"], "murdered": ["sean", "ahamadoo", "timothy"], "down\u201d": ["you"], "wear": ["got"], "civilians": ["have"], "put": ["it"], "iraq": ["3000"], "come": ["home", "on", "on"], "by": ["william"], "on": ["my", "the", "down", "down", "a"], "about": ["later"], "oh": [" "], "oversee": ["to"], "of": ["dollars", "thousands", "iraqi", "reckon", "the", "oz", "high"], "dollars": ["in"], "script": ["editor"], "days": [" "], "keep": ["from", "fitting", "living"], "energies": ["in"], "oz": [" "], "gear": ["i"], "fa\u00e7ade": [" "], "road": ["to"], "con": [" "], "and": ["sisters", "hungry", "its", "japed", "train", "it", "give", "keep"], "writer": ["slick"], "apple": ["the", "has"], "bell": ["they"], "sky": ["hidden"], "tickle": ["energies"], "billions": ["of"], "getting": [" "], "down": ["\u201cget", "huh"], "klan": ["i"], "how\u2019s": ["your"], "3000": ["solders"], "homeless": ["and"], "church": ["got"], "it\u2019s": ["the"], "your": ["brain", "living", "home", "meditation", "fear", "soul", "home"], "are": ["left", " "], "timothy": ["stansberry"], "from": ["getting", "the"], "would": ["know"], "to": ["control", "say", "you", "push", "black", "mike", "blaze", "avoid", "here", "keep", "way", "the", "the", "fame", "control", "far", "the", "the"], "spending": ["billions"], "there": ["lives", "is"], "question": ["what"], "diago": ["they"], "been": ["spit", "giving", "rotten"], "attack": ["so"], "much": ["trouble"], "call": ["took"], "editor": [" "], "way": ["i\u2019m", "back"], "brick": ["road"], "scheme": ["like"], "war": ["to"], "wicked": [" "], "ago": [" "], "mike": ["it"], "bit": ["ago"], "coffins": ["hundreds"], "favoritism": ["roll"], "that": ["they", "you"], "something": ["that"], "am": ["god"], "tsunami\u2019s": ["to"], "huh": [" "], "protect": ["a"], "but": ["the"], "defect": [" "], "train": ["ya"], "lives": ["our"], "far": ["they"], "known": ["as"], "hole": ["in"], "with": ["the"], "population": [" "], "ahamadoo": ["diago"], "high": ["rolling"], "made": ["the"], "work": ["to"], "up": [" ", "to"], "rhymes": ["keep"], "don\u2019t": ["know"], "can": ["get"], "were": ["spending"], "more": ["no", "no", "no", "no", " "], "my": ["mind", "favoritism", "fault", "home", "home"], "stansberry": ["and"], "control": ["oil", "the"], "heart": [" "], "supreme": ["screen"], "flex": ["hear"], "is": ["your", "just", "a", "a", "your"], "mind": [" "], "it": [" ", "up", "get", "get", " ", "hit", "all", "all"], "an": ["intentional"], "states": ["government"], "say": ["no"], "rolling": [" "], "at": ["the"], "have": ["come", "lost"], "in": ["a", "a", "iraq", "coffins", "new", "fear", "the", "the", "the", "the", "the"], "ready": ["to"], "ocean": ["for"], "fame": ["which"], "as": ["for", "some", "fair"], "sat": ["and"], "catholic": ["church"], "growl": ["at"], "united": ["states"], "spit": ["in"], "knows": [" "], "no": ["more", "more", "more", "more", "more"], "there\u2019s": ["a"], "yellow": ["brick"], "government": ["is"], "when": ["were", "i"], "how": ["to"], "fitting": [" "], "drummer": ["get"], "read": ["just"], "take": ["away"], "which": ["is"], "i\u2019ve": ["had"], "you": ["to", "can", "only", "would", "are", "oversee", "something", "never"], "if": ["you", "you"], "roll": ["oh"], "play": ["them"], "oil": ["in"], "brothers": ["and"], "respects": ["been"], "our": ["brothers"], "hesballah": [" "], "welcome": ["to", "to"], "took": ["the"], "william": [" "], "mad": ["i"], "coming": ["from"], "sisters": ["in"], "ties": ["with"], "man": ["i\u2019ve"], "a": ["time", "war", "brother", "bit", "pad", "hole", "fa\u00e7ade", "yellow", "con", "brain", "pad"], "off": ["the", "as", " "], "observation": ["if"], "i": ["got", "sat", "don\u2019t", "know", "wear", "am", "got", "cant", "growl", "play", "see", "get", "put"], "yrs": ["later"], "later": [" ", "it\u2019s"], "hungry": ["the"], "face": [" "], "giving": ["how\u2019s"], "so": ["much", "i", "i", "welcome", "when"], "time": ["when", "to"], "push": ["the"], "hear": ["the", "my", "me"], "the": ["murdered", "drummer", "crew", "back", "way", "flex", "paranoid", "better", "heart", "face", "rhymes", "defect", "call", "fall", "living", "bone", "terror", "apple", "apple", "klan", "lp", "year", "gods", "united", "catholic", "mob", "wizard", "ocean", "population", "sky", "bone", "terror"], "intentional": ["wreck"], "away": ["your"], "left": ["homeless"]}