{"all": ["layers", "their", "my", "your", "up", "these", "my", "my", "the", "the", "my", "my", "my", "my"], "pardon": ["on", "my"], "dollar": ["sign"], "walking": ["paradox"], "four": ["door"], "\u201999": ["when"], "gang": ["done", "is", "and"], "go": ["in"], "follow": ["my"], "paint": ["a"], "layers": [" "], " ": ["yeah", "too", "real", "im", "mami", "so", "cause", "shout", "movie", "me", "40", "spill", "you", "cameo", "cuz", "americas", "and", "so", "when", "true", "you", "this", "if", "yeah", "too", "real", "im", "pocket", "riding", "what", "bobby", "what", "mink", "st", "the", "shout", "grew", "and", "100", "whats", "lost", "the", "watch", "hottest", "your", "this", "if", "yeah", "too", "real", "im", "you", "millions", "millions", "millions", "millions", "choppers", "choppers", "choppers", "choppers", "this", "this", "yall", "but", "im", "call", "church", "pop", "cause", "i", "for", "blue", "this", "i", "hiding", "and", "just", "im", "horrible", "cries", "im", "used", "finger", "do", "never", "soft", "stay", "i", "i", "got", "my", "this", "make", "2", "fast", "my", "how", "why", "how", "im", "that", "then", "then", "i", "hiding", "got", "just", "hooklyrics", "shake", "shake", "shake", "come", "i", "im", "i", "new", "supreme", "they", "they", "but", "i", "a", "i", "think", "matching", "goin", "but", "well", "step", "claim", "they", "line", "fuck", "i", "woo", "woo", "a", "whats", "whats", "whats", "when", "heres", "ma", "hold", "but", "went", "i", "biggie", "cause", "till", "cars", "aww", "naww", "aww", "picture", "that", "what", "where", "like", "from", "he", "then", "40", "man", "welcome", "we", "did", "did", "did", "and", "in", "im", "and", "ask", "and", "and", "i", "i", "if", "if", "im", "im", "somebody", "somebody", "and", "and", "who", "who", "it\u2019s", "showing", "started", "kill", "still", "still", "good", "reup", "whole", "that\u2019s", "that\u2019s", "that\u2019s", "behind", "the", "you", "i", "so", "verse", "pharrell", "tripped", "then", "i\u2019m", "pardon", "when", "mr", "i", "as", "you", "on", "uhm", "let\u2019s", "soaked", "with", "verse", "i\u2019m", "and", "two", "with", "yonkers", "thinkin\u2019", "the", "and", "it\u2019s", "with", "rick", "who", "and", "this", "two", "and", "when", "hooklyrics"], "killings": ["in", "in"], "violate": [" "], "wizardry": [" "], "to": ["dopeboy", "your", "you", "fiddle", "dry", "keep", "rhyme", "stunt", "the", "whitney", "im", "get", "sunday", "someday", "jacob", "kill"], "musiclyrics": ["submitted"], "brown": ["new", " "], "screamin\u2019": ["west"], "mornin": [" "], "horror": ["stories"], "rise": [" "], "rhyme": ["with"], "every": ["visit"], "annihilate": ["anybody"], "cook": ["up"], "trouble": ["on", "on"], "fan": ["of"], "thinkin\u2019": ["that"], "heaven": [" "], "level": ["then"], "did": ["moses", "strippers", "yeezy"], "chains": [" "], "niggas": ["lunch", "dont", "with", "shooting", "lunch", "dont", " ", " ", "lunch", "dont", "made", " ", "say", "made", "spirit", " ", " ", "say", "say", "settle", "coming"], "michael": ["scott"], "gun": ["blow"], "settle": [" "], "gut": ["to"], "balmain": ["ay"], "round": ["with"], "yall": ["wanted", "gotta", "gotta", "ask", "on"], "clothes": [" ", "line", " ", " ", " "], "dockers": [" "], "someday": ["serve"], "bill": ["costume"], "force": [" "], "tired": ["and"], "tea": ["kettle"], "naww": ["man"], "wasn\u2019t": ["free"], "sign": ["cant"], "chef": [" "], "reptar\u2019s": [" "], "cost": ["211"], "design": [" ", " "], "helluva": ["buzz", "drug"], "murcielago": [" "], "reup\u2019s": ["a"], "jumpman": [" "], "blue": ["tops", "tops", "fox", "flame"], "trick": ["with"], "sue": ["a"], "richard": ["pryor"], "heres": ["the"], "cooking": ["in"], "crust": ["of"], "fingers": ["until"], "paying": ["the"], "above": ["me"], "toll": ["on"], "new": ["edition", "god", "jesus"], "told": [" ", " "], "body": ["party", "party", "party", " "], "toes": [" "], "led": ["16"], "tags": ["when"], "herb": [" "], "never": ["see"], "ridin": ["same"], "french": ["i\u2019m"], "water": ["with"], "donatello": ["versace"], "let": ["the", "you"], "trunk": [" "], "100": ["bodies"], "cars": ["money"], "stuntin": ["on"], "sayin": ["his"], "box": [" "], "boy": ["got", "you"], "condoms": [" "], "lipschutz": ["has"], "pick": ["out", "out"], "bod": [" ", " "], "king": ["without"], "golden": ["child"], "dick": [" "], "love": ["a"], "apple": ["watches"], "blizzard": ["nigga"], "threes": [" "], "put": ["holes", "the"], "you\u2019re": ["silly"], "\u2018nother": ["level", "devil", "bezel", "metal"], "sermon": [" "], "from": ["the", "an", "most", "nothing", "the", "working"], "fresher": ["than", "than"], "working": ["so", "mcdonalds"], "give": ["some"], "visit": [" "], "bush": ["wick"], "france": ["early"], "music": ["and", "golden", " ", " ", " ", " ", " "], "tell": ["me", "me", "you"], "today": ["good", "good"], "more": ["exciting", " ", "than", " ", "i"], "abusing": ["us"], "tryna": ["land", "sue"], "door": ["4door", " "], "holy": ["ghost"], "started": ["in"], "wars": [" "], "glass": ["house"], "drown": ["niggas", "all"], "hold": ["me", "up"], "mascot": [" "], "me": ["and", "on", " ", "who", "everything", "who", "a", "in", " ", "down", "and"], "account": ["swiss"], "ma": ["dollar"], "room": ["for"], "f": ["niggas", "em"], "this": ["is", "blizzard", "is", "that", "shit", "shit", "big", "i", " ", "that", "\u2018preme", "is", "black"], "car": ["note"], "ride": ["for"], "soul": [" "], "pour": [" ", "more"], "can": ["buy", "tell", "drown", "mess", "feel"], "theirs": ["and"], "my": ["neck", "nigga", "mac", "bitch", "pardon", "phantom", "paradise", "niggas", "fingers", "acapella", "niggas", "record", "feet", "shit", "erick", "niggas", "ladies", "foes", "foes", "niggas", "ladies", "black", "mind", "mind", "french", "dick", "tip", "gut", "pits", "favorite"], "could": ["put"], "proof": [" "], "claim": ["they"], "rovsing": [" "], "pawn": ["shop"], "jackpot": [" "], "fuck": ["everything", "em", "em", "the"], "something": ["before", "from"], "want": [" ", "in"], "aaah": [" "], "keep": ["my", "dickin", "it"], "yonkers": ["10"], "fame": [" "], "write": ["it"], "how": ["we", "we"], "hot": ["temper", "you"], "front": ["of"], "that\u2019s": ["a", "a", "a"], "mess": ["up"], "spot": [" "], "mac": ["11"], "mad": ["people"], "coming": ["shorter"], "man": [" ", "you", "mad", "made", "the"], "a": ["sinatra", "blu", "nigga", "chef", "jewelers", "pawn", "killin", "million", "fortune", "kilo", "nigga", "killin", "million", "good", "god", "niggas", "wholesaler", "blow", "hot", "cold", "toll", "nick", "king", "crown", "circus", "brick", "feeling", "condo", "weekend", "week", "mascot", "whole", "whole", "whole", "tea", "pedal", "problem", "fan", "musk", "bush", "couple", "bag", "biscuit", "fucking", "really", "pair", "helluva", "helluva", "perfect"], "neck": ["with"], "counter": ["arm"], "lost": ["my"], "st": ["laurent"], "ibiza": ["done"], "so": ["she", "why", "alive", "is", "i", "hard", "much", "i"], "fuckin": ["ferraris", "same"], "mcdonalds": ["barely"], "runnin": ["shit", "shit"], "playing": ["contra"], "houston": [" "], "over": ["that", "do", "the"], "top": ["of"], "jacob": ["and"], "through": ["the", " ", "and"], "costume": [" "], "shake": ["that", "that", "that"], "mentioned": ["reptar\u2019s"], "letters": [" "], "cold": ["killer"], "still": ["abusing", "ridin", "fuckin", "buy", "got", "trick", "keep"], "swipers": [" "], "its": ["three", "lizard"], "before": ["you"], "perfect": ["picture"], "hov": ["and"], "fit": ["with"], "till": ["we"], "sale": ["during"], "sunday": ["service"], "better": ["stand"], "tyler": ["the", "the"], "cotto": ["in"], "ghetto": [" "], "then": ["set", "hang", "i", "they", "you", "i", "it"], "them": ["bottles", "niggas", "bitches", "christians", "all"], "good": ["music", "time", "with", "that", "music", "music", "music", "music", "music", "music", "musiclyrics", "had"], "somebody": ["please", "please"], "3": ["tyler"], "safe": ["in"], "versace": ["my"], "woulda": ["had"], "lunch": ["money", "money", "money"], "they": ["say", "wanna", "love", "said", "necks", "can\u2019t", "five", "say", "shitty", "ran", "admire", "clothes", "clothes"], "half": ["a", "a"], "not": ["safe", "part", "make", "get", "a", "really"], "jesus": ["chains", "name"], "killed": ["the"], "bank": ["account"], "matched": ["with"], "down": [" ", "like"], "name": ["ride", "let"], "james": ["said"], "drop": ["and"], "choir": ["say"], "fiddle": ["my"], "found": ["me"], "went": ["from", "the"], "jiggy": ["with"], "side": [" "], "em": [" ", "stuntin", "ye", "ye"], "week": [" "], "woo": ["they", "my"], "house": [" ", "obama", " "], "hard": ["like", "dont", "and", "as"], "yeah": ["im", "im", "im"], "accidentally": ["shot"], "our": ["only", "eyes"], "pills": ["couple"], "out": ["to", "of", "of", "my", "they", "they", " ", "pull", "with"], "blu": ["ray"], "god": ["dont", " ", "above", "of", "flow", "flow", "go"], "since": ["you", "i"], "bezel": ["the"], "looking": ["like"], "critics": ["who"], "7": ["im"], "paradise": [" "], "got": ["one", "this", "that", "that", "this", "a", "the", "the", "a", "enough", "green", "the", "the", "trouble", "\u2018em"], "wick": ["bill"], "ironed": ["pair"], "cause": ["rolex", "a", "we", "i"], "audemar": [" "], "ass": ["engine", "shots"], "smalls": ["dr"], "umbrella": [" "], "monster": [" "], "pryor": ["say"], "timeline": [" "], "million": ["in", "in"], "guess": ["thats"], "free": ["willy"], "loafer": ["prefered"], "h\u00b7a\u00b7m": ["in"], "ask": ["for", "any"], "mmg": ["get"], "wanted": [" "], "prefered": ["frost"], "owners": [" "], "organic": ["herb"], "spill": ["nigga"], "route": [" "], "americas": ["still"], "chilly": [" "], "aboard": ["for"], "can\u2019t": ["breathe"], "blackout": ["\u2018rari"], "loud": ["with"], "think": ["it\u2019s", "\u201999"], "south": ["of"], "strippers": ["not"], "flood": ["and"], "mr": ["lipschutz"], "dickin": ["all"], "dont": ["notice", "f", "notice", "notice", "it", "it", "come", "come", "know", "know"], "symmetry": [" "], "feel": ["it", "it"], "one": ["motive", "more"], "feet": ["in"], "\u2018preme": ["wasn\u2019t"], "done": ["took", "hit"], "bitch": ["bought", "in"], "another": ["4"], "hood": ["like"], "millions": ["millions", "in", "millions", "in", "millions", "in", "millions", "in"], "razor": ["on"], "killer": [" "], "killin": [" ", " "], "service": ["if"], "their": ["bitches"], "twenty": [" "], "caught": ["me"], "quotable": [" ", " ", " "], "girls": ["and"], "belair\u2019s": ["britches"], "mami": ["tryna"], "contra": [" "], "2": ["door", "tyler"], "too": ["bad", "bad", "bad", "hot"], "mama": ["a"], "ceiling": [" ", " ", " ", " ", " ", " "], "way": ["fresher", "fresher"], "that": ["nigga", "shit", "yall", "powder", "not", "shoe", "blue", " ", "i", "shit", "price", "coke", "blue", "body", "bod", "body", "bod", "body", "body", "ye", "nigga", "can", "touched", "violate", "this"], "fuckin\u2019": ["tighter"], "nobody": ["hold"], "park": ["then"], "took": ["a", "the"], "cops": ["dont"], "part": ["the"], "4door": ["roll"], "believe": ["theres"], "than": ["just", "all", "all", "a", "chad"], "ricocheted": ["and"], "obama": ["went"], "11": ["monster"], "tires": [" "], "uhm": ["well"], "grew": ["up"], "lebron": ["know"], "16": ["swipers"], "wet": ["willies"], "gotta": ["beg", "pay"], "beg": ["my"], "submitted": ["by", "by", "by"], "reup": ["gang"], "street": [" "], "flame": [" "], "outcome": ["but"], "and": ["my", "911", "though", "mmg", "yall", "bluray", "these", "them", "we", "that", "keep", "have", "lets", "you", "lebron", "the", "you", "dreams", "shot", "dame", "ran", "made", "well", "all", "all", "all", "all", "lv", "killed", "give", "belair\u2019s", "a", "a", "fuckin\u2019", "the", "thugs", "paint", "this"], "yeezys": ["jumped"], "mink": ["leather"], "angel": ["faces"], "ran": ["up", "to"], "mind": [" ", " "], "mine": ["tell", " ", "tell"], "say": ["im", "they", "death", " ", " ", "good", "good", "good", "good"], "have": ["em", "a"], "philly": [" "], "any": ["dope"], "ray": ["to"], "sell": ["you"], "blastin": ["a"], "speakers": ["blastin"], "pupils": [" "], "laden": ["another"], "soaked": ["getting\u2019"], "note": [" "], "sinatra": [" "], "luxury": ["balmain"], "britches": [" "], "green": ["in"], "even": ["got"], "bitches": ["with", "ah", "aaah", "out", "wet"], "macs": ["out"], "though": ["that"], "aww": ["man", "man"], "serve": ["us"], "price": ["of", "drop"], "who": ["am", "am", "runnin", "runnin", "else", "doubted"], "what": ["im", "im", "happens", "has", "richard", "sellin\u2019"], "berries": ["and"], "intentions": [" "], "nothing": [" "], "why": ["wouldnt", "we"], "\u2018em\u201d": ["so"], "chemistry": [" "], "laurent": ["im"], "flow": ["fuck", " "], "hungry": [" ", " ", " "], "face": ["and"], "ku": ["klux"], "jumped": ["over"], "klux": [" "], "came": [" ", "aboard"], "shop": ["was"], "gepetto": [" "], "jewelers": ["heaven"], "shot": ["him", "\u2018em"], "gold": ["on"], "summer": ["too"], "albert": ["rovsing"], "bin": ["laden"], "\u201cget": ["\u2018em\u201d"], "shoe": ["box", "on"], "\u2018rari": ["got"], "eyes": ["just"], "fing": ["hungry", "hungry", "hungry"], "aint": ["mine", "mine", "much", "fit", "trying"], "o": ["pacs"], "trying": ["to"], "cried": ["on"], "paranoid": [" "], "with": ["apple", "the", "miguel", "angel", "ill", "god", "the", "the", "a", "him", "him", "grand", "the", "bitches", "money", "ass", "it", "a", "the", "the", "felons"], "verse": ["2", "3"], "behind": [" ", " ", "the"], "crime": ["by", "by"], "only": ["dopeboy", "dopeboy", "59", "dopeboy", "can", "me"], "going": ["hard"], "black": ["diamonds", "ass", "house", "art"], "touched": ["you"], "riding": ["round"], "moses": ["not"], "hope": ["to"], "wearing": ["in"], "do": ["drugs", "it"], "his": ["timeline", "name", "murcielago", "mama", "mom"], "hit": ["the", "a"], "cocaine\u2019s": ["a"], "get": ["me", "together", "along", "his", "signed", "fresh", "all", "fresh", "all"], "dope": ["dealer", "boy"], "horrible": ["outcome"], "watch": ["looking", " "], "pocket": ["get"], "whistle": ["like"], "frontin": [" "], "haunted": ["by"], "words": ["same"], "bluray": ["and"], "cryin": ["loud"], "during": ["christmas"], "dr": ["kings"], "him": [" ", " ", "right"], "erick": ["sermon"], "leather": ["or"], "rapper": ["in"], "bag": ["of"], "bad": ["i", "i", "i", "bitch"], "she": ["dont"], "shots": [" "], "ballplayers": [" "], "wannabe": ["home"], "piss": ["on"], "where": ["cops"], "steam": ["whistle"], "bars": ["and"], "set": ["it"], "art": ["see"], "creator": [" ", " "], "312": [" "], "we": ["still", "still", "still", "both", "cant", "drown", "got"], "rolex": ["shopping"], "musk": ["like"], "edition": ["niggas"], "see": ["me", "proof", " ", "the"], "arc": ["when"], "powder": ["came"], "hoes": [" ", " ", " "], "sport": ["shoe"], "hammer": ["in"], "arm": ["hammer", "of"], "said": ["pusha", "\u201cget", "cocaine\u2019s"], "closet": [" ", " ", " ", " ", "half", "half"], "movie": ["on"], "away": ["from"], "please": ["pick", "pick"], "enough": ["im", "to"], "finger": ["fuckin"], "diamonds": ["like"], "silly": [" "], "sold": ["in", "your"], "bought": ["a"], "blow": ["dealer", "steam"], "notice": ["you", "you", "you"], "felons": ["and"], "screen": ["gems"], "metal": ["but"], "cut": ["through"], "multiplies": ["by"], "carbon": ["audemar"], "condo": [" "], "come": ["and", "to", "through", "true"], "legit": ["drug"], "kitchen": ["niggas", " "], "both": ["got"], "feeling": ["of", "of", "only", "is"], "last": ["spot"], "signed": ["by"], "marnier": [" "], "taking": ["niggas", "niggas", "niggas"], "barely": ["paying"], "drug": ["dealer", " "], "bristol": ["palin"], "faces": ["cryin"], "puff": ["woulda"], "rodney": ["kings"], "whole": ["life", "\u2018nother", "\u2018nother", "\u2018nother", "\u2018nother"], "i\u2019mma": ["pour"], "motherfuckers": [" "], "palin": ["then"], "pop": ["tags", "when"], "church": ["on"], "kings": ["rodney", " "], "along": ["no"], "willy": [" "], "lv": ["sport"], "devil": ["legit"], "yay": ["as"], "glocks": ["cocked"], "chrome": ["wheel"], "west": ["side"], "three": ["of"], "been": ["told", "told", "trippin\u2019"], "coupe": ["i\u2019m"], "convicted": ["cried"], "much": ["as", "trouble"], "hottest": ["7"], "dame": [" "], "engine": ["in"], "dry": ["like"], "life": ["like"], "shopping": ["is"], "champion": ["god"], "foes": [" ", " "], "drugs": ["like"], "thousand": ["on"], "crack": ["house"], "gas": ["floored"], "else": [" ", " ", " ", "could"], "lets": ["just"], "mannequin": ["to"], "child": [" "], "sellin\u2019": ["it"], "haters": ["rest"], "spirit": ["like"], "sound": ["like"], "pacs": [" "], "these": ["black", "yeezys", "haters", "motherfuckers"], "tip": ["on"], "neimans": ["nigga"], "admire": ["ye"], "lizard": ["nigga"], "mightve": ["caught"], "ill": ["intentions"], "theres": ["a"], "ive": ["been", "been"], "cane": [" "], "getting\u2019": ["jiggy"], "is": ["more", "the", "crime", "mine", "crime", "luxury", "neutral", "youthful", "for"], "coupes": [" "], "it": [" ", " ", "yeaah", "over", "in", "i\u2019mma", "in", "rain", "ghetto", "ricocheted", "in", "and", "does"], "cant": ["nobody", "get", "cut"], "im": ["taking", "the", "out", "taking", "the", "cooking", "wearing", "in", "so", "taking", "the", "tired", "paranoid", "haunted", "crying", "the", "just", "just", "from", "on", "way", "way"], "in": ["the", "the", "this", "all", "the", "the", "the", "the", "the", "the", "the", "the", "that", "that", "the", "the", "neimans", "the", "the", "the", "christians", "everything", "bold", "ibiza", "the", " ", "peace", "his", "front", "a", "a", "the", "our", "jesus", "the", "the", "the", "my", "philly", "my"], "everyday": ["them"], "if": ["the", "the", "you", "you", "you", "you"], "different": ["words"], "hooklyrics": ["submitted", "submitted"], "bottles": ["pour"], "pay": ["your"], "make": ["a", "an", "enemies"], "same": ["coupes", "hoes", "clothes", "watch", "symmetry"], "shorter": ["than"], "add": ["fame"], "pac": ["at"], "grand": ["marnier"], "party": ["hard", "that", "that", "that"], "couple": ["bars", "berries"], "wheel": ["tires"], "used": ["to"], "ye": ["got", "fuck", " ", " "], "buzz": [" "], "tops": ["blue", "bad"], "coachella": [" "], "rain": [" "], "pedal": ["i"], "tighter": ["than"], "pull": ["the", "strings"], "task": ["force"], "i": ["was", "party", "fire", "behind", "was", "want", "behind", "was", "was", "restore", "can", "found", "got", "got", "got", "got", "restore", "believe", "put", "was", "think", "came", "wouldnt", "want", "aint", "guess", "made", "dont", "dont", "took", "let", "got", "got", "accidentally", "wanna", "envision", "mentioned", "feel"], "no": ["resolution"], "well": ["if", "annihilate", "not"], "anybody": ["that"], "without": ["a", "you"], "oops": ["they"], "bottle": ["wars"], "swiss": ["nigga"], "the": ["only", "screen", "floor", "ku", "crown", "only", "trunk", "kitchen", "mannequin", "price", "911", "crown", "only", "ceiling", "ceiling", "ceiling", "ceiling", "closet", "closet", "closet", "closet", "holy", "feeling", "closet", "ceiling", "boy", "forbes", "shit", "gas", "hood", "same", "same", "feeling", "closet", "ceiling", "razor", "counter", "kitchen", "god", "coachella", "umbrella", "yay", "park", "good", "jumpman", "champion", "clothes", "world", "312", "god", "car", "summer", "street", "water", "cane", "new", "choir", "hoes", "hoes", "blackout", "back", "glass", "crack", "back", "black", "macs", "mask", "last", "jackpot", "carbon", "scenes", "gun", "creator", "game", "world", "crust", "arm", "creator", "speakers", "feeling", "gang", " ", "reup\u2019s", "hipsters", "critics", "chemistry", "wizardry", "top"], "thats": ["a", "what"], "bodies": ["on"], "i\u2019m": ["goin", "a", "going", "a"], "restore": ["the", "the"], "world": ["come", "but"], "cameo": ["tryna"], "just": ["so", "keepin", "to", "the", "to", "see", "follow"], "211": [" "], "money": [" ", " ", " ", "girls", "or"], "rest": ["in"], "cries": ["when"], "kill": ["bin", "these"], "kilo": ["for"], "outtatown": ["nigga"], "gettin\u2019": ["kinda"], "gems": [" "], "death": ["multiplies"], "acapella": [" "], "let\u2019s": ["hit"], "nick": ["sold"], "rose": ["gold"], "had": ["shyne", "room"], "cuz": ["i"], "it\u2019s": ["good", "the", "gettin\u2019", "wolf"], "havin": ["bottle"], "shout": ["out", "out"], "forbes": ["of"], "4": ["up"], "crying": ["sayin"], "javoris": ["brown"], "necks": ["til"], "has": ["the", "been"], "real": ["niggas", "niggas", "niggas"], "milli": ["you\u2019re"], "big": ["face"], "showing": ["my"], "early": ["mornin"], "shitty": ["shoppin", "rapper"], "game": [" ", "you"], "five": ["stars"], "know": ["what", " ", "they", "but", "but"], "mom": [" "], "wholesaler": [" "], "59": [" "], "daytonas": ["rose"], "dreams": [" ", "dont"], "fortune": [" "], "like": ["its", "a", "god", "boondocks", "donatello", "task", "clothes", "pac", "an", "there", "a", "gepetto", "a", "the"], "success": [" "], "bobby": ["brown"], "clown": ["niggas"], "soft": ["loafer"], "nigga": ["havin", "a", "f", " ", " ", "only", "so", "commiting", "mash", "with", " ", " "], "envision": ["my"], "people": ["was"], "fucking": ["walking"], "crown": ["aint", "aint", "nigga"], "back": [" ", "out", "route"], "alive": [" "], "motive": [" "], "lips": [" "], "trippin\u2019": ["since"], "home": ["owners"], "matching": ["daytonas"], "tripped": ["on"], "happens": ["when"], "hipsters": ["with"], "youthful": [" "], "for": ["something", "that", "all", "twenty", " ", "more", "one", "the"], "tmz": [" "], "kettle": [" "], "fox": [" "], "everything": ["i", "else", "else", "else"], "does": [" "], "911": ["is", "cost"], "christmas": ["in"], "welcome": ["to"], "bold": ["letters"], "step": ["on"], "willies": [" "], "exciting": [" "], "enemies": [" "], "by": ["design", "design", "horror", "javoris", "threes", "hov", "michael", "albert"], "hiding": ["choppers", "choppers"], "on": ["my", "the", "tmz", "nintendo", "his", "it", "chrome", "all", "every", "the", "your", "the", "us", "us", "they", "that", "fire", "a", "my", "my", "bristol", "the", "sale"], "ferraris": ["south"], "boondocks": [" "], "wouldnt": ["i", "piss"], "most": ["hated"], "of": ["me", "line", "time", "success", "when", "france", "our", "when", "everything", "his", "using", "bitch\u2019s", "my", "pills", "socks", "dockers", "what", "your"], "biscuit": [" "], "favorite": ["pair"], "scott": [" "], "wolf": ["gang"], "stand": ["for"], "yeezy": ["not"], "wanna": ["see", "fuck"], "or": ["its", "with"], "shoppin": ["at"], "ladies": ["say", "say"], "whats": ["the", "a", "a", "a"], "cocked": ["screamin\u2019"], "choppers": ["choppers", "in", "choppers", "in", "choppers", "in", "choppers", "in", "in", "in"], "socks": ["ironed"], "two": ["glocks", "different"], "shyne": ["with"], "pair": ["of", "of", "o"], "right": [" ", "in"], "hang": ["to"], "your": ["dvd", "bank", "tides", "toes", "bitches", "soul", "whole", "game"], "mask": ["down"], "there": ["pop", "the"], "fast": ["forward"], "stars": ["but"], "forward": ["oops"], "call": ["my"], "was": ["fing", "fing", "fing", "my", "there", "good", "frontin"], "buy": ["them", "the"], "some": ["bitches"], "coke": ["rise"], "frost": ["organic"], "but": ["this", "the", "i", "since", "sell", "these", "ive", "ive", "still", "not"], "neutral": ["the"], "rick": ["james"], "uncle": ["that"], "line": [" ", " ", "them"], "dopeboy": ["quotable", "led", "quotable", "quotable"], "true": ["enough", " "], "brick": ["from"], "he": ["convicted", "even"], "pusha": ["aint"], "made": ["a", "a", "something", "it", "the"], "biggie": ["smalls"], "pharrell": ["said"], "using": ["condoms"], "up": ["on", "hard", "and", "i", "your", "and", "in"], "us": [" ", " ", " ", " ", " "], "until": ["i"], "record": ["sales"], "miguel": ["cotto"], "stories": ["wannabe"], "problem": ["cause"], "temper": ["matched"], "breathe": [" "], "supreme": ["dope"], "hated": ["to"], "chad": ["hugo\u2019s"], "hugo\u2019s": ["pupils"], "ah": [" "], "circus": ["without"], "am": ["i", "i"], "sales": ["aint"], "watches": [" "], "an": ["outtatown", "uncle", "arc"], "as": ["theirs", "a", "my", "a"], "at": ["the", "targ\u00e9t", "the"], "ay": [" ", "thats"], "pits": [" "], "shooting": ["us"], "dealer": ["write", " ", " "], "shit": ["that", "cook", "sound", " ", "yall", "is", "today", "today"], "phantom": ["the"], "thugs": [" "], "paradox": [" "], "floor": ["when"], "floored": [" "], "peace": ["to"], "when": ["them", "everyday", "good", "im", "that", "niggas", "he", "niggas", "puff", "you", "i", "i", "you"], "40": ["thousand", "killings", "killings"], "til": ["they"], "fire": ["back", "ay"], "\u2018em": [" ", " "], "you": [" ", "mightve", "better", "out", " ", "ballplayers", " ", "know", "more", "over", "goin", "dreams", "clown", "flood", "can", "sold", "cant", " ", "can", "hope", "know", "get", "get", "add", "and", "niggas", "niggas", "at", "make"], "really": ["it\u2019s", "shitty"], "roll": ["through"], "10": ["milli"], "picture": ["working", "of"], "bitch\u2019s": ["lips"], "tides": [" "], "time": [" ", "with"], "stay": ["away"], "keepin": ["yall"], "kinda": ["chilly"], "nintendo": ["playing"], "commiting": ["treason"], "weekend": ["40"], "christians": ["have", "and"], "goin": ["h\u00b7a\u00b7m", "coupe", "four"], "ghost": [" "], "land": ["a"], "stunt": ["man"], "scenes": ["pull"], "dvd": [" "], "holes": ["in"], "yeaah": [" "], "together": ["right"], "mash": ["on"], "doubted": ["the"], "treason": [" "], "fresh": ["get", "get"], "targ\u00e9t": [" "], "resolution": [" "], "strings": ["like"], "whitney": ["houston"]}