{"all": ["nite", "day", "this", "these"], "magnetic": ["presences"], "go": ["thru"], "decisions": ["we"], " ": ["sent", "hasty", "both", "walking", "the", "memories", "still", "still", "the", "come", "its", "and", "its", "gotta", "and", "today", "tonite", "come", "this", "we", "you", "feelings", "and", "but", "or", "like", "the", "yes", "consummate", "and", "today", "tonite", "i", "your", "the", "now", "a", "full", "see", "im", "have", "we", "doin", "when", "come", "you", "the", "today", "tonite", "said", "lifes", "but", "hiphop", "and", "know", "dont", "i", "and", "im", "tell", "come", "come", "now", "now", "uh", "one", "one", "we", "we", "we", "hands", "playlist", "cosmic", "lovebug", "run", "doug", "rakim", "leaders", "big", "fat", "large", "brand", "rip", "primo", "sv", "and", "makes"], "certainly": ["yes", "we"], "young": ["man"], "to": ["bail", "watch", "death", "taaaake"], "sent": ["you", "you"], "town": [" "], "gravitate": ["towards"], "rise": [" "], "fat": ["and"], "bringing": ["it"], "minute": ["young"], "school": ["snoop"], "mc": ["man"], "did": [" "], "gettin": ["up", "up", "up", "up", "up", "up", "uplyrics", " "], "large": ["professor"], "race": ["and"], "louie": ["d"], "force": ["bammbaataa"], "leaders": ["of"], "hideaways": ["the"], "heres": ["a"], "takin": ["over"], "crush": ["furious"], "waiting": ["it"], "bdp": ["dana"], "above": ["eazye"], "new": ["school"], "eazye": ["and"], "filled": ["with", "with"], "full": ["of"], "herc": ["said"], "never": ["get", "end"], "here": ["baby"], "understanding": ["oh"], "kids": ["have"], "omar": [" "], "makes": ["all", "my"], "thats": ["for"], "love": ["me", " "], "feelings": ["that", "rise"], "everybody": ["gravitate"], "snoop": ["dogg"], "faint": ["of"], "pearl": [" "], "call": ["em"], "ahhh": [" "], "duds": [" "], "thru": ["the", "they", " "], "tell": ["me"], "today": ["is", "is", "is"], "more": [" "], "diamond": ["d"], "rich": ["history"], "ooooooh": [" "], "luve": [" "], "baby": ["dont"], "me": ["like", "like", "too", "a", "away"], "spoonie": ["schooly"], "this": ["kind", "all", "thing", "feeling", "vibe"], "cuddle": ["up"], "can": ["tour", "start", "expand", "do"], "starski": ["junebug"], "bammbaataa": ["jazzy"], "my": ["mind", "bid", "knees", "nigga", "nigga", "eyes", "space", "facelyrics"], "history": [" ", " "], "heart": ["who"], "corretta": [" "], "graaaay": [" "], "wonderful": ["spectrum"], "end": [" "], "vibe": ["im"], "dilla": ["at", "at"], "1": ["tone", "luve", "mc", "controller"], "staying": ["with"], "may": ["still"], "stop": ["this"], "lay": ["around"], "man": ["and", " ", " ", "walked", "your"], "a": ["message", "common", "bankroll", "bad", "girl", "clan", "friend", "wonderful", "couple", "couple", "placement", "story", "time", "man"], "hasty": ["decisions"], "bind": [" "], "sv": ["uh"], "so": ["grumpy", "comfy", "colorful", "into"], "enter": ["message"], "furious": ["five"], "playing": ["again"], "sweatin": ["its"], "ludacris": ["and"], "over": ["here", "your"], "soon": [" "], "through": ["sound"], "cold": ["crush"], "still": ["prevail", "bind", "a", "a", "can", "together"], "its": ["a", "for", "right", "bangin", "bangin", "critiquing"], "pras": [" "], "ll": ["kane"], "better": [" ", "place"], "them": ["come", "you"], "good": ["times"], "ye": [" "], "schooly": ["d"], "bankroll": ["and"], "they": ["still", "shape"], "hands": ["sweatin"], "not": ["1", "1"], "now": ["look", "heres", "it", "that", "that", "that", "that"], "day": [" "], "always": ["for"], "truth": ["and"], "each": ["other"], "found": ["the", "you", "you"], "bone": ["thugz"], "em": ["up", "duds"], "kane": ["biz"], "yeah": ["thats", "still"], "tonite": ["is", "is", "is"], "doug": ["e"], "our": ["identity", "lives", "physical", "sprits", "drums"], "girl": [" "], "out": ["in"], "leave": ["our"], "space": ["better"], "ricky": ["d"], "nite": [" "], "got": ["them", "me", "played"], "critiquing": ["all"], "outkast": ["where"], "story": ["to"], "advance": ["certainly"], "could": ["be", "be"], "cosmic": ["force"], "times": [" "], "thing": ["we", "and"], "place": ["cant"], "facelyrics": ["submitted"], "dont": ["be", "look", "stop"], "feel": [" ", "the"], "one": ["can", "step", "record", "minute"], "message": ["sent", "through"], "nubian": ["diamond"], "playlist": ["setting"], "dogg": ["monie"], "comfy": [" "], "needed": ["breaks", "to"], "2": ["history"], "too": [" "], "rockin": ["with"], "friend": [" "], "eyes": ["it"], "that": ["should", "its", "now", "i", "now", "i"], "kennedys": [" "], "wrasslers": ["and"], "kind": ["of"], "b": ["spoonie"], "bid": [" "], "gotta": ["get"], "submitted": ["by", "by"], "bee": [" "], "dane": ["ricky"], "feeling": ["i"], "dana": ["dane"], "and": ["yeah", "yeah", "always", "most", "we", "we", "we", "i", "you", "chivalry", "make", "when", "promise", "not", "ossie", "corretta", "its", "feel", "take", "take", "we", "the", "pac", "bone", "skinny", "the", "pras", "jay", "ye", "when"], "mind": [" "], "spectrum": ["not"], "have": ["found", "a", "a"], "lil": ["wayne"], "sound": [" "], "take": ["meeeeee", "meeeeee"], "taaaake": ["me"], "towards": ["you"], "doin": ["it"], "who": ["never"], "most": ["scavengers"], "hiphop": ["is"], "said": ["we", "boom"], "plan": [" "], "the": ["corridors", "hideaways", "nooks", "madness", "thing", "world", "pretty", "faint", "kennedys", "things", "same", "1", "1", "plan", "breeze", "moon", "masterdon", "new", "rapper"], "placement": ["for"], "bangin": ["toooo", "for"], "professor": ["lauryn"], "consummate": ["this"], "clean": [" "], "skinny": ["boys"], "doves": ["exposed"], "walking": ["thru"], "prophetsized": ["you"], "bail": [" "], "busy": ["bee"], "jay": ["ll", " "], "should": ["never"], "wayne": ["and"], "pretty": ["pearl", "lets"], "do": ["this", "it"], "colorful": [" "], "get": ["enough", "tough"], "watch": ["everybody"], "pimp": ["c"], "primo": ["outkast"], "rapper": ["nas"], "bad": ["race"], "common": ["man", "lil"], "where": ["my", "my"], "see": ["we", "it"], "are": ["up"], "knees": [" "], "markie": [" "], "away": [" "], "meeeeee": ["ooooooh", "with"], "enough": [" "], "destini": [" "], "nooks": ["there"], "email": [" "], "corridors": ["of"], "we": ["may", "both", "had", "call", "and", "and", "ahhh", "gettin", "gettin", "can", "can", "could", "go", "cuddle", "gettin", "gettin", "had", "did", "like", "leave", "gettin", "gettin", "gettin", "waiting", "bang", "wrasslers", "takin"], "kool": ["herc"], "scavengers": ["have"], "come": ["back", "on", "on", "over", "on", "on", "thru", "on", "on", "on", "and", "and", "soon"], "both": ["needed", "needed"], "c": ["common"], "tour": [" "], "expand": [" "], "comes": ["clean"], "tough": ["buckle"], "lauryn": ["wyclef"], "respect": ["me"], "wyclef": ["and"], "lifes": ["filled"], "barry": ["b"], "much": ["more"], "yooooou": [" "], "controller": ["of"], "sprits": ["still"], "lives": ["so"], "loon": [" "], "look": ["so", "at", "into"], "these": ["feelings"], "cash": ["money"], "will": ["barry"], "ossie": ["like"], "played": ["kool"], "is": ["nice", "right", "nice", "right", "nice", "right", "playing"], "it": ["alright", "back", "to", "better", "comes", "was", "makes", "in"], "rip": ["pimp"], "cant": ["you"], "im": ["bringing", "puttin", "so", "gettin"], "in": ["the", "my", "my"], "things": ["we"], "make": ["it", "them"], "same": ["way"], "pac": ["are"], "puttin": ["in"], "couple": ["of", "of"], "upon": ["my"], "hand": [" "], "identity": [" "], "rakim": ["bdp"], "uplyrics": ["submitted"], "i": ["advance", "like", "feel", "just", "found", "found"], "bang": ["our"], "breeze": ["upon"], "biz": ["markie"], "grumpy": [" "], "just": ["like", "wanna"], "money": ["and"], "shape": ["our"], "madness": ["the"], "yes": ["they", "pretty", "we"], "death": ["no"], "nas": [" "], "had": ["was", "an"], "lets": ["do"], "other": ["with"], "around": ["all"], "big": ["and"], "breaks": ["we"], "five": ["and"], "know": ["its"], "world": [" "], "like": ["the", "a", "your", "doves", "staying", "to", "louie", "martin"], "clan": ["just"], "d": ["and", "jay", " ", " ", "ludacris"], "martin": ["and"], "right": ["come", " ", "come", "with", "come"], "exposed": ["2"], "back": ["home", "im"], "sure": [" "], "presences": ["make"], "home": ["dont"], "for": ["sure", "a", "the", "your", "you"], "memories": ["certainly"], "moon": [" "], "be": ["out", "so", "like"], "run": ["d"], "jazzy": ["5"], "step": ["at"], "drums": ["enter"], "by": ["destini", "omar"], "on": ["we", "we", "we", "we", "now", "we", "we", "the"], "lifestyle": ["could"], "oh": ["yes"], "of": ["my", "heart", "lifestyle", "excitement", "kids", "cribs", "right", "the"], "together": [" "], "wanna": ["lay"], "or": ["we"], "chivalry": [" "], "into": ["your", "my"], "masterdon": [" "], "nigga": ["dilla", "dilla"], "promise": ["that"], "your": ["man", "magnetic", "hand", "rich", "time", "town"], "buckle": ["em"], "there": ["filled"], "start": ["a"], "way": ["you"], "was": ["much", "prophetsized"], "brand": ["nubian"], "toooo": [" "], "but": ["love", "now"], "boys": ["cash"], "lovebug": ["starski"], "with": ["good", "each", "truth", "the", "the", "graaaay", "yooooou"], "dull": [" "], "up": ["we", " ", " ", "and", " ", " ", " ", " ", "above"], "excitement": ["and"], "record": ["got"], "uh": ["uh", "one", "uh", "where"], "an": ["email", "understanding"], "at": ["our", "a", " ", " "], "prevail": [" "], "physical": ["our"], "again": [" "], "tone": ["dull"], "no": ["one"], "thugz": [" "], "when": ["we", "we", "you"], "junebug": ["busy"], "setting": ["cold"], "5": [" "], "boom": [" "], "you": ["a", "an", "and", "respect", " ", "got", "got", "rockin", " ", " ", " ", "loon", "look", "see"], "nice": ["come", "come", "come"], "monie": ["love"], "e": ["will"], "cribs": [" "], "walked": ["on"], "time": ["a", "come"], "alright": [" "]}