{"all": ["four", "the"], "stores": ["across"], "just": ["an", "let"], "less": ["i", "i", "i"], "rippin": ["coliseums", "coliseums", "coliseums", "coliseums"], "over": ["dubs", "dubs", "dubs", "dubs"], "seen": ["in"], "catch": ["a"], "synonyms": ["dont"], "radio": ["station"], "smash": ["hits"], "x3": [" "], "rough": ["at"], "still": ["converse", "plays"], "its": ["off", "rakim"], "blow": ["me", "me", "me", "me"], " ": ["ay", "rakim", "i", "always", "just", "ive", "its", "youll", "this", "never", "and", "from", "coast", "from", "rhymin", "girls", "musical", "you", "universoul", "whenever", "attract", "nothins", "i", "never", "and", "from", "coast", "from", "rhymin", "girls", "coast", "rhymin", "an", "ya", "on", "which", "propped", "stalk", "my", "so", "its", "never", "and", "from", "coast", "from", "rhymin", "girls"], "style": ["i"], "got": ["classics", "they", "the"], "till": ["dawn"], "thang": ["till"], "show": ["appreciation"], "woodstock": ["yeah"], "to": ["this", "end", "come", "cali", "the", "bless", "stop", "there", "the", "the", "cali", "cali", "coast", "cali", "cali", "rhyme", "motor", "wherever", "keep", "my", "ask", "hear", "the", "cali", "cali", "coast", "cali", "cali", "coast", "bring", "show", "get", "drop", "the", "cali", "cali", "coast", "cali", "cali"], "jam": ["still"], "cassette": ["decks"], "headsets": ["i"], "reach": ["incredible"], "east": ["to", "to", "to"], "feats": ["to"], "first": ["displays", "jam"], "me": ["kisses", "hugs", "rhyme", "kisses", "hugs", "kisses", "hugs", "to", "kisses", "hugslyrics"], "designs": ["and"], "woman": ["are"], "livin": ["at"], "yo": ["turn"], "format": ["adapt"], "ya": ["in", "livin", "sing"], "similar": ["to"], "rock": ["do"], "rhyme": ["smooth", "time", " "], "gonna": ["win"], "coast": ["to", "ive", "to", "ive", "to", "ive", "to", "ive"], "every": ["ghetto", "state", "phrase"], "know": ["the"], "they": ["scream", "play", "travel", "couldnt"], "supplies": [" "], "bit": ["g"], "echo": ["in"], "day": ["and"], "ghetto": ["meadow"], "wont": ["age"], "four": ["corners"], "like": ["woodstock", "to"], "rhymin": ["over", "over", "over", "over"], "always": ["seem"], "drop": ["the", "new"], "peeps": [" "], "wait": ["for"], "manifest": [" ", " ", " "], "leave": ["the", "ya"], "night": ["time"], "where": ["the"], "clap": ["to"], "em": ["clap", "whats"], "improvise": ["live"], "right": ["time", "rhyme"], "meadow": ["and"], "weight": [" "], "allah": [" "], "play": ["it"], "related": ["already"], "clubs": [" ", " ", " ", " "], "are": [" "], "dawn": ["i"], "best": ["time"], "out": ["at"], "bless": ["one"], "by": ["edud"], "plays": [" "], "for": ["thugs", "thugs", "thugs", "the", "the", "my", "the", "me", "the", "thugs"], "record": ["stores"], "interpretated": ["hiphop"], "get": ["deep"], "state": ["and", "than"], "adapt": ["to"], "between": ["on"], "new": ["york", "york", "york", "designs", "york", "york", "stock", "york", "york"], "universoul": ["format"], "youll": ["catch"], "across": ["the"], "sidestreet": ["and"], "decks": ["walkman"], "be": ["swingin"], "we": ["can"], "provide": ["a", "a", "a"], "bass": ["up"], "do": ["a", "a"], "nothins": ["similar"], "never": ["the", "the", "the"], "here": ["to"], "hightech": [" "], "how": ["it"], "let": ["the"], "york": ["to", "to", "to", "to", "to", "to", "to"], "ask": ["em"], "rakims": ["gonna"], "along": ["ill"], "come": ["again", "in", "out", "on"], "throw": ["me", "me", "me", "me"], "walkman": ["headsets"], "stage": ["they", "i"], "shine": ["the"], "on": ["stage", "stage", " ", "tour", "fly"], "great": ["when"], "kids": ["cassette"], "bring": ["a", "it"], "g": [" "], "memorized": ["in"], "of": ["the"], "could": ["rock"], "wherever": ["ya"], "days": ["and"], "keep": ["it"], "turn": ["the"], "tour": ["stop"], "plus": ["thats"], "gear": ["inform"], "classics": ["which"], "block": ["party", " "], "thats": ["my", "where", "hightech", "why", "how"], "concert": ["on"], "heavy": ["populate"], "already": ["dedicated"], "whats": ["the"], "dont": ["want"], "win": [" "], "seizure": ["if"], "one": ["to", "thats", "is"], "everyone": ["from"], "swingin": ["long"], "long": ["we"], "motor": [" "], "sing": ["along"], "reached": ["for"], "couldnt": ["wait"], "mental": ["enterprise"], "everybody": ["that"], "city": ["in"], "from": ["new", "here", "the", "new", "new", "all", "far", "the", "new", "new", "the", "new", "new"], "start": ["to"], "west": [" ", " ", " "], "there": ["ideas"], "girls": ["blow", "blow", "blow", "blow"], "been": ["seen", "rippin", "rippin", "rippin", " ", "rippin"], "next": ["one"], "cali": [" ", "to", "x2", "to", " ", "to", "x2", "to", " ", "to", "x3", "to", " "], "live": ["with"], "station": ["to"], "valley": ["sidestreet"], "tell": ["the"], "funll": ["begin"], "streets": ["beats"], "deeper": ["mind"], "that": ["you", "could"], "kisses": ["and", "and", "and", "and"], "converse": ["with"], "hits": ["wont"], "yeah": ["rakim"], "appreciation": [" "], "mans": ["first"], "hear": ["severe", "me"], "deep": ["for"], "goods": ["again"], "x2": [" ", " ", " "], "coliseums": ["and", "and", "and", "and"], "ear": [" "], "with": ["the", "my", "the"], "than": ["anesthesia"], "sound": ["rough"], "kind": ["start"], "look": ["like"], "rage": [" "], "this": ["x2", "one", "is", "is", "from"], "smooth": ["in"], "up": ["a"], "submitted": ["by"], "crowdpleaser": ["drop"], "near": ["from"], "stalk": ["kids"], "can": ["do"], "concepts": ["thats"], "edud": ["ciryl"], "propped": ["for"], "my": ["procedure", "mental", "supplies", "seminar", "smash", "peeps", "first"], "ill": ["bring", "be"], "procedure": ["leave"], "displays": ["still"], "and": ["sound", "valley", "alley", "between", "manifest", "this", "clubs", "throw", "shine", "manifest", "this", "clubs", "throw", "clubs", "throw", "slam", "manifest", "this", "clubs", "throw"], "ive": ["been", "been", "memorized", "been", "been", "been"], "dedicated": ["to"], "fashion": ["new"], "whenever": ["they"], "then": ["improvise", "again"], "flow": ["at"], "is": ["in", "from", "from"], "mind": ["state"], "it": ["it", "gets", "heavy", " ", "look", "on", "shouldve"], "alley": ["from"], "an": ["echo", "expert"], "fly": ["concepts"], "beats": ["for"], "slam": ["thats"], "at": ["the", "night", "from", "a", "all", "the"], "want": ["to"], "in": ["synonyms", "the", "every", "every", "a", "a", "gear", "my"], "ay": ["yo"], "phrase": ["i"], "seem": ["to"], "attract": ["everybody"], "anesthesia": [" "], "seminar": ["they"], "if": ["you"], "again": ["funll", " ", "thats"], "thugs": [" ", " ", "girls", " "], "end": ["rakims"], "corners": ["of"], "lil": ["bit"], "make": ["em", "it"], "means": ["my"], "when": ["the", "i"], "ideas": ["that"], "far": ["plus"], "jeeps": ["i"], "drummer": ["come"], "which": ["means", "reached"], "hugs": [" ", " ", " "], "party": ["make"], "you": ["try", "hear", "know"], "gets": ["interpretated"], "rides": ["ive"], "stock": ["for"], "worldwide": ["request", "request", "request"], "map": [" "], "begin": ["when"], "populate": ["it"], "stop": ["the", "at"], "shouldve": ["been"], "enterprise": ["then"], "dubs": ["for", "for", "for", "for"], "quota": ["fashion"], "hiphop": ["related"], "ciryl": [" "], "song": ["ill"], "nation": ["flow"], "unorthodox": ["style"], "why": ["the"], "a": ["lil", "rage", "deeper", "seizure", "worldwide", "block", "worldwide", "concert", "song", "thang", "worldwide"], "rakim": ["make", "allah", "then"], "hugslyrics": ["submitted"], "off": ["to"], "expert": ["at"], "neighborhoods": ["i"], "i": ["come", "leave", "operate", "provide", "like", "provide", "got", "came", "reach", "got", "come", "got", "provide"], "try": ["to"], "age": [" "], "incredible": ["feats"], "request": ["and", "and", "and"], "musical": ["rides"], "inform": ["everyone"], "severe": ["to"], "so": ["tell"], "time": ["with", " ", "to", "to"], "international": ["kind"], "the": ["bass", "drummer", "right", "right", "day", "city", "next", "great", "crowdpleaser", "weight", "ear", "less", "east", "west", "quota", "international", "map", "woman", "best", "less", "east", "west", "record", "nation", "radio", "streets", "jeeps", "unorthodox", "block", "days", "mans", "neighborhoods", "goods", "less", "east", "west"], "operate": ["just"], "scream": ["every"], "came": ["to"], "travel": ["near"]}