{"shop": [" "], "all": ["out", "id", "dramatic"], "six": ["shot"], "shot": ["eclipse"], "office": ["rocking"], "money": ["and"], "scam": ["change"], "meter": [" "], "bring": ["the"], "hating": ["me"], "go": ["downtown"], "follow": [" "], "chair": ["getting"], "still": ["scam"], "its": ["about", "about", "hot", "hot"], "bunch": ["of"], "blow": [" "], " ": ["its", "i", "humping", "wellyou", "thats", "and", "hes", "now", "alert", "hood", "if", "im", "im", "these", "you", "overseas", "im", "and", "trust", "static", "id", "my", "because", "gonna", "hope", "but", "hustlers", "just", "yo", "bitch", "shit", "and", "yes", "my", "hotter", "get", "the", "ay", "im", "gettin", "say", "fuck", "only", "then", "and", "gonna", "hope", "but", "hustlers", "just", "it", "you", "i", "make", "i", "put", "rock", "i", "scared", "too", "it", "hey", "stop", "and", "ay", "gonna", "hope", "but", "hustlers", "just"], "style": ["aggressor"], "violate": ["me"], "nines": [" "], "knicks": [" "], "commisioner": ["when"], "dick": ["and"], "hot": ["to", "to", "shit", " "], "bust": [" "], "crew": ["then"], "better": ["hit"], "to": ["these", "your", "the", "go", "bust", "violate", "god", "pull", "follow", "god", "pull", "a", "push", "god", "pull"], "only": ["right"], "squad": ["motherfuckers"], "degrees": ["out"], "humping": ["in"], "wet": ["overflooding"], "peanuts": [" "], "bout": ["to"], "margarita": [" "], "rocking": ["straight"], "ride": ["in", "in", "in"], "hope": ["to", "to", "to"], "then": ["its", "buy"], "coffee": ["shop"], "woman": ["back"], "hit": ["you", "the"], "playa": ["but"], "yo": ["jeeps", "im", "what", "them"], "pull": ["the", "the", "the"], "stop": ["yall", "nigger", "yall", "nigger", "sucking"], "gonna": ["hit", "let", "ride", "ride", "ride"], "tatted": [" "], "know": ["you", " "], "listening": ["to"], "not": ["a", "enough", "enough"], "now": ["were", "first"], "fag": ["ass"], "ghetto": ["rolling"], "as": ["hell"], "like": ["backspins", "im", "the", "the", "booker"], "pimp": [" "], "everytime": ["we"], "cooler": ["than"], "gettin": ["chickens"], "rapper": ["who"], "l": ["cause", "cause", "cause"], "sniffing": ["glue"], "kenneth": ["coles"], "nigger": ["who", "for", "for", " ", " ", "who", "for"], "t": ["like"], "sucking": ["on"], "rock": ["a", "it"], "spiral": ["the"], "straight": ["karats"], "yall": ["hating", "talk", "it", "it"], "em": ["mo"], "plastic": ["grips"], "right": ["and", "now", "i"], "hell": ["to"], "cant": ["hang"], "habit": [" "], "aggressor": [" "], "scared": ["as"], "back": ["of", "into"], "around": ["them"], "static": ["niggers"], "are": ["you"], "infiltration": [" "], "hoes": ["up"], "patient": [" "], "fiveo": ["stash"], "yes": ["smoke"], "out": ["there", "there", "yo", " ", "the"], "what": ["you"], "glue": [" "], "redman": [" "], "for": ["hardcore", "the", "life", "life", "life"], "pussies": ["wet"], "cerebral": ["will"], "god": ["i", "i", "i"], "desperado": ["im"], "slide": ["on"], "thats": ["right"], "nutty": ["professor"], "enough": ["time", "nines"], "coles": [" "], "hoochie": [" "], "wellyou": ["tell"], "it": ["dont", "dont", "dont", "to", "be", "hot"], "got": ["the", "the", "the"], "hotter": ["than"], "champagne": ["rump"], "cause": ["im", "im", "im"], "whipped": [" "], "ass": ["commisioner"], "be": ["the", "the", " ", "too"], "shaker": ["part"], "kufi": [" "], "hash": [" "], "mad": ["rapper"], "love": ["robbing"], "cars": ["yall"], "backspins": ["on"], "here": ["come"], "pressure": ["with"], "we": ["look"], "let": ["the"], "smokin": ["blocks"], "put": ["rappers"], "overflooding": ["peanuts"], "come": ["fiveo"], "change": ["out"], "jew": ["rock"], "oo": ["ahh", "ahh"], "on": ["the", "my", "your", "my"], "about": ["40", "erwell", "the"], "getting": ["tatted"], "of": ["all", "hash", "pussies", "the"], "just": ["gently", "gently", "gently"], "shiznit": [" "], "keep": ["you", "the", "you", "you"], "hustlers": ["got", "got", "got"], "niggers": ["actin", "on"], "harass": ["because"], "gangsta": ["bitch"], "place": ["the", "the", "the"], "smoke": ["cabbage", "a"], "act": ["to"], "motherfuckers": ["keeps"], "block": [" "], "first": ["of"], "rollo": [" "], "already": ["whipped"], "tough": ["act"], "dont": ["have", "have", "stop", "stop", "stop", "stop", "have"], "keeps": ["it"], "bricks": ["like"], "pussy": ["nigger"], "ahh": ["oo", " "], "dashiki": ["and"], "one": ["from", "two"], "ii": [" "], "because": [" ", "i"], "bitch": ["like", "you", "who"], "hang": ["with"], "amsterdam": ["coffee"], "sounds": [" "], "trust": ["that"], "loaded": ["desperado"], "your": ["fag", "crew", "local", "kenneth"], "hood": ["regulation"], "kok": ["in"], "light": ["up", "up", "up"], "from": ["redman"], "monkey": ["out"], "beef": ["gyro"], "hes": ["gonna"], "there": [" ", "listening"], "two": [" "], "next": ["patient"], "hitting": ["doc", "hoes"], "regulation": ["is"], "much": ["money"], "music": ["to"], "too": ["much", "many"], "lot": [" "], "rump": ["shaker"], "actin": ["all"], "white": ["boys"], "bubble": ["more"], "tell": ["em"], "more": [" "], "life": [" ", " ", " "], "buy": ["a"], "tahoe": [" "], "that": ["nigger", "if", "disagree", "i"], "hoop": ["with", "with", "with"], "under": ["pressure"], "but": ["yall", "uhh", "uhh", "uhh"], "fuck": ["a", "are", "that", "that"], "downtown": ["bitch"], "boys": ["sniffing"], "heat": ["tonight", "tonight", "tonight"], "dramatic": [" "], "robbing": ["shit"], "hardcore": ["music"], "apollo": [" "], "with": ["one", "a", "plastic", "a", "no", "pussy", "a"], "than": ["champagne", "rollo"], "me": ["like", "for"], "tonight": [" ", " ", " ", " ", " ", " "], "balls": ["into", "into", "into"], "look": ["around"], "karats": [" "], "these": ["sounds", "cars"], "local": ["ghetto"], "mo": ["fart"], "eclipse": ["with"], "up": ["a", "in", "a", " ", "a"], "po": ["tried"], "will": ["keep"], "were": ["gonna"], "stash": ["the"], "my": ["po", "cerebral", "dick", "block"], "professor": ["style"], "def": ["squad"], "and": ["bumping", "right", "er", "when", " ", "get", "get", " ", "a", "not", "not", "slide", "everytime", " "], "erwell": ["oo"], "freak": ["tonight", "tonight", "tonight"], "thatll": ["keep", "keep", "keep"], "overdosing": ["in"], "is": ["no"], "parking": ["lot", "meter"], "gently": ["place", "place", "place"], "an": ["independent"], "lust": ["for"], "say": ["fuck"], "im": ["in", "not", "a", "overdosing", "a", "in", "cooler", "hitting", "a", "a", "a"], "corona": ["deluxe"], "have": ["to", "to", "to"], "in": ["and", "the", "the", "a", "the", "the", "the", "your", "the", "the", "the", "the"], "ay": ["yo", "yo"], "turn": ["an"], "id": ["be", "rather"], "shit": ["thatll", "i", "that", " ", "thatll", "thatll"], "if": ["its", "im"], "high": [" ", " ", " "], "thugs": ["and"], "hoe": ["here"], "no": ["infiltration", "cooker"], "rather": ["smoke"], "make": ["a"], "get": ["a", "dap", "a"], "when": ["i", "you"], "40": ["degrees", "fuck"], "sound": [" "], "jeeps": [" "], "gyro": [" "], "hey": ["hoe"], "you": ["all", "off", "bout", "lust", "high", "better", " ", "hitting", "high", "dont", "high"], "er": ["its"], "independent": ["woman"], "blocks": ["of"], "tried": ["to"], "rappers": ["under"], "who": ["bubble", "the", "love", "be"], "disagree": ["i"], "them": ["niggers", "def"], "alert": ["your"], "fart": ["sound"], "mouth": ["and", "and", "and"], "uhh": ["light", "light", "light"], "rolling": ["a"], "fighting": ["in"], "cabbage": ["in"], "overseas": ["banging"], "a": ["playa", "pimp", "amsterdam", "freak", "l", "nigger", "corona", "margarita", "bunch", "quartersacks", "tough", "six", "gangsta", "freak", "l", "nigger", "hoochie", "jew", "dashiki", "kufi", "t", "freak", "l", "nigger"], "hut": ["one"], "deluxe": [" "], "off": ["with"], "cooker": [" "], "i": ["know", "harass", "walked", "dont", "still", "bring", "spiral", "know", "dont", "turn", "be", "cant", "dont"], "doc": ["smokin", "already", " "], "into": ["the", "the", "a", "the"], "many": ["thugs"], "chickens": ["fighting"], "banging": ["kok"], "walked": ["in"], "grips": [" "], "part": ["ii"], "booker": [" "], "time": [" "], "push": ["up"], "dap": ["like"], "the": ["monkey", "doc", "next", "bricks", "knicks", "doc", "shiznit", "parking", "chair", "habit", "office", "hoop", "heat", "shit", "balls", "mouth", "40", "parking", "white", "mad", "fuck", "loaded", "tahoe", "back", "apollo", "beef", "hot", "hoop", "heat", "shit", "balls", "mouth", "nutty", "blow", "hoop", "heat", "shit", "balls", "mouth"], "bumping": ["out"], "quartersacks": ["hut"], "talk": ["about"]}