{"all": ["day", "day", "of", "my", "done", "these", "these", " ", "black", "glass", "across", " "], "since": ["03", "the", "i"], "partial": ["but"], "scratch": ["up"], "code": ["you"], "go": ["the", "here", " ", "to", "pop", "pull"], "suicidal": [" "], "hate": ["feelings"], " ": ["when", "i", "and", "and", "were", "she", "i", "and", "but", "and", "and", "she", "she", "she", "this", "pistols", "if", "and", "get", "im", "verse", "about", "in", "we", "we", "you", "bitch", "get", "no", "like", "me", "dream", "like", "so", "i", "i", "i", "i", "i", "like", "i", "hittin", "with", "cause", "and", "instead", "and", "but", "my", "and", "this", "pistols", "if", "and", "get", "im", "hell", "cause", "soon", "you", "remember", "yo", "he", "violently", "they", "see", "at", "the", "when", "life", "so", "talk", "and", "get", "but", "give", "put", "blow", "with", "squeeze", "fresh", "got", "i", "come", "we", "pop", "boulevards", "wrong", "baby", "thatll", "the", "malicious", "and", "come", "im", "new", "joints", "the", "eday", "them", "i", "i", "here", "on", "stand", "everybody", "uh", "everytime", "you", "verse", "i", "i\u2019m", "all", "cause", "nggas", "because", "used", "we", "i\u2019m", "while", "bitch", "you", "shady", "maybe", "my", "it\u2019s", "the", "nggas", "y\u2019all", "i", "nggas", "only", "while", "notice", "i\u2019m", "how", "if", "give", "that", "is", "ngga", "wait", "i\u2019ve", "diamonds", "diamonds", "bitches", "but", "models", "bottles", "but", "but", "cause", "for", "i\u2019m", "i", "i\u2019m", "verse", "when", "sittin\u2019", "floatin\u2019", "poetry", "aren\u2019t", "real", "you", "you", "you", "i", "i", "got", "when", "tryna", "i\u2019m", "not", "i", "will", "at", "pun", "car\u2019s", "since", "all", "i", "your", "her", "her", "bong", "my", "and", "i", "tryna", "i", "diamonds", "diamonds", "bitches", "but", "models", "bottles", "but", "but", "cause", "for", "i\u2019m", "i", "i\u2019m", "we", "man", "mad", "on", "i\u2019m", "let"], "didn\u2019t": ["i"], "flash": ["if"], "young": [" ", "buck"], "to": ["touch", "me", "me", "me", "get", "run", "rappers", "die", "always", "the", "say", "think", "say", "call", "make", "fall", "fck", "baby\u2019s", "kill", "go", "come", "say", "sue", "this", "start", "japan", "blocked", "me", "take", "come", "say", "start", "catch", "royce", "go"], "started": ["as"], "shoot": ["niggas"], "screamin\u2019": ["inside"], "allaccess": [" "], "wavy": ["byebye"], "every": ["time"], "fall": ["out"], "difference": [" "], "minute": ["bullets"], "trippin": ["in"], "did": ["it"], "die": [" ", " ", " "], "gettin": ["stacks"], "gun": ["into", "into", " ", "extended"], "try": ["it", "to"], "this": ["morning", "cabin", "is", "is", "is", "cabin", "is", " ", "booth", "one", "dope"], "hittin": ["up"], "team": ["hot", "i", "we"], "quick": ["to"], "lisa": [" "], "eday": ["a"], "yall": ["youngins"], "dis": ["niggas"], "tired": ["why"], "\u2019til": ["they"], "streets": [" "], "boca": [" "], "past": ["pain", "it"], "kaylen": ["james"], "booth": ["nggas"], "picked": ["up"], "mark\u2019s": ["askin\u2019"], "will": ["lift", "lift", "pull", "just", "jump"], "what": ["you", "else", "are", "you"], "wreck": ["we"], "sum": ["of"], "lights": ["and"], "new": ["vs", "bags", "little", "little", "50", "hybrid"], "fckin\u2019": ["disfigured"], "guns": ["and", " ", " ", " ", " ", "or", "never", "new", "you"], "scripted": [" "], "toast": [" "], "full": ["got"], "ayyyyyy": [" ", " "], "sinks": ["in"], "never": ["runnin", "runnin", "you", "give"], "here": ["we", "we", "is"], "water": ["nigga", "moses"], "reported": ["as"], "let": ["the", "me"], "sing": ["sing", " "], "hoops": ["like"], "teacher": [" "], "wait": ["\u2019til"], "buck": [" "], "speeches": [" "], "maguire": ["from"], "changed": ["up"], "round": ["the"], "smoke": ["you"], "pillow": [" "], "authorize": ["my"], "love": ["should", "give"], "marked": ["absent"], "feelings": [" "], "names": ["cause"], "fake": ["preachers", "like"], "vibin\u2019": [" "], "everybody": ["hands"], "eye": [" "], "would": ["die"], "dude": ["that\u2019d", "that\u2019s"], "only": ["pistol", "thing", "fck", "incense", "teacher"], "live": ["by", "in"], "call": ["me"], "he\u2019s": ["thinkin\u2019"], "more": [" ", "disgusting"], "throne": ["your"], "that\u2019ll": ["smoke"], "door": [" "], "killas": ["and", " "], "club": [" ", " "], "company": ["run"], "phony": ["bcup"], "site": ["overkill"], "trail": ["within"], "stick": ["up", "up", "up", "up"], "baby": ["guerrillas", "missiles"], "hole": ["in", "right"], "tampa": [" "], "me": ["to", "once", " ", "and", " ", "lady", "the", "a", "ngga", "to", "\u2019cause", "to", "she", "tryna", "to", "know"], "word": ["up"], "niggas": ["dont", "will", "go", "all", "dont"], "tunnel": ["no"], "car": ["dealer"], "equation": [" "], "roof": ["been"], "movies": ["y\u2019all"], "can": ["die", "turn"], "learn": ["the", "to"], "im": ["never", "the", "livin", "rippin", "in", "never", "not"], "my": ["pillow", "trail", "gun", "team", "funds", "own", "love", "door", "gun", "niggas", "good", "guns", "paper", "past", "relationship", "glock", "shit", "only", "feet", "neck", "wrist", "dick", "zipper", "own", "voicemail", "phone", "own", "feet", "neck", "wrist", "dick", "mack"], "crazy": [" "], "baby\u2019s": ["maybach"], "give": ["up", "up", "up", "up", "a", "up", "up", "up", "up", "a", "a"], "joints": ["with", "we"], "5\u20199\u2032": ["writers"], "fuck": ["home", " "], "something": ["played"], "end": ["of", "credits"], "winter": [" ", "he"], "turn": ["your"], "cliches": [" ", " "], "rippin": ["up"], "poetry": ["in"], "1": ["royce"], "how": ["the", "y\u2019all", "y\u2019all"], "hot": [" "], "writers": ["block"], "instead": ["there"], "throwin\u2019": ["your"], "that\u2019s": ["suicidal"], "plottin": [" "], "plans": ["to"], "tied": ["feet"], "panoramic": ["roof"], "wrong": ["songs"], "wrist": [" ", " "], "blood": ["is"], "numb": ["and", "to"], "law": [" "], "guys": ["like"], "royce": ["da", "da", "da", "for", "da"], "a": ["bank", "stick", "hundred", "dope", "green", "speech", "note", "shotgun", "stick", "hole", "hole", "card", "professional", "little", "young", "kit", "thing", "brinks", "car", "waste", "phony", "load", "fck", "loss", "mute", "new", "dude", "dude", "nickel", "doobie", "little", "sperate", "purpose", "problem", "hardtop", "whore", "catch", "fuck", "loss"], "attempt": ["to"], "remember": ["when"], "maybe": ["my"], "shady": ["guys"], "st": [" "], "so": ["they", "we", "sexy", "hard", "loud", "hard"], "silence": ["like"], "goodbye": [" "], "\u2019cause": [" ", "y\u2019all", "y\u2019all"], "dream": ["team"], "talk": ["about"], "\u2019bout": ["to", "to"], "mute": ["drivin\u2019"], "top": ["to"], "lyricslyrics": ["submitted"], "soon": ["as"], "raekwon": ["all"], "brain": ["fck"], "paper": ["poppin"], "through": ["your", "the", "hoops"], "hell": ["naw"], "bcup": [" "], "owens": [" "], "phone": [" "], "its": ["cream"], "before": [" ", "its"], "hounds": ["picked"], "thinkin\u2019": [" "], "mail": ["\u2018em"], "marshall": [" "], "split": [" "], "them": ["hollows", "the", "guns", "fire"], "glorify": ["and"], "yo": ["swing", "it"], "walls": [" "], "drivin\u2019": ["a"], "they": ["stuck", "givin", " ", "dump", "got", "know", "hands", "get", "workin\u2019", "tryna"], "hands": ["up", "up", "tied"], "not": ["playin", "vibin\u2019", "a", "to"], "now": ["im", "is"], "day": ["keep", " "], "bank": ["in"], "absent": [" "], "everytime": ["i"], "always": ["stay"], "good": ["side"], "man": ["i", " ", "fck"], "found": ["elephants"], "bong": ["interscope"], "side": ["murder"], "mean": ["dog"], "interscope": ["up"], "realer": ["how", "if"], "elephants": ["lions"], "globe": ["from"], "hard": ["bottoms", " ", " "], "yeah": ["get"], "used": ["to"], "expect": ["me"], "navy": ["drive"], "our": ["plans"], "calling": ["with", "names"], "props": ["to"], "out": ["lets", " ", "your", "to", "with", "of", "of"], "factors": [" "], "jump": ["through"], "cameras": ["eye"], "rounds": [" "], "writer\u2019s": ["block", "block"], "got": ["shot", "my", " ", "a", "gucci\u2019s", "scripted", "y\u2019all", "bitches", "gucci\u2019s"], "cause": ["they", "we", "all", "they", "sometimes", "sometimes"], "pun": ["intended"], "chitchat": [" "], "heroin": ["from"], "hoodie": ["ice"], "put": ["you", "her"], "weed": ["rolled"], "card": [" "], "sperate": ["with"], "dunno": ["man"], "keep": ["them"], "motion": ["but"], "thing": ["off", "i", "if"], "swing": ["wack"], "can\u2019t": ["i", "think"], "loud": ["quiet"], "think": ["of", "of", "i\u2019m", "i\u2019m", "of"], "mad": ["flava", "props"], "dons": [" "], "already": ["said", "said", "said", "said", "said", "said", "said"], "dont": ["get", "kill", "aim", "give", "get", "make", "matter", "play", "never"], "feel": ["like", "like"], "disfigured": ["it"], "powerful": ["literally"], "one": ["royce", "of", "of", "when", "is"], "feet": ["on", " ", "ball", " ", " "], "nggas\u2019": ["bitches"], "done": ["seen", "changed"], "bitch": ["this", " ", "splat", "a", "or"], "another": ["victim"], "hood": ["cried"], "little": ["guns", "joints", "partial", "twisted"], "silent": [" ", " "], "start": ["class", "bringin\u2019"], "caught": ["between"], "twisted": [" "], "hollows": ["nigga"], "plains": ["all"], "2": ["royce"], "too": ["excited"], "nothin\u2019": [" "], "hundred": ["any"], "cabin": [" ", "where"], "listen": ["this"], "murder": ["is"], "releases": [" "], "that": ["money", "sinks", "decoded", " ", " ", "noah", " ", " ", "shit"], "dudes": ["move", "is"], "because": ["of"], "than": ["new"], "stocking": [" "], "neck": [" ", " "], "king": ["all"], "rebuttal": ["to"], "witcha": [" "], "einsteins": ["is"], "submitted": ["by", "by"], "matter": ["to"], "store": ["to"], "were": ["her"], "lease": ["up"], "and": ["she", "there", "face", "i", "i", "she", "we", "get", "my", "now", "it", "the", "we", "young", "the", "glamorize", "learn", "plottin", "scratch", "don", "dis", "flash", "chained", "fckin\u2019", "i", "reported", "i", "they"], "sai": ["got"], "fcking": ["game"], "hoes": ["get"], "turned": ["to"], "disgusting": ["and"], "ballcatchin\u2019": [" "], "say": ["goodbye", " ", " ", "ayyyyyy", "ayyyyyy"], "have": ["found"], "need": ["to", "to"], "seen": [" ", "it"], "saw": ["past"], "any": ["minute", "one"], "sell": ["it"], "strength": ["no"], "relationship": ["with"], "pain": ["all"], "note": ["she"], "take": ["your"], "which": ["one"], "green": ["screen"], "enlightens": ["when"], "play": ["me", "with"], "sure": ["as"], "shiverin": [" "], "though": ["you"], "firsthand": ["like"], "rappers": [" "], "reach": ["my"], "sue": ["a"], "workin\u2019": ["for"], "kat": [" "], "fck": [" ", "the", "with", " ", "it"], "mack": ["on"], "splat": ["only"], "grave": ["site"], "lames": ["since"], "diss": [" "], "don": ["dons"], "sometimes": ["i", "i"], "cover": ["of"], "hungry": ["and"], "face": ["the"], "flava": [" "], "professional": ["yeah"], "scream": ["calls"], "came": ["to", "up"], "shot": [" "], "ngga": [" ", "the"], "lyrics": ["submitted"], "aren\u2019t": ["you"], "slippin": ["we"], "fear": ["in"], "flyness": ["on"], "aint": ["trippin", "slippin", "sittin", "listen", "no"], "ear": ["against"], "givin": ["up"], "sheriff": ["now"], "mailmen": ["with"], "with": ["the", "a", "suitcase", "hate", "this", "long", "nigga", "marshall", "a", "mailmen", "heroin", "shitty", "a", "shitty"], "dick": [" ", " "], "poppin": ["and"], "should": ["be"], "tears": ["from"], "black": ["all"], "fiend": ["oh"], "moses": ["split"], "maybach": [" "], "lockin": [" "], "move": ["in"], "get": ["up", "up", "numb", "silent", "my", "back", "up", "up", "numb", "silent", "my", "my", "that", " ", "a", "rid", "my"], "dope": ["fiend", "and"], "diamonds": ["on", "on", "on", "on"], "stop": [" "], "da": ["59", "5\u20199\u2033", "vinci", "59", "5\u20199\u2032"], "bean": [" "], "words": ["\u2019cause", "\u2019cause"], "pistols": ["will", "will"], "him": ["up"], "champagne": ["i\u2019m"], "morning": [" "], "stupid": ["lyrics"], "clowns": [" "], "she": ["was", "was", "said", "came", "said", "said", "said", "wrote", "witcha", "wit\u2019", "bobbin\u2019", "ballcatchin\u2019"], "where": ["my", "niggas"], "wrote": ["to"], "bars": ["like"], "dump": ["in"], "notice": ["the", "it"], "see": ["the"], "decided": ["to"], "are": ["hearing", "you", "you"], "japan": [" "], "floatin\u2019": ["on"], "best": ["ninjas"], "03": [" "], "said": ["give", "give", "give", "give", "though", "it", "it", "that", "that", "it", "that", "that", "it"], "don\u2019t": ["know", "give", "know", "give"], "movie": [" "], "cried": ["every"], "hybrid": [" "], "rolled": ["in"], "state": ["releases"], "envelopes": [" "], "between": ["walls"], "probably": ["about"], "pistol": ["left"], "across": ["the"], "we": ["get", "aint", "aint", "aint", "get", "aint", "glorify", "real", "live", "shoot", "play", "go", "go", "the", "sittin\u2019", "need", "in"], "gucci\u2019s": ["on", "on"], "screen": ["stuck"], "boss": [" "], "spray": ["up"], "add": ["up"], "hardtop": ["and"], "come": ["out", "to", "up", "up"], "staring": ["in"], "mona": ["lisa"], "voicemail": ["is"], "quiet": [" "], "against": ["a"], "wit\u2019": ["me"], "kitchens": [" "], "it\u2019s": ["ugly", "so", "so"], "load": ["of"], "bobbin\u2019": ["to", "not"], "pop": ["through", "oh"], "tons": [" "], "sexy": [" "], "trust": ["me"], "boat": ["that"], "stretch": [" "], "zipper": [" "], "lets": ["try"], "been": ["caught", "gettin\u2019", "broadcasted"], "quickly": ["learn"], "waste": ["of"], "woke": ["up"], "life": ["dont"], "glock": ["can"], "nickel": ["bitch", "of"], "vinci": ["code"], "robbed": ["a"], "mind": ["into"], "else": ["to"], "guerrillas": ["with"], "lift": ["up", "up", "up", "up"], "catch": ["she", "some"], "slaughter\u2019s": ["came"], "xxl": [" "], "runnin": ["or", "from", "or"], "circle\u2019s": ["right"], "these": ["plains", "lames"], "harder": [" "], "hidin": [" ", " "], "aim": ["i"], "ugly": ["to"], "while": ["im", "i", "you", "that"], "ceilings": [" "], "mistake": ["was"], "vest": [" "], "thatll": ["spray"], "played": ["out"], "violently": ["is"], "is": ["a", "me", "nickel", "calling", "a", "how", "the", "so", "on", "chitchat", "powerful", "a", "too", "full", "harder"], "ink": ["pen"], "it": ["made", "said", "was", "out", "them", " ", "gets", "i", " ", "firsthand", "all", " ", " ", " ", "all", "i\u2019m", "real"], "encountered": [" "], "bringin\u2019": ["that"], "cant": ["live"], "vs": [" "], "layed": ["on"], "incense": ["he"], "5\u20199\u2033": [" "], "in": ["tampa", "front", "the", "sing", "the", "the", "this", "the", "your", "the", "the", "it", " ", "here", "your", "i", "the", "the", "this", "motion", "silence", "a", "movies", "front", "this", "the", "the", "effect"], "rid": ["of"], "whore": ["i\u2019m"], "if": ["you", "you", "you", "the", "i", "i"], "bags": ["of"], "missiles": ["in"], "bottles": ["in", "in"], "james": ["st"], "make": ["scream", "speeches", "me"], "same": ["plus", "cuz", "boat", "water"], "beside": ["my"], "speech": ["in"], "motherfuckin": ["cameras"], "i\u2019ve": ["got", "encountered"], "gets": [" "], "ball": ["and"], "effect": ["money"], "kit": ["kat"], "aston": ["started"], "purpose": ["havin\u2019"], "byebye": [" "], "intended": ["gun"], "built": [" "], "off": [" "], "i": ["woke", "turned", "robbed", "thought", "had", "stumbled", "done", "know", "been", "dont", "just", "dont", "dont", "just", "roll", "blow", "don\u2019t", "can\u2019t", "can\u2019t", "dunno", "go", "ain\u2019t", "attempt", "fear", "get", "only", "got", "said", "did", "didn\u2019t", "seen", "am", "don\u2019t", "feel", "think", "stand", "am", "roll", "have", "saw", "decided", "authorize", "sell", "don\u2019t", "got", "don\u2019t", "feel", "think"], "shotgun": ["at"], "youngins": [" "], "sittin\u2019": ["on", "on"], "thought": ["i"], "pssy": ["need"], "glades": [" "], "the": ["night", "law", "hounds", "glades", "guns", "winter", "boss", "streets", "movie", "thing", "slums", "only", "bullet", "sheriff", "state", "difference", "ice", "company", "slum", "flashing", "gun", "end", "tunnel", "blood", "sum", "equation", "factors", "motherfuckin", "hood", "stretch", "vagabond", "ceilings", "best", "business", "kitchens", "fuck", "rally", " ", "einsteins", "hoodie", "same", "king", "slaughter\u2019s", "new", "brain", "same", "fcking", "navy", "bigger", "more", "champagne", "toast", "flyness", "cover", "xxl", "dead", "brothers", "throne", "mona", "mistake", "front", "club", "same", "same", "end", "inside", "circus", "fire", "circle\u2019s", "globe", "store", "front", "club", "strength", "royce"], "left": [" "], "i\u2019m": ["the", "probably", "about", "back", "at", "runnin\u2019", "gettin\u2019", "a", "a", "a", "at", "runnin\u2019", "gettin\u2019", "\u2019bout", "\u2019bout"], "just": ["make", "let", "be", "got"], "being": ["hungry"], "money": ["i", "niggas", " "], "front": ["of", " ", "of", " "], "kill": ["im", "a"], "victim": [" "], "touch": ["her"], "gettin\u2019": ["writer\u2019s", "marked", "writer\u2019s"], "blow": ["a", "a"], "tryna": ["put", "mail", "reach", "not", "get"], "noah": ["built"], "drive": ["wavy"], "had": ["it"], "cuz": [" "], "killed": ["for"], "verse": ["one", "1", "2"], "nggas": ["be", "expect", "that\u2019ll", "notice"], "flashing": ["lights"], "excited": [" "], "real": ["killas", "dudes", " "], "livin": ["in"], "loss": ["for", "for"], "sittin": [" "], "koalby": ["owens"], "shitty": ["to", "to"], "game": ["up"], "know": ["what", "what", "they", "which", "what"], "bottoms": ["in"], "lady": ["killas"], "broadcasted": ["all"], "ninjas": ["in"], "59": [" ", " "], "like": ["a", "a", "im", "your", "the", "tobey", "a", "a", "my", "it\u2019s", "a", "a", "the", "they", "it\u2019s"], "50": ["cent"], "night": ["before"], "that\u2019d": ["try"], "havin\u2019": ["problems"], "right": ["out", "through", "in"], "some": ["wreck", "hoes"], "back": ["gettin", "and", "from", "mad"], "dead": ["can", "like"], "hair": [" "], "home": [" "], "extended": ["what"], "bigger": ["i"], "glamorize": [" "], "askin\u2019": [" "], "ain\u2019t": ["calling"], "for": ["being", "me", "words", "the", "me", "words", "keepin\u2019"], "literally": ["sick"], "ice": ["shiverin", "water"], "pen": [" "], "shala": ["raekwon"], "runnin\u2019": ["out", "out"], "be": [" ", "quick", "another"], "run": [" ", " "], "business": [" "], "credits": ["in"], "slum": [" "], "from": ["the", "the", "boca", "the", "the", "the"], "by": ["the", "koalby", "kaylen"], "hearing": ["bars"], "on": ["this", "the", "nigga", "your", "your", "the", "my", "my", "my", "my", "the", "the", "your", "my", "my", "my", "my", "the", " "], "about": ["a", "our", "to", "the", "the"], "oh": [" ", "stop"], "of": ["any", "yall", "the", "the", "us", "bullets", "nothin\u2019", "something", "y\u2019all", "my", "the", "fake", "me", "cliches", "weed", "my", "them", "envelopes", "my", "cliches", "the"], "firing": [" ", " "], "plus": [" "], "stand": ["up", "up", "up"], "blocked": ["and"], "or": ["hidin", "say", "hidin", "bean", "tryna"], "block": [" ", " ", "lyricslyrics"], "own": ["true", "allaccess", " "], "into": ["firing", "firing", "the"], "within": ["the"], "lies": ["a"], "overkill": [" "], "nigga": ["they", "the", "hard", "word"], "cent": [" "], "postbox": [" "], "vagabond": ["tons"], "your": ["guns", "guns", "guns", "guns", "guns", "vest", "stocking", "back", "lockin", "feet", "feet", "ear", "top", "postbox", "lease", "piece", "grave", "bitch", "bitch"], "wack": [" "], "car\u2019s": ["aston"], "her": ["hair", "tears", "mind", "jaw\u2019s", "pssy"], "spam": [" "], "there": ["beside", "lies"], "long": ["baby"], "why": ["are"], "stuck": ["before", "him"], "lions": ["clowns"], "here\u2019s": ["the"], "was": ["gone", "gone", "winter", "killed", "like"], "tobey": ["maguire"], "decoded": ["da"], "diggity": [" "], "funds": ["while"], "bitches": ["on", "bobbin\u2019", "screamin\u2019", "on"], "but": ["the", "you", "the", "here\u2019s", "y\u2019all", "i", "y\u2019all", "we", "y\u2019all", "i", "y\u2019all"], "slums": [" "], "squeeze": ["faster"], "true": ["love"], "he": ["layed", "was", "enlightens"], "pull": ["a", "some"], "made": [" "], "calls": [" "], "chained": ["up"], "doobie": ["i\u2019m"], "inside": ["the", "of", "of"], "up": ["this", "your", "my", "your", "your", "your", "stick", " ", "lift", " ", "get", " ", "in", "my", "the", "they", "your", "stick", " ", "lift", " ", "get", " ", "the", "my", "the", "your", "the", "general", " ", "stand", " ", "hands", " ", " ", " ", " ", " ", "the", "i", " ", "with", "in", "in", "with"], "us": ["would"], "uh": ["man"], "suitcase": ["money"], "problem": ["i\u2019ve"], "piece": ["up"], "brinks": ["ink"], "gone": ["she", " "], "boulevards": ["where"], "circus": [" "], "am": ["the", "like"], "general": ["shala"], "as": ["dead", "the", "a", "spam"], "at": ["my", "the", "a", "the", "a"], "playin": ["we"], "rally": ["and"], "jaw\u2019s": ["been"], "dealer": [" "], "shit": ["is", "back"], "cream": [" "], "stumbled": ["on"], "no": ["strings", "fake", "rebuttal", "diggity"], "malicious": ["team"], "when": ["i", "sai", "you", "he\u2019s", "i", "she", "she"], "fire": ["round", "rounds"], "preachers": [" "], "naw": ["my"], "sick": ["trust"], "\u2018em": ["to"], "you": ["dont", "aint", "mean", "cant", "sure", "dont", "quickly", "add", "crazy", "right", "with", "stupid", "already", "are", "while", "staring", "throwin\u2019", "tired", "so", "dudes", "a", "will", "mark\u2019s", "think"], "roll": ["up", "like"], "brothers": [" "], "models": ["in", "in"], "class": ["diss"], "problems": [" "], "stay": ["inside"], "bullets": ["runnin", "or"], "faster": ["than"], "bullet": [" "], "glass": ["panoramic"], "dog": [" "], "stacks": ["since"], "keepin\u2019": ["it"], "time": ["one"], "fresh": ["new"], "once": ["more"], "strings": ["yo"], "y\u2019all": ["the", "about", "realer", "realer", "already", "already", "already", "just", "nggas\u2019", "already", "already", "already"], "songs": ["dont"]}