{"all": ["the", "the", "but", "the", "the", "the", "the", "is", "the", "the", "the", "my", "the", "my", "i", "i", "my", "my", "of", "i", " ", "you", "yours", "i", "i", "i", "that", "that", "pass", "begins", "begins", "begins", "begins", "a", "into", " ", "you", " ", "you", "i", "smiles", "through", "we", "we", "we"], "faultless": ["muse"], "dance": ["floor", "floor", "with", "in"], "relieve": ["this"], "dollar": ["bills", "bills", "bills", "bills", "bills", "bills"], "ouch": ["i", "i"], "felt": ["like"], "interpret": ["your"], "sleep": ["for"], "skin": ["and", "and", "burns", "burns", "burns"], "go": [" ", " ", "round", "i", "he", "either", "on", "on", "on", " ", "make", " ", " "], "follow": ["my", "the"], "chair": [" "], "everyones": [" "], "hate": [" ", "for"], "children": [" "], "carpet": ["is"], " ": ["i", "im", "i", "like", "i", "i", "where", "and", "and", "i", "way", "i", "i", "where", "and", "and", "you", "i", "that", "i", "but", "i", "did", "i", "i", "im", "you", "im", "you", "im", "you", "deep", "you", "youre", "youre", "you", "youre", "youre", "beautiful", "tough", "no", "no", "tough", "im", "check", "act", "i", "wash", "i", "big", "big", "big", "tough", "its", "i", "tough", "im", "check", "act", "i", "wash", "i", "big", "big", "big", "i", "i", "i", "i", "i", "i", "i", "wash", "i", "big", "big", "big", "clipped", "had", "you", "i", "so", "had", "i", "but", "we", "eats", "yes", "we", "i", "im", "i", "i", "i", "no", "i", "i", "ill", "ill", "ill", "now", "i", "but", "but", "we", "eats", "yes", "we", "i", "im", "i", "i", "i", "no", "i", "i", "ill", "ill", "ill", "ill", "ill", "ill", "help", "ive", "and", "be", "wrap", "warm", "ouch", "lost", "yeah", "lost", "be", "wrap", "warm", "help", "ive", "and", "be", "wrap", "warm", "ouch", "lost", "yeah", "lost", "be", "wrap", "warm", "youre", "swelling", "and", "worry", "youre", "tied", "and", "tugging", "but", "so", "i\u2019m", "by", "yesterday", "place", "burning", "yesterday", "place", "burning", "eyes", "all", "swallow", "so", "i\u2019m", "by", "yesterday", "place", "burn", "yesterday", "place", "burn", "i\u2019m", "by", "yesterday", "place", "burn", "yesterday", "place", "burn", "you", "step", "you", "get", "yes", "walk", "yes", "away", "i", "im", "i", "im", "i", "im", "i", "im", "oh", "you", "walk", "when", "walk", "cant", "its", "i", "im", "i", "im", "i", "im", "oh", "i", "im", "oh", "oh", "oh", "oh", "oh", "all", "ive", "id", "california", "i", "well", "you", "california", "id", "id", "id", "id", "all", "ive", "if", "california", "oh", "on", "look", "delivered", "waiting", "delivery", "patience", "i\u2019d", "i\u2019m", "but", "eh", "eh", "oh", "watch", "electricity", "can\u2019t", "can\u2019t", "when", "look", "while", "and", "you\u2019ll", "eh", "eh", "oh", "watch", "electricity", "can\u2019t", "can\u2019t", "when", "cant", "watch", "electricity", "can\u2019t", "can\u2019t", "when", "party", "cant", "i", "im", "phones", "i", "im", "im", "im", "feel", "im", "and", "wont", "keep", "cause", "help", "wont", "keep", "cause", "sun", "gotta", "here", "throw", "im", "im", "im", "feel", "im", "and", "wont", "keep", "cause", "help", "wont", "keep", "cause", "cause", "oh", "cause", "cause", "oh", "on", "come", "its", "gotta", "its", "til", "i", "no", "no", "but", "baby", "baby", "but", "as", "i", "as", "come", "its", "gotta", "its", "til", "i", "no", "no", "but", "baby", "baby", "but", "as", "i", "as", "i", "as", "i", "as", "baby", "baby", "i", "as", "i", "as", "la", "la", "la", "la", "pick", "and", "youre", "i", "well", "youre", "ohhh", "i", "yea", "your", "darlin", "honey", "darlin", "darlin", "your", "i", "promise", "and", "lets", "i", "death", "this", "ive", "lay", "this", "death", "the", "but", "im", "tears", "just", "let", "oh", "death", "just", "oh", "this", "tears", "just", "let", "oh", "oh", "hes", "faint", "im", "you", "i", "im", "im", "dont", "dont", "dont", "then", "your", "and", "the", "im", "im", "dont", "dont", "dont", "so", "im", "im", "dont", "dont", "dont", "dont", "i", "i", "so", "kept", "and", "was", "yeah", "i", "you", "hiding", "life", "you", "you", "and", "i", "missed", "life", "and", "you", "then", "i", "i", "and", "cause", "and", "i\u2019d", "and", "i", "you", "hiding", "life", "you", "you", "and", "i", "missed", "life", "and", "you", "then", "i", "you", "yeah", "and", "that", "what", "you", "like", "you", "hiding", "life", "you", "you", "and", "i", "missed", "life", "and", "you", "then", "covered", "feat", "and", "oh", "and", "wanted", "and", "but", "now", "yeah", "you", "im", "well", "but", "im", "i", "but", "cause", "ive", "yeah", "and", "lets", "and", "ill", "and", "im", "then", "its", "you", "im", "well", "but", "im", "i", "but", "cause", "ive", "and", "in", "and", "and", "and", "through", "tears", "smile", "in", "and", "and", "and", "through", "it\u2019s", "defy", "and", "and", "and", "through", "and", "and", "and", "through", "cause", "youve", "and", "the", "you", "while", "stay", "come", "give", "give", "give", "give", "so", "take", "watch", "but", "and", "i\u2019ve", "but", "i", "yeah", "yeah", "we\u2019ve", "and", "you", "i", "so", "and", "you", "they", "you", "that", "into", "so", "shake", "when", "i", "so", "take", "watch", "but", "and", "i\u2019ve", "but", "i", "yeah", "yeah", "and", "i\u2019ve", "but", "i", "yeah", "yeah", "i\u2019ve", "but", "i", "i", "oh", "ive", "what", "i", "i", "it\u2019s", "wanna", "the", "hate", "why", "we", "and", "i", "when", "and", "and", "like", "i\u2019ll", "we", "and", "ive", "when", "and", "but", "but", "hot", "it\u2019s", "but", "hot", "and", "i", "when", "and", "i", "wanna", "wanna", "i\u2019ll", "loving", "loving", "the", "this", "just", "and", "i\u2019ll", "shoot", "kill", "hit", "i", "you", "the", "loving", "the", "this", "just", "and", "i\u2019ll", "shoot", "kill", "hit", "shoot", "kill", "hit", "murder", "look", "pour", "kill", "kill", "i\u2019ll", "like", "i\u2019ll", "i\u2019ll", "i\u2019ll", "i\u2019ll", "murder", "look", "pour", "kill", "kill", "i\u2019ll", "like", "i\u2019ll", "i\u2019ll", "i\u2019ll", "i\u2019ll", "shoot", "kill", "hit", "shoot", "kill", "hit", "ive", "you", "but", "but", "yeah", "yeah", "but", "see", "no", "there", "no", "yeah", "so", "theres", "so", "cause", "no", "there", "no", "yeah", "no", "there", "no", "im", "could", "i", "i", "i", "its", "i", "i", "i", "make", "you", "you", "then", "you", "when", "you", "you", "it", "im", "put", "im", "this", "i", "the", "don\u2019t", "don\u2019t", "im", "then", "and", "you", "but", "and", "this", "it", "im", "put", "im", "this", "i", "the", "don\u2019t", "don\u2019t", "im", "of", "you", "i\u2019m", "it", "im", "put", "im", "this", "i", "the", "don\u2019t", "don\u2019t", "im", "it", "im", "put", "im", "this", "i", "the", "don\u2019t", "don\u2019t", "im", "watching", "but", "follow", "trying", "but", "hi", "what", "im", "a", "interpret", "should", "weve", "hi", "what", "im", "a", "i", "my", "ive", "and", "to", "that", "i", "i", "and", "and", "to", "that", "when", "what", "and", "but", "your", "im", "and", "and", "from", "it", "that", "the", "and", "and", "to", "it", "when", "what", "and", "when", "what", "and", "and", "and", "i", "i", "i", "until", "you", "and", "i", "and", "wanna", "i", "when", "your", "wont", "move", "i", "and", "move", "your", "wont", "move", "i", "and", "move", "got", "feel", "this", "feel", "beat", "free", "free", "your", "wont", "move", "i", "and", "move", "your", "wont", "move", "i", "and", "move", "move", "move", "me", "your", "wont", "move", "i", "and", "move", "your", "wont", "move", "i", "and", "move", "my", "beat", "my", "you", "you", "you", "you", "you", "tonight", "you", "now", "you", "and", "my", "beat", "my", "i", "you", "you", "i", "did", "i", "i", "now", "you", "and", "my", "beat", "weathering", "i", "baby", "yeah", "i", "yeah", "yeah", "i", "danger", "i", "the", "under", "i", "yeah", "but", "how", "how", "cause", "if", "if", "so", "cause", "i", "danger", "i", "the", "under", "i", "yeah", "but", "you", "you", "your", "you", "take", "and", "you", "you", "you", "you", "she", "but", "your", "your", "you", "you", "oh", "take", "let", "you", "you", "you", "you", "you", "broke", "hope", "sun", "saw", "saw", "saw", "dont", "dont", "you", "so", "but", "oh", "you", "but", "reaper", "reaper", "so", "i", "i", "oh", "feel", "i", "dont", "dont", "you", "so", "but", "oh", "you", "but", "reaper", "reaper", "lonely", "you", "take", "take", "yeah", "yes", "yeah", "tell", "give", "give", "and", "yeah", "yes", "yeah", "yes", "yeah", "put", "i", "i", "put", "hoping", "don\u2019t", "but", "and", "until", "your", "you", "and", "your", "looked", "you", "held", "you", "you", "my", "harsh", "boy", "if", "you", "now", "you", "and", "your", "looked", "you", "held", "you", "you", "boy", "hungry", "but", "from", "you", "and", "your", "looked", "you", "held", "you", "you", "all", "ill", "oh", "leave", "its", "i", "i", "im", "yeah", "i", "im", "unstoppable", "break", "you\u2019ll", "hiding", "i", "is", "but", "i", "i", "im", "yeah", "i", "im", "unstoppable", "unstoppable", "i", "i", "im", "yeah", "i", "im", "unstoppable", "unstoppable", "you", "you", "you", "oh", "yeah", "you", "i", "and", "oh", "yeah", "oh", "that", "only", "yeah", "by", "youre", "though", "youre", "and", "we", "youre", "and", "if", "youre", "youre", "youre", "youre", "dont", "youre", "and", "we", "youre", "and", "if", "youre", "youre", "youre", "we", "youre", "we", "youre", "and", "we", "youre", "and", "if", "youre", "youre", "youre", "youre"], "didn\u2019t": ["know"], "million": ["broken", "bullets", "bullets", "babe", "bullets", "bullets", "bullets", "babe"], "tv": [" ", " "], "ohohoh": [" "], "young": ["from"], "to": ["a", "cry", "a", "cry", "me", "me", "me", "me", "fly", "blame", "be", "blame", "be", "be", "be", "pray", "you", "hear", "have", "have", "have", "have", "have", "have", "soon", "kiss", "leave", "love", "love", "you", "change", "the", "change", "trust", "the", "the", " ", "fight", "save", "lose", "the", "control", "play", "play", "a", "play", "play", "play", "play", "play", "play", "play", "fall", "death", "death", "die", "death", "death", "die", "me", " ", "me", " ", "tie", "introduce", "cocainelyrics", "move", "lose", "use", "life", "make", " ", "you", "you", "the", "the", "the", "the", "the", "the", "me", "me", "me", "me", "me", "me", "dance", "go", "know", "know", "move", "dispare", "play", "play", "play", "move", "move", "move", "move", "take", "heavens", "track", "go", "drink", "hold", "do", "feel", "take", "heavens", "track", "hear", "impress", "my", "kill", "make", "die", "love", "die", "die", "fool", "play", "let", "make", "play", "play"], "rhythm": ["of", "of", "of", "of", "a", "of", "of", "of", " ", " ", "tonight", "tonight", "tonight", "tonight", "in", "tonight", "tonight", "tonight", "tonight", "tonight", "tonight", "tonight", "tonight"], "marks": [" "], "terror": ["in", "in", "in", "in"], "smile": ["will", " ", " ", " ", " ", " ", " ", " ", " ", " ", " ", " ", " ", " ", " ", " ", " ", " ", " ", " "], "worth": ["the"], "sent": ["over"], "fly": ["now", "hit", "like", "like"], "breathing": [" ", " ", " ", " ", " ", " ", " ", "in", "out"], "infinite": ["jest"], "very": ["last", "last"], "shoot": ["me", "me", "me", "me", "me"], "every": ["single", "breath", "way", "way", "were", "say", "word", "single", "single", "single"], "fall": ["apart", "and", "and", "apart", "apart", "to", "in", "asleep", "asleep", "asleep", "for"], "cook": [" ", " ", " ", " ", " ", " "], "word": [" "], "ticket": ["to", "to"], "goodlyrics": ["submitted"], "cool": ["you", " ", "but"], "leads": ["just"], "school": ["children"], "heaven": ["and", "im"], "clouds": ["soft"], "did": ["all", "not", "not", "betray", "it", "what"], "die": ["no", "i", " ", "no", "i", " ", " ", " ", " ", "should", " ", " ", " "], "notes": [" "], "yuou": ["a"], "leave": ["today", "no", " ", "yourself", "you", "yourself", "you", "yourself", "my"], "frozen": ["doorman", "doorman"], "undone": [" ", " ", " ", " "], "melodies": [" ", " ", " ", " "], "tear": [" "], "path": [" ", " ", " "], "round": [" "], "clothes": ["may"], "system": [" "], "upper": ["hand", "hand", "hand", "hand", "hand"], "regret": [" "], "thin": ["ice", " "], "phones": ["blowin"], "yourself": ["behind", "behind", "behind"], "somewhere": ["close"], "wasn\u2019t": ["what"], "cash": [" ", " ", " ", " "], "past": ["into", "into", "into", "into", "into"], "roof": [" "], "picked": ["the", "the"], "pass": ["by", "the", "the", "the", "the", "oh"], "further": ["down"], "friendships": ["grow"], "acid": ["rain", "rain"], "rough": ["but", "but", "but", "but"], "drinks": ["to"], "putting": ["you"], "strangest": ["place"], "what": ["you", "i", "they", "i", "good", "i", "good", "good", "good", "good", "i", "i", "you", "you", "have", "have", "i", "i", "i", "you", "you", "you", "it", "you"], "darkest": ["cloud", "cloud"], "hide": ["the", "the", "all", "the", "the", "the", "the"], "anger": ["this", "left"], "sun": ["is", " ", " ", "rays", "goes"], "near": [" "], "pleased": ["to"], "lights": ["on"], "waiting": ["on", "all", "in"], "ayones": ["everyones"], "goes": ["down"], "new": ["start", "start"], "falling": ["leaf", "leaf", "leaflyrics"], "seemed": ["to"], "ever": ["grow", "grow", "possibly", "know"], "bird": ["set", "set", "set", "set", "set", "set", "set", "set", "set", "set", "set", "through", "through"], "filled": ["with", "with", "my"], "told": ["you"], "body": ["move", " ", "move", " ", "move", " ", "move", " ", "move", " ", "move", " ", "move", " ", "move", " ", "for", "for", "move", " ", "move", " ", "move", " ", "move", " "], "full": ["until", "until", "until", "until"], "hero": ["yeah"], "whose": ["soul", "soul"], "makeup": [" ", " ", " ", "on"], "jasmine": [" "], "here": ["many", "many", "by", "by", "by", "comes", "and", "id", "awaiting", "awaiting", "awaiting", "awaiting", " ", " ", "the", " ", "the", " "], "met": ["the"], "swallowed": ["my"], "let": ["out", "them", "them", "them", "them", "them", "them", "your", "him", "your", "you", "you", "you", "melyrics", "myself", "the", "the", "the", "the", "the", "you", "you", "me", "them", "them", "them", "up", "up", "me", "me", "me", "me", "me", "me", "me", "me", "me", "me", "me", "me", "me", "her", "go", "your"], "sink": ["the"], "addicted": ["to"], "others": [" "], "alone": [" ", " ", " ", "i"], "sing": [" ", "off", "for", "for", "off", "for", "for", "off", "for", "for", "off", "for", "for", " "], "along": ["the"], "strong": [" ", "you", "you", "how", "how", "how"], "sadness": ["remains"], "change": [" ", " ", " ", " ", " ", "youre"], "dice": ["you", "you"], "dry": [" ", " ", "and", "and"], "boy": [" ", "you", "you"], "voice": ["had", "but", "had", "but", "have", "hear"], "bitterness": ["and"], "animal\u2019s": ["inside"], "didnt": ["go"], "leaves": ["are", "are", "fall", "fall"], "bow": ["in"], "electricity": ["floods", "floods", "floods"], "saint": ["o\u2019"], "smoke": [" ", "darkening", "is", "is"], "pick": ["me"], "pushin": ["imaginary"], "makes": ["the"], "pillow": [" ", " ", "will", "will"], "thats": ["part", "annulled"], "sheila": [" "], "control": ["the"], "love": ["that", "no", "i", "i", "i", "i", "tonight", "feel", " ", "again", "again", " ", " ", "but", "in", "for", "with", "for", "with", "for", "with", "you", "immortal", "you", "immortal", " ", " ", " ", " ", " ", " ", " ", " ", "leave", "you", " ", "leave", "look", " ", "leave", " "], "downlyrics": ["submitted"], "danger": ["to", "to", "is", "is", "is", "is"], "win": [" ", "every", "every", "every"], "replace": [" ", " ", " "], "patience": ["is"], "you\u2019re": ["wrapped", "wrapped", "wrapped", "a", "not", "just", "a", "pretty"], "drowned": [" "], "should": ["shout", "i", "i"], "cloud": [" ", " ", " "], "hoping": ["you"], "sarah": ["ann"], "strapped": ["to"], "use": [" "], "ash": ["dead", "dead"], "from": ["the", "me", "me", "me", "me", "me", "me", "me", "me", "me", "me", "me", "me", "me", "me", "me", "me", "me", "me", "me", "me", "the", "the", "the", "the", "harm", "good", "heaven", "which", "the", "the", "the", "its", "the", "the", "the", "the", "hanging"], "takes": ["to"], "would": ["never", "wind", "you", "you", "drown"], "remains": ["and"], "faint": ["light"], "arms": [" ", "in", " ", "in", " ", "take"], "throw": ["em", "you"], "pearl": ["diving"], "live": ["like", "like"], "doubt": ["baby"], "call": [" ", " "], "calm": ["drivinglyrics"], "weeping": ["saw"], "teeth": ["marks"], "taken": [" ", " ", " "], "he\u2019s": ["just"], "until": ["morning", "morning", "morning", "morning", "you", "you", "i", "you", "the", "you"], "today": [" ", " ", " ", " ", " ", " ", " ", " ", " ", " ", " ", " ", " ", " ", " ", " ", " ", "im", " ", " ", "im", " ", "im", " ", " ", "im", " ", "im", " "], "loving": ["you", "you", "you", "you", " ", " ", " ", " ", " ", " ", " ", " ", " ", " ", " ", " "], "breathe": ["me", "melyrics", "me", "melyrics", " "], "door": ["for", "silent", "silent"], "marbles": [" "], "started": ["breaking", "breaking", "breaking", "or"], "becomes": ["the"], "under": ["the", "your", "the", "your"], "quicksand": [" "], "gucci": [" "], "muse": ["do", "do", "do", "do", "do", "do", " "], "hurt": [" ", "you", "your"], "phone": ["nothing", "nothing"], "carrying": ["those", "this"], "controlling": ["your"], "virtue": ["saint"], "loose": ["learn"], "baby": [" ", "i", "i", " ", "i", "i", "i", "i", " ", " ", " ", "were", "i", "no", "not", "no", "not", "no", "not", "no", "not", "no", "not", "no", "not", "no", "not", "no", "not"], "hole": [" ", " ", " ", " "], "hold": ["on", "on", "on", "on", "me", "me", "me", "me", "me", "me", " "], "weathering": ["with"], "me": [" ", " ", " ", " ", "down", " ", " ", "roar", " ", " ", " ", "up", " ", "up", " ", " ", "up", " ", "up", " ", "up", " ", "up", " ", " ", "up", " ", "up", "peacefully", "pushin", "lover", "lover", "counting", "lover", "lover", "lover", "lover", "lover", "lover", "turnin", "lover", "lover", "lover", "lover", "lover", "lover", "lover", "lover", "lover", "lover", "lover", "loverlyrics", "i\u2019m", "at", "inside", "i\u2019m", "im", "im", "up", "away", "down", "down", "down", "down", "down", "down", "down", "down", "down", "down", "down", "down", "down", "from", "dressed", "by", "laugh", "dressed", "by", "laugh", " ", "dressed", "by", "laugh", " ", "fall", " ", "fall", " ", " ", "all", "your", "your", "the", " ", "squirm", " ", " ", " ", "squirm", " ", " ", " ", " ", " ", " ", " ", " ", " ", "up", "down", "like", "like", "like", "up", "down", "like", "like", "like", "like", "like", "like", "ruin", " ", " ", " ", "with", "with", "to", "ruin", " ", " ", " ", "with", "with", "to", "like", "like", "like", "like", "like", "like", "loose", "free", "downlyrics", "to", "out", "silent", "cry", "come", "in", "in", "up", "out", "a", "in", "in", "up", "in", "in", "up", "in", "in", "up", "in", "in", "see", " ", "be", "be", " ", "be", "be", " ", "be", "be", " ", "be", "be", " ", " ", "me", "me", "me", "me", "me", "me", " ", " ", "be", "be", " ", "be", "be", "leave", " ", "my", "all", "leave", "your", " ", "all", "ill", "in", "for", "today", "today", "away", "down", "like", "today", "today", "away", "down", "like", "straight", "straight", "back", "swinging", "straight", "up", "long", "youre", "youre", "youre"], "honey": ["i"], "locked": ["my"], "wore": ["envy"], "heard": ["that"], "this": ["stuff", "i", "is", "is", "is", "is", "war", "love", "infinite", "love", "prison", "secret", "prison", "prison", "prison", "dream", "is", "love", "town"], "challenge": ["me", "me"], "blade": ["it", "it", "it", "it", "it"], "soul": ["aches", "aches"], "pour": ["you", "acid", "acid"], "wallet": ["and"], "crossed": [" ", "my", "my", "my"], "can": ["ever", "ever", "see", "feel", "feel", "feel", "feel", "i", "survive", " ", "barely", "do", "do", "do", "only", "see", "see", "see", "do", "come", "come", "try", "try", "try", "try", "try", "do", "do", "do"], "learn": [" ", " ", " ", "to"], "meet": ["you", "on"], "parkway": [" "], "my": ["own", "mind", "life", "own", "phone", "makeup", "own", "phone", "makeup", "makeup", "melodies", "melodies", "melodies", "melodies", "friend", "friend", "friend", "friend", "heart", "carpet", "marbles", "knees", "veins", "brain", "pills", "thoughts", "veins", "brain", "veins", "brain", "doorbell", "tears", "eyes", "glass", "eyes", "glass", "tears", "eyes", "glass", "eyes", "glass", "hair", "make", "nails", "high", "life", "life", "heart", "heart", "hands", "lips", "heart", "heart", "hand", "walls", "heart", "tears", "cries", "heart", "spirit", "path", "fears", "heart", "heart", "hand", "walls", "heart", "tears", "cries", "heart", "spirit", "path", "fears", "heart", "heart", "hand", "walls", "heart", "tears", "cries", "heart", "spirit", "path", "fears", "heart", "heart", "eyes", "life", "life", "arms", "arms", "hole", "home", "arms", "arms", "hole", "home", "hole", "home", "hole", "home", "hands", "throat", "throat", "with", "loving", "loving", "with", "loving", "loving", "side", "problem", "last", "face", "heart", "hands", "rhythm", "rhythm", "rhythm", "love", "love", "love", "love", "love", "hand", "love", "way", "life", "way", "eye", "eye", "life", "hair", "life", "hand", "best", "hair", "chair", "mascara", "sunglasses", "armor", "armor", "armor", "armor", "armor", "armor", "cup", "boat", "very", "very", "fears", "last"], "melyrics": ["submitted", "submitted", "submitted"], "history": [" ", "from", " "], "beautiful": ["calm", "floating"], "heart": ["is", "is", "back", " ", " ", " ", "into", "in", "my", "in", "into", "in", "my", "in", "into", "in", "my", "in", "in", " ", " ", " ", " ", " ", " ", " ", " ", " ", " ", " ", " ", " ", " ", " ", "you", " ", "being", "and"], "swinging": ["from"], "brown": ["and", "and"], "lock": ["me", "me", "me", "me"], "floor": [" ", " "], "laughs": [" "], "stinging": ["from"], "pieces": [" ", " ", " "], "high": ["notes", "heels", " ", " ", " "], "pushed": ["and", " "], "weve": ["done"], "dropped": ["the"], "want": ["to", "to", "it", "my", "to", "to", "to", "to", "to", "to", "to", "to", "to", "what", "and", "what", "and", "me", "me", "to", "you", "you"], "sharp": [" ", " "], "darkening": ["the"], "counting": ["imaginary"], "dress": [" "], "summers": ["gone"], "needs": ["to"], "rays": ["out"], "end": ["of", " "], "goal": ["was"], "laqa": [" "], "turn": ["the", "the", "out", "around", "up"], "breaking": [" ", " ", " ", " ", " ", " ", " ", " ", " ", "down", "down", "down"], "poetry": ["speak", "speak", "speak", "speak", "speak", "speak"], "till": ["i"], "hot": ["ash", "ash", "for"], "hitman": [" "], "trusted": ["to"], "animal": [" ", " ", " ", " ", " ", " ", " "], "struggled": ["on"], "mould": [" "], "tried": ["to", "to"], "fore": ["i"], "may": ["cry", "cry", "cry", "snap", "snap", "be"], "act": ["busy", "busy"], "spot": ["watch"], "thunderstorm": [" "], "tied": ["by"], "wrong": ["kind", "kind"], "lot": ["on", "on"], "blood": ["pump", "pump", "pump"], "men": ["to"], "coming": ["out", "a", " ", "a", " "], "looked": ["me", "me", "me"], "such": ["a", "a", "a", "a", "a", "a", "a", "a", "a"], "core": [" ", " "], "grow": [" ", " ", " ", "strong", "up", " "], "man": [" ", " ", " ", "you\u2019re", " ", " ", " ", " ", " ", " "], "a": ["thunderstorm", "oneway", "place", "strangers", "oneway", "place", "stranger", "danger", "stranger", "danger", "glass", "broken", "voice", "voice", "voice", "voice", "scream", "scream", "bird", "bird", "bird", "bird", "voice", "voice", "scream", "scream", "bird", "bird", "bird", "bird", "bird", "bird", "bird", "storm", "heavy", "slipknot", "juice", "hungry", "book", "book", "book", "book", "book", "book", "walk", "winters", "winters", "church", "winters", "walk", "winters", "winters", "winters", "winters", "basket", "basket", "basket", "good", "bird", "mess", "bird", "day", "day", "good", "bit", "cruel", "million", "falling", "falling", "falling", "shell", "low", "butterfly", "child", "rubber", "chosen", "rubber", "mine", "man", "boy", "toy", "little", "fair", "fair", "fair", "history", "history", "fair", "fair", "fair", "fair", "fair", "fair", "fair", "fair", "fair", "little", "cannon", "baseball", "cannon", "baseball", "cannon", "baseball", "cannon", "baseball", "cannon", "baseball", "snowman", "girl", "lot", "girl", "lot", "girl", "mess", "taste", "criminal", "bullet", "bullet", "long", "wild", "wild", "rolling", "dream", "wild", "wild", "drum", "long", "young", "younger", "river", "chance", "plan", "feeling", "feeling", "danger", "feeling", "feeling", "million", "poet", "faultless", "bullet", "feeling", "feeling", "danger", "feeling", "feeling", "million", "new", "new", "chance", "good", "little", "bow", "mess", "tear", "porsche", "porsche", "porsche", "smile", "smile", "smile", "smile", "smile", "smile", "smile", "smile", "smile", "smile", "smile", "smile", "smile", "smile", "smile", "smile", "smile", "smile", "smile"], "remember": ["your", "your"], "sets": ["me"], "light": [" ", " ", " ", " ", " ", "of", "in", " ", "it", " ", " "], "sit": ["you"], "loverlyrics": ["submitted"], "reaper": ["oh", "oh", "oh", "oh"], "so": ["lost", "tight", "tight", "tight", "tight", "don\u2019t", "today", "don\u2019t", "today", "today", "now", "i", "many", "bad", "go", "i", "go", "go", " ", "i\u2019m", "im", "im", "just", "look", "im", "im", "im", "im", "safe", "take", "close", "come", "close", "confident", "confident", "confident"], "things": ["that", "youve", "youve", "youve", "i", " ", "they", "to", "to"], "basket": ["case", "filled", "case"], "worst": ["part", "part"], "first": ["of", "born"], "dream": ["for", " "], "order": ["in", "in"], "talk": [" "], "wine": [" "], "blind": [" ", " "], "quelled": ["my", "my", "my"], "help": ["i", "i", "me", "me"], "nerve": ["if", "if", "if", "if", "if"], "train": [" "], "over": ["the"], "move": ["fast", "fast", "nothing", " ", "your", "your", "your", "your", "your", "your", "your", "your", "your", "your", "your", "your", "your", "your", "your", "your", "your", "your", "your", "your", "your", "your", "your", "your", "your", "your", "on", "on", "on", "on", "on"], "soon": [" "], "years": [" ", " ", " ", " "], "brain": [" ", " ", " ", "doesnt"], "mistake": [" "], "through": ["the", "my", "my", "my", "the", "the", "the", "fire", "the", "the", "the", "the", "you", "tonight", "tonight", "thick", "thin", "your", "your", "it", "it", "it", "it", "it", "the"], "sailed": ["my"], "shake": ["me", "until"], "hell": [" "], "cold": ["he", " ", " "], "still": ["breathing", "breathing", "breathing", "breathing", "breathing", "breathing", "breathing", "pour", "fighting", "fighting", "not", "as", "here", "i"], "its": ["lonely", "marvellous", "friday", "friday", "saturday", "saturday", "hard", "time", "time", "dirty", "its", "all", "you", "cage", "never", "me", "me", "me"], "before": [" ", " ", "we"], "what\u2019s": ["hiding"], "solace": ["in"], "fit": ["you"], "la": [" ", "la", "la", "la", "la", "la", " ", "la", "la", "la", "la", "la", " ", "la", "la", "la", "la", "la", " ", "la", "la", "la", "la", " "], "pray": [" "], "trying": ["to", "hard"], "torn": [" "], "chanel": ["gucci"], "ruining": ["my", "my", "my"], "covered": ["my", "my", "my", "my", "my", "my", "my", "in", "in"], "criminal": ["in"], "might": ["break", "break", "have", "be", "be", "take"], "belly": ["laughs"], "fool": ["this"], "then": ["all", "you", "you", "you", "you", "you", "you", "another", "i", "you", "you"], "them": ["cook", "cook", "cook", "cook", "cook", "cook", "free", "down", "down", "down", "down", "down", "down", "down", "but"], "good": ["for", "for", "for", "for", "for", "for", "for", "for", "time", "man", " ", "place", "is", "is", "is", "is", "is", " ", "to", "things", "things", "man", " ", " ", " ", " "], "return": [" ", " "], "safe": ["and", "and", "and", "and", "and", "here"], "introduce": [" "], "break": [" ", " ", "me", "me", "my", "down"], "band": ["until", "until"], "walls": [" ", " ", " "], "conquer": ["love"], "they": ["dry", "dry", "wont", "bring", "couldnt", "weren\u2019t", "move", "die"], "hands": ["little", "through", "as", "shaking"], "not": ["sing", "talk", "gon", "gon", "a", "a", "resist", "conquer", "break", "break", "a", "kissed", "worked", "face", "stay", "my", "stay", "stay", "replace", "replace", "replace", "alone", "today", "today", "today", "today", "today", "today", "today", "today"], "now": [" ", "i", " ", " ", "for", "i", "another", "enlighten", " ", "i", "i", "i", "i", "youll", " ", "yeah", "youre", "ive", " "], "cage": [" "], "day": [" ", " ", " ", " ", " ", " ", " ", " ", "your", "to"], "wont": ["look", "open", "look", "open", "look", "open", "look", "open", "be", "be", "be", "be", "hold", "track", "be", "let", "let", "let", "see", "close", "see", "let", "let", "you", "you", "you", "you", "you", "you", "relieve"], "frayed": ["ends"], "imprisoned": ["by", " "], "always": ["had", "had", "had", "had", "had", "been", "at", "leave"], "dawn": [" ", " "], "marvellous": ["losing"], "someone": ["find", "good", "good"], "stopped": ["into"], "veins": [" ", " ", " "], "found": ["solace", " ", " ", "me", "me", "me", "peace", "fore"], "went": ["in", "straight", "straight", "straight"], "bills": ["to", "to", "to", "to", "to", "to"], "shaking": ["with"], "side": [" ", "by", " ", " ", "by", " ", " ", "by", " ", " "], "poet": ["and"], "heavy": ["load"], "harm": [" "], "everyone": ["ive"], "weeknd": ["diplo"], "eh": ["eh", "eh", "eh", " ", "eh", "eh", "eh", " ", "eh", "eh", "eh", " ", "eh", "eh", "eh", " "], "doing": ["everything"], "turnin": ["all"], "hard": [" ", "to", " ", "but"], "haley": [" "], "yeah": ["i", "i", "i", "i", "lets", "ive", "i", "i", "i", "i", "i", "i", "ive", "i", "i", "i", "i", "i", "baby", "one", "id", "one", " ", " ", "you\u2019ll", "you\u2019ll", "you\u2019ll", "you\u2019ll", "you\u2019ll", "oh", "ill", "yeah", " ", "i", "im", "yeah", " ", "yeah", " ", "i", "im", "i", "im", "and", "you", "you", "you"], "used": ["to"], "taught": ["to", "to"], "gates": [" ", " "], "our": ["clothes"], "ghosts": ["in", "in", "in", "in", "in", "in", "in", "in"], "pills": ["again"], "alight": [" ", " ", " "], "out": ["but", "but", "but", "but", "but", "but", "like", "like", "like", "like", "like", "like", "like", "like", "like", "like", "like", " ", "your", "now", " ", " ", "on", " ", " ", "of", "your", "the", "the", "now", " ", "deep", "were"], "try": ["to", "to", "to", "to", "to", "to", "to", "to", "to"], "gon": ["care", "care"], "missed": ["my", "my", "my"], "armor": ["on", "on", "on", "on", "on", "on"], "miss": [" "], "since": ["youve"], "hostage": ["by", "by", "by", "by", "by", "by", "by", "by", "by", "by", "by", "by"], "meltdown": [" "], "strangers": ["face"], "mess": [" ", " ", "i", " "], "laid": ["while"], "daniel": ["salazar"], "hanging": ["on"], "got": ["it", "me", "me", "me", "down", "all", "cash", "cash", "you", "all", "cash", "cash", "you", "thick", "an", "an", "an", "thick", "an", "an", "some", " ", "too", "all", "all", "all", "it", "you", "a", "a", "a", "a", "a", "a", "a", "a", "drinks", "good", "good", "in", "all", "all", "all"], "darling": ["the", "the"], "stitches": ["your", " ", "come", "come", "come", "come"], "cause": ["im", "im", "im", "im", "im", "im", "im", "i", "ive", "ive", "you\u2019re", "youre", "id", "id", "you\u2019re"], "red": ["flags"], "mascara": ["a"], "shut": ["me", "me"], "friday": ["night", "night"], "given": ["up", "in"], "free": [" ", " ", " ", " ", " ", " ", " ", " ", " ", " ", " ", " ", " ", "us", "us", "us", "us", "you", "the", "the"], "you\u2019ll": ["watch", "pull", "pull", "pull", "pull", "pull", "never"], "base": ["that"], "california": ["dreamin", "dreamin", "dreamin"], "struggle": ["to"], "put": ["my", "my", "me", "me", "my", "me", "me", "me", "me", "on", "a", "a", "my", "my", "my", "my", "my", "my"], "bites": ["the", "the", "the"], "wanted": ["everything", "i", "to", "it", "it", "to"], "princess": [" "], "care": ["if", "if", "if", "if", "if", "if", "if", " "], "beast": ["in", "in", "from"], "poisoned": ["wine"], "her": ["plate", "plate", "pictures", "pictures", "down", " ", "frozen", "to", "down", "go", "yours", "frozen", "on", "every"], "steal": ["them", "them", "them", "them"], "could": ["ever", "not", "not", "leave", "go", "run", "not", "make", "never", "run", "let", "run", "let", "run", "let", "release"], "times": ["before", "before"], "thing": [" "], "place": ["where", " ", "where", "your", "your", "your", "your", "into", "your", "your", " "], "hopeless": ["and"], "swing": ["from", "from", "from", "from"], "can\u2019t": ["hide", "hide", "hide", "hide", "hide", "hide", "treat", "respect", "respect", "respect", "respect"], "loud": [" ", " "], "think": ["that", "that", "i"], "lay": ["your"], "lesstraveled": ["by"], "dont": ["change", "change", "care", "look", "care", "look", "care", "look", "wanna", "wanna", "wanna", "care", "wanna", "wanna", "wanna", "care", "get", "need", "need", "need", "need", "need", "need", "need", "need", "need", "need", "need", "need", "need", "need", "want", "bring", "bring", "bring", "want", "bring", "bring", "bring", "wanna", "bring", "bring", "bring", "bring", "let", "you", "you", "see", "wanna", "need", "wanna", "need", "wanna", "need", "come", "come", "come", "come", "need", "need", "need", "sink"], "slipped": ["further"], "feel": ["unsafe", "unsafe", "anything", "the", "the", "my", "my", "the", "the", "the", "the", "a", "my", "love", "love", "love", "my", "the", "so", "the", "in", "and", " "], "beer": ["with"], "one": ["else", "else", "for", "good", "bites", " ", "bites", " ", "bites", " ", "another", "another", "kiss", " ", "kiss", "kiss", "kiss", "off", "off", "million", "million", "million", "your", "million", "million"], "feet": ["and"], "wash": ["away", "away", "away"], "done": ["it", "it", "to", "of", "to"], "long": [" ", " ", "as", "as", " ", " ", "as", "as", "as", "as", "as", "as", "you", "long", "time", "long", "time", "ago"], "another": ["man", "man", "losing", " ", "one", "one", "one", " ", " "], "pablo": ["acuna", "acuna"], "carry": ["me", "me", "you"], "thick": ["skin", "skin", "and"], "dreamin": ["on", "on", "on"], "open": ["wounds", "my", "my", "my", "my", "breeze"], "tomorrow": ["doesnt", "doesnt"], "has": ["been", "been", "been", "been"], "little": ["girl", "girl", "things", "things", "girl", "closer", "makeup"], "toy": [" "], "silent": [" ", "cold", "cold"], "paint": ["my"], "top": [" "], "girls": ["cry", "cry", "cry", "cry", "cry", "cry", "cry", "cry", "cry", "dont", "cry", "cry", "cry"], "twisted": ["up"], "grima": [" "], "their": ["hearts", "hearts", "heart", "hearts", "hearts", "hearts", "hearts", "hearts", "heart", "there"], "too": ["sharp", "hard", "sharp", "hard", "close", "much", "loud", "afraid"], "storm": ["cloud"], "everythings": ["a"], "wrapped": ["in", "in", "in", "in", "in", "in", "in"], "bodys": ["poetry", "poetry", "poetry", "poetry", "poetry", "poetry"], "friend": ["hold", "hold", "hold", "hold", " ", " ", " ", " "], "eyes": ["stinging", " ", " ", " ", " ", " ", "as"], "shell": [" "], "passed": ["along", "me", "me", "me"], "that": ["comes", " ", "you", "i", "you", "i", "i", "we", "we", "we", "we", "i", "i", "is", "my", "i", "im", "the", "you", "we", "i", "had", "we", "you", "you", "you", "you", "you", "you", "keeps", "we", "beats", "beats", "its", "beats", "beats", "night", "youre", "id", "id", "id", "id", "i", "ive", "i", "to", "i", "i", "the"], "needle": [" ", " ", " ", " ", " "], "took": ["it", "and", "and", "what", "it", "it", "it", "it", "it", "it", "his", "my", "to", "my", "my", "you", "a", "the", "my", "my"], "zaria": ["butler"], "part": ["of", "is", "is"], "because": ["i"], "kept": ["me"], "seat": [" ", " "], "begins": ["with", "with", "with", "with"], "preacher": ["liked"], "kind": ["that", " ", " "], "cracks": ["without"], "i\u2019ll": ["meet", "squeeze", "let", "let", "slice", "do", "beat", "kill", "kill", "slice", "do", "beat", "kill", "kill"], "gotta": ["get", "do", "paint", "get", "get"], "handcuffs": [" ", " ", " ", " "], "grey": ["like"], "submitted": ["by", "by", "by", "by", "by", "by", "by", "by", "by", "by", "by", "by"], "don\u2019t": ["worry", "worry", "worry", "worry", "lock", "you", "lock", "you", "lock", "you", "lock", "you", "let", "know"], "standing": ["on", "on"], "flame": ["alight", "alight", "alight"], "lover": ["away", " ", "away", " ", "away", " ", "get", " ", "away", " ", "away", " ", "away", " ", "away", " ", "away", " ", "away"], "bare": [" "], "feeling": ["that", "that", "i", " ", "i", " ", "i", " ", "i", " "], "and": ["i", "nothing", "youre", "nothing", "youre", "i", "i", "got", "the", "breathe", "i", "i", "breathe", "the", "breathe", "i", "i", "breathe", "i", "i", "you", "gone", "so", "you", "gone", "so", "you", "gone", "so", "off", "the", "warm", "i", "warm", "warm", "warm", "warm", "the", "im", "carry", "all", "im", "im", "i", "i", "i", "i", "carry", "i", "when", "how", "you", "return", "you", "return", "breathing", "im", "im", "hell", "i", "you", "then", "i", "i", "i", "you", "then", "broken", "you", "now", "you", "then", "another", "i", "i", "an", "i", "i", "i", "i", "an", "i", "the", "i\u2019m", "your", "i", "steal", "i\u2019m", "your", "i", "steal", "i\u2019m", "your", "i", "steal", "i\u2019m", "your", "i", "steal", "i", "frighten", "your", "the", "challenge", "the", "ive", "nerve", "yet", "pushed", "then", "shake", "the", "ive", "nerve", "i", "nerve", "nerve", "nerve", "fire", "you", "i", "youre", "you", "youre", "i", "i", "you", "youre", "when", "when", "dice", "spice", "dice", "spice", "through", "touch", "you", "im", "i", "no", "again", "i", "i", "i", "i", "ive", "i", "im", "i", "i", "i", "i", "i", "if", "cant", "turn", "let", "let", "let", "let", "let", "let", " ", "now", "added", "now", "i", "hurt", "prickles", "prickles", "prickles", "men", "knew", "don\u2019t", "say", "she", "it", "i", "your", "i", "i", "all", "you", "now", "now", "anger", "it", "if", "if", "if", "if", "if", "if"], "desperate": ["to", "just"], "we\u2019ve": ["still"], "ann": ["grima"], "turned": ["into", "into", "the", "the", "the"], "mine": [" ", "oh", " "], "eats": ["us", "us", "us", "us"], "tonight": [" ", " ", " ", " ", " ", " ", " ", " ", " ", " ", " ", "lyrics", " ", " ", " ", " ", " ", " ", " ", " ", " ", " ", " ", " ", " ", " ", " ", " ", " ", " ", " ", " ", " ", "you"], "juice": ["head"], "say": [" ", "she", "come"], "murder": ["me", "me"], "have": ["a", "a", "done", "been", "lost", "done", "been", "lost", "fallen", "fun", "fun", "fun", "fun", "fun", "fun", "thought", "others", "i", "i", "found", " ", "her", "her", "memories", "been"], "need": ["to", " ", "dollar", "dollar", "no", "no", " ", "dollar", "dollar", "no", "no", "no", "no", "dollar", "dollar", "no", "no", " ", " ", " ", " ", " ", "drama", "drama", "drama", "batteries", "batteries", "batteries", " ", " ", " "], "seen": ["the"], "seem": ["to"], "saw": ["my", "those", "you", "you", "you", "you", "you", "you", "your"], "any": ["man", "man", "man", "man", "man"], "lie": ["in", "here", "here", "here", "here"], "afraid": ["now"], "dancing": [" ", " ", " ", " "], "leaflyrics": ["submitted"], "snow": ["is"], "anything": ["when"], "chest": [" ", "like"], "breeze": [" "], "take": ["the", "the", "your", "your", " ", "one", "a", " ", " ", "one", "a", "me", "me", "one", "a", "her", "her", "me", "me", "a", "my", "it", "it"], "which": ["i"], "shelbi": [" "], "rafters": [" "], "butterfly": ["kissing"], "younger": ["heart"], "play": ["a", "a", "a", "a", "a", "a", "a", "a", "a", "it", "it", "it", " ", " ", " "], "sure": ["to"], "pain": [" ", " ", " ", " ", " ", " ", " ", " ", " ", " ", "and"], "trace": [" "], "though": [" ", " ", " ", "our"], "track": ["us", "me", "me"], "who": ["just", "to", "have"], "reach": ["a", "the"], "mouth": [" "], "plan": [" "], "pleasure": ["is"], "nothing": ["in", "in", "though", "though", "that", "that", "that", "more", " ", " ", " "], "seasons": ["are", "are"], "tugging": ["at"], "pages": ["let", "let", "let", "let", "let", "let"], "darkness": [" ", " "], "deny": [" ", " ", "ive"], "give": ["me", "me", "me", "me", "it", "me", "my", "her", "your"], "clear": ["ill", "wont"], "lose": ["count", "a", "waiting", "hope"], "m": ["laqa"], "hungry": ["dog", "for"], "face": [" ", "becomes", " ", "blurred", " ", " ", " "], "slipknot": [" "], "hi": ["close", "close"], "wind": ["dont", "dont", "me", "is", "in"], "acuna": [" ", " "], "wounded": [" "], "scream": ["inside", "inside", "inside", "inside"], "came": ["back", "back", "back", "to", "to"], "snowman": [" "], "walking": ["away", "away", "away", "away", "away", "away"], "sanctuary": ["laugh"], "bomb": ["and"], "lyrics": ["submitted"], "show": ["my", "you", "you", " ", "you", "you", "you", "you", "it"], "chances": ["when"], "swelling": ["up"], "anyway": [" "], "bring": ["me", "me", "me", " ", "me", "me", "me", "me", "me", "me", "me", "me"], "chandelier": [" ", " ", " ", " "], "radio": ["on", "on"], "sneaking": ["in"], "corner": [" ", "of", "of"], "melody": ["are", "are", "are", "are"], "heavens": ["gates", "gates"], "feat": ["the"], "find": ["myself", "myself", "myself", "myself", "me"], "ground": ["can", "can", " ", " "], "aint": ["got", "got", "got", "got"], "envy": ["and"], "busy": ["order", "order"], "cried": [" "], "tire": ["before"], "blowin": ["up"], "true": [" "], "ruin": ["me", "me"], "enough": [" ", " ", " ", " ", " "], "sugar": ["and", "and"], "buttons": [" "], "being": ["bare"], "tears": ["around", "as", "as", "on", "on", "ignored", "ignored", "ignored", "fall", "while", "while", "while", "while"], "going": ["down", "down", "down", "down", "down", "down", "down", "down", "down"], "black": ["smoke", " ", " ", " "], "betray": ["the"], "pretty": [" ", " ", " ", " "], "money": [" ", " ", " ", " ", " ", " ", " ", " "], "watching": ["the", " "], "spice": [" ", " "], "hope": ["you", "that", " ", "away", " "], "loved": ["by", "by", "by", " ", "by"], "meant": ["for", "for"], "do": [" ", " ", " ", " ", " ", " ", "my", "for", "to", "all", "to", "all", "i", "i", "i", "your", "your", "your", "your", "your", "your", " ", "with", "it", "it", "it", "it"], "his": ["tshirt"], "hit": ["the", "the", "the", "a", "me", "me", "me", "me", "me", "the"], "get": ["away", "away", "away", "right", "hurt", "out", "it", "it", "laid", "enough", "enough", "enough", "enough", "up", "the", "up", "the", "up", "enough"], "beat": [" ", " ", " ", " ", " ", "on", "on", "in", "your", "inside", "inside", "inside"], "cannon": ["ball", "ball", "ball", "ball", "ball"], "winters": ["day", "day", "day", "day", "day", "day", "day"], "watch": ["the", "as", "the", "the", " ", "me", "me", "it"], "self": ["for"], "cannot": ["deny", "deny", "deny", "show"], "words": ["for"], "diplo": [" "], "awaiting": ["for", "for", "for", "for"], "him": ["go"], "shines": [" ", " ", " "], "gray": [" ", " "], "runs": [" "], "sounds": ["coming"], "held": ["hostage", "hostage", "hostage", "hostage", "hostage", "hostage", "hostage", "hostage", "hostage", "hostage", "hostage", "hostage", "this", "the", "the", "the", "you"], "floods": ["my", "my", "my"], "kisses": [" ", " ", " ", " ", " ", " ", " "], "cry": ["in", "in", "ruining", "when", "when", "when", "ruining", "when", "when", "when", "ruining", "when", "when", "when", "of", "and", " ", " ", " ", "out"], "morning": ["light", "light", "light", "light"], "bad": [" ", " ", "loving"], "stuff": [" "], "she": ["gave", "gave", "is", "needs", "will"], "release": [" ", " "], "river": ["runs"], "where": ["all", "the", "all", "the"], "ignored": ["my", "my", "my"], "set": ["free", "free", "free", "free", "free", "free", "free", "free", "free", "free", "free", "them", "it"], "fair": ["game", "game", "game", "game", "game", "game", "game", "game", "game", "game", "game", "game"], "mind": [" ", "i"], "ends": [" "], "beg": ["you", "you", "of", "you"], "resist": [" "], "see": ["that", "open", "that", "that", "me", "i\u2019m", "i\u2019m", "i\u2019m", "land", " ", "me", "me", "you", "ill", "your", "your", "your", "me", "its", "you", "them", "you\u2019re", "what\u2019s"], "asleep": ["i", "i", "i"], "are": ["breaking", "breaking", "breaking", "breaking", "breaking", "breaking", "breaking", "frightened", "frightened", "frightened", "frightened", "brown", "brown", "desperate", "your", "your", "beautiful", "my", "my", "my", "my", "just", "my", "the", "the"], "sea": ["of"], "close": ["my", "in", "the", "the", " ", "i", "i"], "best": ["certain", "certain", "dress"], "wonder": ["why", "why", "why", "why", "why", "why"], "closer": [" "], "knees": ["and"], "said": ["that"], "epic": ["miss"], "pictures": [" ", "every"], "away": ["all", "all", "all", "from", "from", "from", "from", "from", "from", "from", "from", "from", "from", "from", "from", "from", "from", "from", "from", "from", "from", "from", "from", "from", "i", "from", " ", " ", " ", " ", " ", " ", "i", "i", "i", " ", " ", " "], "drown": [" "], "demons": ["go", "go"], "yet": ["i\u2019ve"], "weapons": [" "], "pump": ["through", "through", "through"], "won": ["here", "here", "here", "here"], "champagne": [" "], "youll": ["just"], "dirty": ["like", "guns", "guns"], "fight": [" ", "this"], "we": ["are", "hold", "cannot", "are", "hold", "are", "hold", "cannot", "are", "hold", "welcome", "see", "reach", "were", "could", "were", "were", "used", "got", "need", "got", "need", "set", "show", "got", "need"], "never": ["had", "noticed", "be", "gonna", "gonna", "played", "played", "played", "get", "met", "end", "the", "see", "fully", "fully", "fully", "fully", "fully", "fully", "fully", "fully", "fully", "fully", "fully", "fully", "fully", "fully", "fully", "fully", "fully", "fully", "fully"], "joy": ["that"], "embrace": ["i", " "], "were": ["one", "so", "meant", "meant", "still", "searching", "worth", "a", "the", " ", "my", "playing"], "prickles": ["your", " ", "when"], "weren\u2019t": ["all"], "blame": [" ", " "], "cut": ["my", "my", "me"], "reigns": ["and", "and"], "unfold": ["me", "me", "me", "me"], "come": ["on", "on", "on", "on", "now", "dont", "a", " ", "my", "my", "undone", "undone", "undone", "undone", "for", "for", "back", "for", "for", "take"], "cop": ["and"], "last": ["breath", " ", "kiss", "hope", "hope", "beer"], "adrienne": [" "], "many": ["times", "times", "red", "would", "would"], "ill": ["shout", "shout", "shout", "shout", "shout", "shout", "shout", "shout", "shout", "trust", "walk", "never", "be", "be", "do", "tell", "show", "show", "show"], "barely": ["breathe"], "chosen": ["one"], "games": [" "], "dated": [" "], "forgotten": [" "], "baseball": [" ", " ", " ", " ", " "], "swallow": ["me"], "groundhog": ["and"], "asked": ["you"], "comes": ["with", "the"], "peacefully": ["follow"], "liked": ["the"], "tough": ["girl", "girl", "girl", "girl"], "key": [" ", " ", " ", " ", " "], "drunk": ["too", "my"], "sky": [" ", "is", "is", " "], "stuck": ["around"], "walk": ["away", "away", "away", "away", "away", "on", "on", "through"], "laugh": [" ", " ", " ", " "], "church": ["i"], "darlin": ["i", "i", "i"], "respect": ["any", "any", "any", "any", "any"], "trust": [" ", "no"], "beats": ["that", "like", "that", "like", "been"], "headaches": ["feel"], "feelings": ["show"], "fallen": ["through"], "cocainelyrics": ["submitted"], "porsche": ["with", "with", "with"], "lets": ["be", "be", "be"], "been": ["crossed", "here", "here", "for", "for", "running", "waiting", "around", "trusted", "in", "your", "beating", "won", "won", "won", "won", "found", "loved"], "mark": [" "], "breath": [" ", "i"], "confident": ["yeah", "yeah", "yeah"], "secret": ["life", "burns", "life", "life", "life"], "much": [" "], "treat": ["you"], "frighten": ["me"], "disregard": ["the"], "wait": ["for", " "], "woke": ["up"], "wants": ["to"], "life": ["in", " ", " ", " ", " ", " ", " ", "had", "passed", "had", "had", "passed", "had", "had", "passed", "had", " ", "so", " ", " ", "of", "of", "of", "of", "for", "yeah", "yeah"], "lived": [" "], "crying": ["doesnt"], "fire": ["to", "moves", "burning", " ", " ", " ", " "], "unsafe": [" ", " "], "designed": ["a"], "gas": ["on", "on", "on"], "wounds": ["in"], "else": ["to", "to"], "wake": ["up", "up", "up", "up", "up", "up", "up", "up", "up", "up", "up", "up"], "child": ["with"], "catch": ["the"], "drum": [" ", " "], "worked": ["for"], "an": ["eye", "elastic", "elastic", "elastic", "elastic", "elastic", "elastic", "elastic", "assassins", "animal", "assassins", "animal", "animal", "animal", "animal", "animal", "animal", "epic"], "spirit": [" ", " ", " "], "those": ["tears", "teeth"], "case": [" ", " "], "myself": ["in", "in", "in", "in", "again", "and", "again", "again", "and", "again", "know"], "save": ["my", "but"], "look": ["pretty", "pretty", "pretty", "at", "at", "down", "down", "down", "down", "what", "what", "in", "for", "what"], "these": ["thoughts", "parts"], "straight": ["for", "in", "for", "in", "for", "in"], "single": ["mistake", "game", "game", "game"], "crutch": ["your"], "will": ["be", "be", "be", "you", "i", "fit", "sit", "meet", "keep", "not", "grow", "dry", "learn", "dry", "learn", "grow", "stay", "draw", "not", "not", "not", "not", "remember", "not", "not", "remember", "sleep", "wait", "see", "someone", "cry", "be", "be", "be", "you", "pass", "be"], "while": ["i", "i", "im", "i", "i", "i", "i", "i"], "fun": ["tonight", "tonight", "tonight", "tonight", "tonight", "tonight"], "kissing": ["a"], "o\u2019": ["mine"], "animated": [" "], "dispare": [" "], "theres": ["a", "a", "a", "a", "no", "no", "a", "somebody"], "ive": ["have", "have", "dated", "been", "been", "been", "been", "got", "got", "got", "got", "got", "got", "got", "never", "never", "always", "got", "stuck", "always", "watched", "been", "held", "played", "been", "drunk"], "wild": ["to", "heart", "to", "heart", "to", "heart"], "played": ["a", "a", "a", "the"], "is": ["breaking", "breaking", "theres", "theres", "desperate", "gone", "dead", "well", "gone", "dead", "gone", "dead", "animated", "gray", "gray", "your", "up", "myth", "only", "true", "such", "the", "intellect", "intellect", "intellect", "intellect", "intellect", "pain", "left", "left", "an", "an", "nothing", "nothing", "nothing", "everythings", "rough", "rough", "rough", "rough", "too", "gone", "heaven", "coming", "coming", "coming", "coming", "the", "the"], "it": ["all", " ", "out", "out", "out", "out", "out", "out", "eats", "out", "out", "out", "out", "eats", "out", "out", "out", "out", "out", "out", "out", "again", "again", "down", "down", " ", "wont", "all", "i", "bad", "might", "i", "might", "up", " ", " ", "through", "through", "all", "is", "all", "all", "all", "all", "follows", "leads", "beats", "in", "all", "for", "cool", "cool", "cool", "anyway", "wasn\u2019t", " ", " ", " ", " ", " ", " ", " ", " ", " ", "off", "ain\u2019t", "shines", "shines", "shines", "takes", "til", "will", "on", "out"], "shame": [" "], "cant": ["you", "you", "you", "you", "feel", "hurt", "feel", "respect", "survive", "get", "get", "get", "get", "win", "you", "get", "see", "keep", "keep"], "lonely": ["at", "float"], "im": ["playing", "still", "alive", "still", "still", "alive", "still", "still", "alive", "still", "still", "at", "in", "at", "not", "not", "seeing", "seeing", "seeing", "seeing", "losing", "seeing", "seeing", "seeing", "seeing", "gonna", "skating", "the", "gonna", "gonna", "gonna", "gonna", "holding", "just", "holding", "just", "a", "gonna", "gonna", "gonna", "gonna", "holding", "just", "holding", "just", "just", "just", "just", "just", "just", "certain", "listening", "going", "going", "ayones", "addicted", "going", "going", "going", "going", "still", "like", "doing", "still", "like", "running", "walking", "walking", "walking", "walking", "walking", "walking", "just", "on", "held", "held", "held", "alone", "imprisoned", "held", "held", "held", "held", "held", "held", "held", "held", "held", "one", "one", "trying", "alone", "not", "your", "good", "scared", "scared", "scared", "a", "so", "unstoppable", "unstoppable", "a", "so", "unstoppable", "unstoppable", "unstoppable", "a", "so", "unstoppable", "unstoppable", "unstoppable"], "jest": [" "], "in": ["a", "the", "your", "the", "the", "a", "the", "your", "pain", "and", "the", "pay", "pain", "pay", "my", "my", "my", "my", "everyone", "everything", "everything", "everything", "everything", "everything", "everything", "everything", "everything", "la", "cellophane", "cellophane", "cellophane", "cellophane", "cellophane", "cellophane", "cellophane", "your", "my", "my", "my", "and", "black", "yours", "kisses", "kisses", "to", "black", "yours", "kisses", "kisses", " ", "black", "yours", "kisses", "kisses", "kisses", "my", "my", "and", "my", "my", "and", "and", "and", " ", "doubt", "love", "for", "love", "love", "love", "quicksand", "you", "you", " ", "the", "turn", "the", "your", "cuffs", "handcuffs", "cuffs", "handcuffs", "these", "cuffs", "handcuffs", "cuffs", "handcuffs", "you", "darkness", "you", "you", "the", "every", "every", "your", "your", "your", "stitches", "stitches", "the", "the", "my", "my", "the", "my", "the", "the", " ", "the"], "heels": ["on"], "somebody": ["here", "good", "good", "goodlyrics"], "doorman": ["at", "at"], "id": ["be", "be", "be", "be", "be", "like", "take", "take", "take", "take", "give", "take", "take"], "worry": ["makes", "don\u2019t", " ", "don\u2019t", " "], "if": ["i", "i", "i", "i", "i", "i", "i", "i", "i", " ", " ", " ", " ", " ", "you", "you", "you", "you", "your", "you", "you", "its", "you", "you", "its", "you", "you", "its"], "aches": [" ", " "], "kissed": [" "], "broke": ["down"], "harsh": ["words"], "triped": ["by"], "pay": ["tv", "tv"], "make": [" ", "up", "some", "it", "it", "believe", "me", "me", "out", "her", "history", "girls", "girls", "girls", "friendships"], "check": ["my", "my"], "guns": [" ", " "], "parts": [" "], "lovers": ["who"], "party": ["girls"], "start": ["she", " "], "ball": [" ", " ", " ", " ", " "], "rainbow": ["and"], "defy": ["the"], "drink": ["and"], "yesterday": ["is", "is", "is", "is", "is", "is"], "rain": ["that", "on", "on"], "hand": ["in", "in", "in", " ", " ", " ", " ", " ", "and", "and"], "delight": [" ", " "], "annulled": ["and"], "running": ["all", "your"], "dust": [" ", " ", " ", " "], "thoughts": ["get", "i"], "keep": ["my", "my", "my", "my", "dancing", "dancing", "dancing", "dancing", "you", "me", "her", "her"], "i\u2019ve": ["always", "cried", "always", "always", "always", "heard"], "drain": [" ", " ", " "], "off": ["key", "key", "key", "key", " ", "the", "the", " "], "fully": ["dressed", "dressed", "dressed", "dressed", "dressed", "dressed", "dressed", "dressed", "dressed", "dressed", "dressed", "dressed", "dressed", "dressed", "dressed", "dressed", "dressed", "dressed", "dressed"], "i": ["was", "wanted", "never", "wore", "hated", "had", "found", "saw", "had", "had", "took", "took", "took", "was", "knew", "wanted", "went", "wouldnt", "told", "would", "know", "may", "dont", "dont", "still", "may", "dont", "dont", "wake", "wake", "wake", "wake", "wake", "wake", "wake", "wake", "wake", "wake", "wake", "wake", "may", "dont", "dont", "was", "could", "struggled", "could", "struggle", "dont", "dont", "dont", "sing", "find", "sing", "sing", "shout", "dont", "sing", "find", "sing", "sing", "fly", "have", "fought", "dont", "dont", "dont", "sing", "find", "sing", "sing", "shout", "dont", "sing", "find", "sing", "sing", "have", "have", "am", "think", "might", "feel", "have", "have", "am", "think", "might", "feel", "know", "know", "can", "see", "am", "do", "am", "do", "am", "do", "am", "do", "am", "am", "am", "am", "do", "am", "do", "was", "stopped", "passed", "got", "pretended", "didnt", "could", "fall", "need", "learn", "push", "feel", "lose", "wont", "put", "wont", "hit", "got", "need", "aint", "aint", "got", "dont", "dont", "dont", "can", "dont", "keep", "wont", "wont", "hit", "got", "need", "aint", "aint", "got", "dont", "dont", "dont", "can", "dont", "keep", "dont", "can", "dont", "keep", "dont", "dont", "dont", "can", "dont", "keep", "know", "been", "run", "run", "will", "will", "will", "will", "promise", "will", "promise", "know", "lived", "cant", "dont", "beg", "wont", "dont", "beg", "wont", "could", "dont", "beg", "wont", "beg", "had", "didn\u2019t", "designed", "had", "let", "had", "was", "thought", "was", "was", "was", "had", "was", "was", "took", "slipped", "felt", "had", "thought", "was", "was", "see", "thought", "not", "might", "wanted", "wanted", "may", "move", "will", "know", "can", "want", "want", "can", "may", "move", "won\u2019t", "won\u2019t", "won\u2019t", "won\u2019t", "can\u2019t", "try", "need", "can\u2019t", "want", "want", "pushed", "could", "did", "could", "give", "am", "know", "need", "can\u2019t", "want", "want", "never", "can\u2019t", "want", "want", "can\u2019t", "want", "want", "cant", "want", " ", "got", "need", "can", "need", "want", "want", "gotta", "want", "want", "gotta", "got", "need", "love", "won\u2019t", "love", "won\u2019t", "dont", "took", "cant", "just", "will", "dont", "am", "just", "will", "dont", "am", "just", "will", "dont", "lie", "lie", "pass", "kinda", "lie", "pass", "can", "lie", "pass", "cannot", "am", "lie", "pass", "should", "cant", "catch", "cant", "cant", "cant", "done", "die", "now", "done", "woke", "wanna", "saw", "saw", "get", "wanna", "fall", "can", "lost", "will", "could", "could", "will", "cant", "wanna", "sent", "get", "wanna", "fall", "can", "lost", "will", "could", "could", "fall", "can", "lost", "will", "could", "could", "know", "will", "hope", "carry", "take", "wont", "wont", "am", "am", "know", "turn", "wanna", "wanna", "wanna", "wanna", "wanna", "wanna", "am", "am", "am", "asked", "know", "wont", "am", "am", "feel", "picked", "drank", "picked", "seen", "got", "got", "got", "got", "know", "want", "was", "have", "got", "got", "got", "got", "know", "want", "cant", "know", "would", "hit", "was", "got", "got", "wanna", "got", "was", "wanted", "put", "prepared", "prepared", "prepared", "know", "shed", "put", "am", "put", "am", "win", "dont", "will", "know", "put", "am", "put", "am", "win", "dont", "put", "am", "put", "am", "win", "dont", "held"], "youre": ["taught", "taught", "a", "a", "a", "a", "dark", "twisted", "never", "just", "never", "in", "in", "in", "always", "not", "somewhere", "gone", "pleased", "gone", "never", "never", "never", "loving", "never", "never", "never", "never", "never", "never", "loving", "never", "never", "never", "never", "never", "never", "loving", "never", "never", "never", "never"], "well": ["we", "i", "tire", "ive", "ive"], "fighting": ["for", "for"], "ocean": ["sing"], "thought": ["life", "life", "life", "that", "that"], "without": ["your", "weapons", "a", "a", "a", "a", "a", "a", "a", "a", "a", "a", "a", "a", "a", "a", "a", "a", "a", "a", "a"], "flags": [" "], "sadeq": ["m"], "oneway": ["ticket", "ticket"], "hearts": ["are", "are", "are", "are", "are", "are", "are", "and", " "], "the": ["love", "demons", "wind", "ground", "strangest", "back", "demons", "wind", "ground", "things", "fast", "things", "top", "things", "things", "ground", "line", "high", "worst", "worst", "world", "black", "cry", "dark", "pages", "pages", "pages", "pages", "lights", "leaves", "sky", "way", "preacher", "cold", "leaves", "sky", "cracks", "blood", "pain", "pain", "things", "train", "blood", "pain", "pain", "blood", "pain", "pain", "one", "love", "love", "chandelier", "night", "chandelier", "shame", "chandelier", "night", "chandelier", "radio", "dance", "beat", "radio", "dance", "beat", "beat", "beat", "headaches", "end", "road", "seasons", "first", "seasons", "drain", "sun", "joy", "little", "little", "drain", "drain", "back", "count", "night", "fight", "back", "door", "light", "wounded", "minor", "back", "weeknd", "dust", "dust", "night", "dust", "fire", "terror", "eye", "needle", "beat", "pain", "terror", "eye", "needle", "eye", "needle", "terror", "eye", "needle", "terror", "eye", "needle", "road", "mess", "world", "rainbow", " ", "reigns", "seat", "upper", "dust", "reigns", "seat", "upper", "upper", "upper", "upper", "pleasure", "sky", "drive", "roof", "pressure\u2019s", "hitman", "animal\u2019s", "pressure\u2019s", "beast", "beast", "mirror", "glass", "kind", "spot", "tears", "years", "base", "tears", "years", "tears", "years", "tears", "years", "cop", "run", "secret", "sun", "secret", "secret", "secret", "sequence", "snow", "hands", "door", "dirty", "door", "dirty", "rhythm", "rhythm", "corner", "feeling", "rhythm", "rhythm", "victim", "rhythm", "rhythm", "parkway", "summers", "feeling", "rhythm", "rhythm", "darkness", "wind", "beat", "beast", "rage", "call", "fall", "wait", "wrong", "poisoned", "wrong", "light", "war", "war", "moonlight", "hero", "war", "war", "moonlight", "world", "world", "onelyrics", "ground", "corner", "shadows", "corner", "darkest", "open", "wind", "ocean", "darkest", "way", "feel", "knife", "eye", "gas", "flame", "knife", "eye", "gas", "flame", "rafters", "knife", "eye", "gas", "flame", "sun", "night", "right", "only", "bomb", "bitterness", "boat"], "yours": [" ", " ", " ", " ", " "], "left": ["inside", "inside", "inside", "inside", " ", " ", "me"], "i\u2019m": ["here", "here", "here", "such", "your", "wrapped", "such", "wrapped", "wrapped", "left", "left", "left", "left", "putting", "a", "strapped", "too"], "load": ["carrying"], "kiss": [" ", "the", " ", " ", " ", " ", " "], "just": ["took", "playing", "wants", "holding", "holding", "holding", "holding", "holding", "holding", "holding", "holding", "holding", "one", "to", "how", "let", "how", "what", "what", "blow", "blow", "dont", "cut", "dont", "dont", "a", "one", "one", "one", "one", "like", "have"], "yea": ["ive"], "i\u2019d": ["have", "given"], "mending": ["ill"], "unstoppable": ["today", "today", "today", "today", "today", "today", "today", "today", "today", "today", "today", "today", "today"], "cries": [" ", " ", " "], "batteries": ["to", "to", "to"], "kill": ["me", "me", "me", "me", "me", "you", "you", "me", "me", "you", "you", "me", "me", " "], "victim": ["for"], "behind": [" ", " ", " "], "touch": [" ", " ", " ", " ", " "], "followed": ["me", "me"], "yes": ["theres", "theres", "i", "i", "you", "you", "you"], "cellophane": [" ", " ", " ", " ", " ", " ", " "], "enlighten": ["me"], "blow": ["me", "me"], "rubber": ["band", "band"], "death": ["by", "by", "by", " ", " ", " ", " ", "loving", " "], "cuffs": [" ", " ", " ", " "], "cup": ["oh"], "thinking": ["you"], "hated": ["that"], "drive": [" "], "had": [" ", "a", "a", "made", "a", "a", "been", "a", "a", "given", "hit", "locked", "broken", "broken", "lost", "drowned", "broken", "broken", "broken", "broken", "the", "been", "not", "the", "the", "the", "the", " ", " "], "it\u2019s": ["a", "a", "dangerous", "about", "about"], "shout": ["it", "it", "it", "it", "it", "it", "it", "it", "it", "it", "it", " "], "clipped": ["wings"], "prison": ["is", "is", "is", "is"], "snap": ["and", "and"], "ohhh": ["and"], "playing": ["on", "with", "now"], "match": ["only", "only"], "gave": [" ", "it", "me", "all", "me", "me", "all", "yuou", "you"], "shadows": ["dawn"], "around": [" ", "for", "through", "let"], "myth": [" "], "big": ["girls", "girls", "girls", "girls", "girls", "girls", "girls", "girls", "girls", "heart", "heart", "heart"], "doorbell": [" "], "gonna": ["stay", "swing", "live", "fly", "swing", "swing", "live", "fly", "swing", "put", "put"], "dark": ["grey", "night", " "], "possibly": ["make"], "game": [" ", " ", " ", " ", " ", " ", " ", " ", " ", " ", " ", " ", " ", " ", " "], "know": ["thats", "it\u2019s", "theres", "the", "youre", "because", "who", " ", "that", "that", " ", " ", "youre", "im", "you", "youre", "that", "that", "that", "that", "their", "you", " ", "if", "what", "i\u2019ve", " "], "listening": ["to"], "world": ["go", " ", " ", " ", " ", " "], "bit": ["like"], "burns": ["but", "and", "and", "and"], "wings": ["i"], "apart": ["you", " ", " "], "like": ["the", "a", "a", "a", "a", "a", "a", "a", "a", "a", "a", "a", "a", "a", "tomorrow", "a", "tomorrow", "a", "it", "i", "a", "a", "a", "a", "smoke", "a", "an", "a", "a", "an", "a", "a", "an", "a", "sugar", "sugar", "a", "an", "a", "a", "an", "a", "to", "it", "a", "a", "a", "an", "an", "the", "the"], "stranger": ["to", "to"], "follows": ["me"], "theyre": ["ringin"], "either": ["way"], "night": ["sky", " ", " ", "and", "and", " ", " ", "i", "time"], "soft": ["world"], "shed": ["a"], "right": ["back", "now", "time"], "brakes": [" ", " ", " "], "sequence": ["of"], "scared": ["i", "of", "of", "of"], "some": ["power", "love"], "back": ["of", "loud", "inside", "on", "till", " ", " ", " ", "for", "for", "for", "when", "in"], "alive": ["you", "you", "you", "oh", " ", "oh", " "], "immortal": ["is", "is"], "hair": ["i", "hear", " "], "born": ["in", " "], "lips": ["are", " "], "added": ["a"], "shes": ["near"], "sight": ["and"], "mirror": ["look"], "dear": ["life", "life", "life", "life", "you"], "diving": [" "], "intellect": ["and", "and", "and", "and", "and"], "doorstep": ["out"], "tripped": ["by", "by", "by"], "delivered": ["to"], "ain\u2019t": ["cause"], "squirm": ["baby", "baby"], "leaf": ["hes", "hes"], "for": ["love", "hate", "games", "love", "me", "love", "me", "love", "me", "love", "me", "you", "you", "you", "you", "you", "you", "you", "you", "a", "a", "a", "dear", "tonight", "dear", "tonight", "dear", "tonight", "dear", "tonight", "tonight", "tonight", "tonight", "tonight", "tonight", "tonight", "broken", "restless", "the", "me", "the", "the", "peace", "peace", "me", "love", "us", "one", "me", "me", "one", "me", "me", "me", "me", "you", "you", "the", "the", "the", "the", "the", "such", "a", "you", "me", "me", "release", "us", "me", "good", "me", "you", "all", "one", "her", "me", "me", "me", "me", "the", "your", "the", "your", "the", "nothing", "something", "nothing", "something", "nothing", "something"], "memories": [" "], "pressure\u2019s": ["rising", "rising"], "ice": [" "], "everything": ["i", "i", "i", "i", "i", " ", " ", "i", "i", "i"], "throat": [" ", " "], "boat": ["you", "when"], "impress": [" "], "beating": ["since"], "knife": [" ", " ", " "], "drivinglyrics": ["submitted"], "be": ["forgotten", "my", "found", "my", "my", "found", "my", "let", "your", "ok", "ok", "ok", "safe", "safe", "safe", "safe", "safe", "long", "long", "long", "long", "sure", "long", "clear", "too", "clear", "too", "your", "your", "your", "your", "your", "your", "your", "your", "your", "your", "your", "your", "your", "your", "your", "your", "your", "your", "with", "with", "loved", "loved", "loved", "loved", "chanel"], "knew": ["what", "it"], "run": ["away", "away", "run", " ", "me", "me", " ", "away", "away", "away"], "power": [" "], "babe": [" ", " ", " ", " ", " "], "nails": ["put"], "burn": ["the", "the", "the", "the", "with"], "speak": ["to", "to", "to", "to", "to", "to"], "broken": ["thing", "hearts", "hearts", "my", "my", "my", "my", " ", "my", "my"], "step": ["away", "away"], "nowhere": ["to", "to"], "losing": ["my", "another", "another"], "eye": ["for", "of", "of", "of", "of", "of", "hey", " ", " ", " ", " "], "imaginary": ["buttons", "school"], "prepared": ["to", "to", "to"], "by": ["jasmine", "pablo", "pablo", "a", "your", "your", "your", "your", "your", "your", "your", "your", "your", "shelbi", "zaria", "chocolate", "crying", "anger", "mark", "sarah", "dark", " ", " ", " ", "a", "my", "haley", " ", "daniel", "your", "your", "your", "your", "your", "your", "your", "your", "your", "your", "your", "your", "sadeq", "stitches", "stitches", "stitches", "stitches", "adrienne", "someone", "somebody", "someone", "somebody", "somebody", "sheila"], "hiding": ["way", "way", "and", "way", "out", "out"], "on": ["my", "my", "my", "the", "so", "so", "so", "so", "and", "a", "such", "my", "such", "a", "such", "such", "your", "thin", "the", "for", "for", "for", "for", "for", "for", "for", "for", "for", "for", "for", "for", "for", "for", "come", "turn", " ", " ", "come", "turn", " ", " ", "your", "your", " ", "and", "and", "challenge", "the", "me", "the", "me", "the", "her", "her", "the", "the", "the", "your", "triped", "tripped", "tripped", "tripped", "or", "how", "my", " ", "high", "high", "your", "high", "while", "show", "ill", "show", "ill", "show", "ill", "fire"], "about": ["best", "best"], "ok": [" ", " ", " "], "wouldnt": [" "], "oh": ["it", "it", "oh", "oh", "oh", " ", "oh", "oh", "oh", " ", "oh", "oh", "oh", " ", "oh", "oh", "walk", "oh", "oh", "get", "oh", "oh", "step", "oh", "oh", "walk", "such", "cant", "cant", "im", "im", "darling", "little", "darling", "it", "why", "mine", "i", "oh", "oh", "oh", "oh", "ohohoh", "you", "no", "no", "i", "you", "no", "no", "yeah", "yeah", " ", "you", "you", "will", "oh", "oh", " "], "roar": ["tonight"], "of": ["my", "you", "pearl", "champagne", "the", "the", "a", "dawn", "thats", "you", "the", "the", "the", "the", "the", "this", "us", "you", "us", "lovers", "us", "us", "sounds", "your", "sanctuary", "a", "a", "a", "a", "a", "your", "your", "my", "my", "fire", "fire", "fire"], "shoes": [" "], "onelyrics": ["submitted"], "drama": ["no", "so", "so", "so"], "fear": [" "], "stand": ["still", "for", "for", "for", "for", "for", "for"], "youve": ["taken", "taken", "taken", "got", "drunk", "gone"], "wanna": ["die", "die", "die", "die", "die", "die", "change", "burn", "throw", "put", "so", "so", "so", "free", "free", "free", "free", "get", "get", "grow", "get", "free", "be", "be", "be", "be", "be", "be", "dance", "hear"], "or": ["run", "cut", "run", "cut", "never", "maybe"], "road": [" ", "lesstraveled"], "seeing": ["ghosts", "ghosts", "ghosts", "ghosts", "ghosts", "ghosts", "ghosts", "ghosts"], "own": [" ", " ", " ", " "], "kinda": ["seemed"], "burning": ["pages", "pages", " "], "keeps": ["these", "me", "me", "me", "me"], "into": ["another", "another", "a", "a", "a", "a", "a", "a", "a", "pieces", "pieces", "pieces", "a", "the"], "float": ["got"], "down": [" ", "on", "push", " ", "wont", "wont", "wont", "wont", " ", " ", " ", " ", "i", "going", "the", "i", "i", " ", "i", "going", "the", "i", "i", " ", "i", "going", "the", "i", "i", "i", "dont", "my", "for", "i", " ", "my", "my", " ", " ", " ", " ", "or", "or", " ", " ", " ", "from", "from", "thought", " ", " ", "and", "only", "yeah"], "doesnt": ["exist", "exist", "exist", "want"], "promise": ["i", "you", "they"], "wrap": ["me", "me", "me", "me"], "couldnt": ["seem"], "frightened": [" ", " ", " ", " "], "your": ["pillow", "pillow", "frayed", "friend", "side", "side", "side", "past", "past", "side", "side", "side", "past", "place", "side", "side", "side", "past", "past", "doorstep", "day", "virtue", "love", "groundhog", "feet", "arms", "not", "not", "lips", "head", "pillow", "leaves", "friend", "pillow", "leaves", "friend", "face", "blade", "blade", "melody", "melody", "melody", "melody", "wallet", "watch", "first", "last", "chances", "loving", "loving", "loving", "loving", "crutch", "smell", "life", "shoes", "last", "embrace", "taste", "love", "touch", "love", "love", "touch", "love", "love", "touch", "love", "love", "touch", "love", "mouth", "mould", "brain", "heart", "eyes", "heart", "own", "face", "light", "light", "wild", "wild", "face", "face", "light", "bodys", "rhythm", "body", "body", "muse", "music", "rhythm", "body", "body", "bodys", "rhythm", "body", "body", "muse", "music", "rhythm", "body", "body", "system", "only", "chest", "chest", "bodys", "rhythm", "body", "body", "muse", "music", "rhythm", "body", "body", "bodys", "rhythm", "body", "body", "muse", "music", "rhythm", "body", "body", "body", "body", "bodys", "rhythm", "body", "body", "muse", "music", "rhythm", "body", "body", "bodys", "rhythm", "body", "body", "muse", "music", "rhythm", "body", "body", "heart", "warm", "moonlit", "arms", "belly", "moonlit", "covered", "covered", "self", "core", "big", "big", "big", "skin", "skin", "skin", "filled", "core", "heart", "chance", "chance", "blade", "princess", "promises", "goal", "blade", "bad", "every", "blade", "feelings"], "restless": ["mind"], "sunglasses": ["on"], "elastic": ["heart", "heart", "heart", "heart", "heart", "heart", "heart"], "hes": ["but", "but", "but"], "there": ["were", "is", "is", "is", " "], "blurred": ["in"], "hey": [" "], "fast": ["lane", " ", " "], "noticed": ["that"], "lost": ["the", "myself", "myself", "myself", "myself", "myself", "myself", "it", "to", "in", "in", "in", "your", "your", "your", "her"], "fought": ["back"], "low": [" "], "way": ["in", " ", " ", "up", "up", "up", " ", " ", " ", " ", " ", "to"], "music": [" ", " ", " ", " ", " ", " "], "was": ["born", "in", "a", "in", "all", "imprisoned", "down", "down", "out", "scared", "torn", "hopeless", "hiding", "a", "to", "to", "to"], "war": ["without", "has", "has", "has", "has"], "head": ["who", "in"], "only": ["right", "smoke", "smoke", "save", "friend", "alone", "way", "sadness"], "something": [" ", " ", " "], "believe": ["sets"], "won\u2019t": ["let", "let", "let", "let", "make", "make"], "but": ["im", "you", "im", "im", "im", "im", "im", "im", "i", "i", "theres", "i", "i", "theres", "i", "he\u2019s", "you", "i", "i", "i", "i", "you", "a", "a", "a", "there", "your", "you", "your", "you", "you", "what", "you\u2019re", "what", "what", "what", "i", "it\u2019s", "i", "i", "ive", "i", "i", "your", " ", "you", "im", " ", " ", " ", "the", "your", "i", "i", "still", "i", "i", "i", "you", "your", "no", "no", "no", "no", "i\u2019m", "will", "i\u2019m"], "searching": ["for"], "delivery": ["a"], "butler": [" "], "assassins": ["delight", "delight"], "hear": ["me", "you", "the", " ", " "], "dead": ["and", "and", "and", "match", "match"], "survive": [" ", "with"], "line": ["had"], "squeeze": ["you"], "with": ["light", "rain", "you", "pain", "an", "you", "me", "me", "me", "your", "your", "my", "my", "my", "your", "your", "my", "my", "my", "you", "a", "a", "just", "just", "just", "just", "regret", "every", "my", "my", "you", "me", "youlyrics", "your", "fear", "my", "no", "no", "no", "you"], "he": ["just", "knows", "cant"], "count": [" ", " "], "pull": ["too", "too", "through", "through", "through", "through", "through"], "made": ["every", "me", "me", "me"], "gaze": [" ", " "], "rage": ["like"], "dangerous": ["to"], "inside": ["that", "that", "that", "that", " ", " ", "my", "my", "my", "my", "of", "me", "me", "me"], "up": ["i", " ", "i", " ", "i", " ", "i", " ", "i", " ", "i", " ", "unfold", "and", "unfold", "and", "unfold", "and", "unfold", "and", "with", "like", "theyre", "im", "on", "in", " ", "at", "at", "at", "through", " ", "or", "or", " ", " ", " ", " ", "thinking", " ", " ", " ", " ", "i", " ", "with", "yeah"], "us": ["alive", "alive", "alive", "alive", "down", "why", "keeps", " ", "keeps", " ", "keeps", " ", "keeps", " ", " "], "tell": ["her", "you"], "cruel": ["cruel", "world"], "minor": ["key"], "how": [" ", "to", "to", "many", "many", "you", "strong", "i", "strong", "i", "strong", "i"], "problem": ["you"], "more": ["to"], "creeping": [" "], "moonlit": ["gaze", "gaze"], "skating": ["on"], "gone": ["and", "and", "and", "and", "and", "and", "and", " ", "but", " ", " "], "promises": [" "], "taste": [" ", "of"], "certain": ["you", "death", "death"], "am": ["nowhere", "nowhere", "no", "no", "no", "no", "carrying", "no", "no", "no", "no", "in", "a", "a", "controlling", "watching", "hot", "strong", "home", "mending", "strong", "home", " ", " ", " ", " ", " ", " "], "deep": ["sea", "down"], "dog": [" "], "tshirt": [" "], "salazar": [" "], "exist": [" ", " ", "though"], "at": ["home", "the", "home", "your", "me", "your", "me", "the", "the", "the", "meltdown", "your", "your"], "home": ["on", "on", " ", " ", " ", " ", "when", " ", " "], "watched": ["you"], "floating": ["clouds"], "moves": ["on"], "girl": ["in", "whose", "im", "whose", " ", "this", " ", "with", "with", "that"], "as": ["all", "they", "they", "long", "i", "long", "i", "long", "i", "long", "i", "long", "i", "long", "i", "long", "i", "long", "i", "a", "they", "they"], "knows": ["im"], "again": [" ", " ", "and", " ", " ", "and", " ", " ", " ", "im"], "maybe": ["she"], "no": ["time", "time", "drama", "time", " ", "i", " ", "i", "one", "one", "good", "good", "good", "good", "good", "good", "good", "good", "i", "i", "money", "money", "i", "i", "money", "money", "money", "money", "money", "money", "trace", "one", "i", "i", "i", "i", "i", "i", "one", "baby", "baby", "baby", "baby", "baby", "baby", "baby", "baby", "baby", "baby", "baby", "baby", "baby", "baby", "baby", "baby", "brakes", "brakes", "brakes"], "dressed": ["in", "in", "in", "without", "without", "without", "without", "without", "without", "without", "without", "without", "without", "without", "without", "without", "without", "without", "without", "without", "without", "without"], "peace": [" ", " ", " "], "when": ["their", "their", "their", "their", "their", "their", "their", "their", "their", "will", "you\u2019re", "you\u2019re", "you\u2019re", "will", "we", "i", "you", "you", "you", "its", "you", "its", "youve", "i", "i", "i", "i", "i", "shes", "im", "you"], "saturday": ["and", "and"], "til": ["i", "i", "the"], "tight": ["we", "but", "we", "but", "until"], "book": [" ", " ", " ", " ", " ", " "], "holding": ["on", "on", "on", "on", "on", "on", "on", "on", "on", "on", "on", "on", "on"], "tie": ["your"], "you": ["took", "could", "gave", "never", "said", "that", " ", "took", "took", "took", "took", "took", "took", "turned", "turned", "a", "would", "he", "will", "will", "will", "got", "got", " ", " ", " ", " ", "got", "see", "see", " ", " ", " ", " ", "know", "wrapped", "see", "see", "hide", "say", "see", "see", "baby", "baby", " ", "in", " ", "in", "wont", "reach", "will", "will", " ", "will", "will", "breathing", "are", " ", " ", " ", " ", " ", " ", " ", "found", "took", "started", "covered", "crossed", "quelled", "made", "covered", "found", "took", "started", "covered", "crossed", "quelled", "made", "covered", "opened", "let", "do", "set", "found", "took", "started", "covered", "crossed", "quelled", "made", "covered", "did", "pull", "wont", "did", "pull", "wont", "like", "disregard", "got", "are", "got", "saw", "had", "tonight", "come", "come", "feel", "came", "feel", "came", "feel", "came", "so", "from", " ", "tight", "take", "to", "to", "to", "know", "so", "in", "take", "kiss", "to", "to", "to", "know", "do", "and", " ", "want", " ", "with", "with", "do", "and", " ", "want", " ", "with", "with", "cannot", "stand", "change", "home", "by", "can", "are", "can", "can", "lost", "hold", "bring", "shut", "keep", "make", "make", "are", "wanna", "let", "give", "and", "always", "wanna", "break", "wanna", "wanna", " ", " ", "were", "standing", "standing", "i", "i", "i", "see", "know", "with", "got", "see", "i", "in", " ", "with", "cant", "let", "let", "started", "let", "let", "let", "let", "blind", "have", "were", "gave", "took", "took", "did", "will", "will", "gave", "gave", "had", "blind", "can", " ", "took", "gave", "to", "could", "gave", "gave", "had", "to", "take", "take", "were", "were", " ", "to", "have", "have", "think", "cant", "can", "lost", "lost", "lost", "a", "know", "lost", "try", "try", "try", "cant", "can", "can", "can", "can", "weeping", "creeping", "sneaking", "out", "came", "tried", "followed", "came", "tried", "followed", "are", "know", "can", "feel", "can", "can", "might", "really", "saw", "went", "turned", "wonder", "wonder", "make", "and", "scored", "went", "turned", "wonder", "wonder", "make", "draw", "went", "turned", "wonder", "wonder", "make", "what", "wanna", "how", "that", "how", "that", "how", "that", "shut", "filled", "sailed", "were", "took", "you", "will", "you", "will", "dropped", "dear", "swallowed", " ", "you", "have", "you", "will", "ever", "you", "will", "stand", "stand", "lose", "stand", "stand", "stand", "stand"], "really": ["care"], "smell": ["sight"], "scored": ["an"], "smiles": ["i"], "draw": ["the", "me"], "plate": [" ", " "], "ringin": ["my"], "why": ["can", " ", "dont", "im", "you", "im", "you", "im", "you"], "welcome": ["the"], "pretended": ["to"], "stay": [" ", "up", "here", " ", " ", " "], "town": [" "], "chance": ["and", "it", "to", "to"], "slice": ["you", "you"], "bullets": ["babe", "can", "babe", "babe", "can"], "rising": ["i", "i"], "rolling": ["drum"], "chocolate": ["is"], "opened": ["the"], "ago": [" "], "lane": [" "], "land": [" "], "bullet": ["through", "through", "for"], "glass": ["of", "full", "full", "full", "full", " "], "fears": ["you", "you", "you", " "], "em": ["back"], "moonlight": ["under", "under"], "warm": ["me", "me", "me", "me", "if", " ", " ", " ", " ", "embrace"], "drank": ["from"], "time": ["for", "for", "for", "call", "for", "for", " ", " ", " ", "yeah"], "push": ["it", "it"], "youlyrics": ["submitted"]}