{"all": ["a", " ", "the", "because", "my", "a", " ", "the", "because", "my", "go", "the", "need", "on"], "forget": ["it"], "skip": [" "], "skin": ["gets", "gets"], "go": ["cruising", "ask", "cruising", "ask", "threw", "your", "wit", " "], "follow": ["them"], " ": ["la", "you", "la", "we", "were", "and", "we", "for", "just", "cause", "that", "to", "i", "gave", "went", "had", "i", "who", "there", "five", "you", "yo", "so", "used", "then", "true", "i", "clean", "i", "for", "i", "fresh", "and", "stepped", "i", "then", "bumped", "this", "so", "she", "say", "she", "and", "and", "cause", "now", "she", "i", "here", "her", "hit", "punched", "slammed", "the", "something", "i", "she", "she", "so", "but", "she", "so", "ill", "what", "somehow", "and", "yo", "and", "the", "i", "i", "she", "i", "i", "and", "to", "to", "doug", "yea", "la", "you", "la", "we", "were", "and", "we", "for", "just", "cause", "that", "to", "i", "gave", "went", "had", "i", "who", "there", "five", "you", "yo", "so", "used", "then", "true", "i", "clean", "i", "for", "i", "fresh", "and", "stepped", "i", "then", "bumped", "this", "so", "she", "say", "she", "and", "and", "cause", "now", "she", "i", "here", "her", "hit", "punched", "slammed", "the", "something", "i", "she", "she", "so", "but", "she", "so", "ill", "what", "somehow", "and", "yo", "and", "the", "i", "i", "she", "i", "i", "and", "to", "to", "doug", "yea", "a", "dont", "aye", "a", "it", "its", "bust", "he", "and", "the", "to", "precious", "tell", "or", "ya", "boys", "this", "and", "for", "and", "but", "and", "for", "you", "or", "or", "or", "word", "you", "see", "then", "get", "but", "hangin", "you", "you", "when", "not", "behind", "theyre", "and", "you", "and", "sweetheart", "and", "yo", "get", "if", "just", "and", "do", "do", "and"], "lyrics": ["submitted"], "young": ["for", "for"], "oclock": ["in", "in"], "smile": ["and", "and"], "fly": ["green", "green"], "mornin": [" ", "yawn", " ", "yawn"], "cruising": ["in", "in"], "song": ["they"], "choice": ["of", "of"], "every": ["darn"], "bubbles": ["in", "in"], "cool": ["when", "when"], "school": ["crew"], "decked": ["her", "her"], "mothers": ["born", "born"], "did": ["you"], "gettin": ["sick"], "leave": ["her", "her"], "quick": [" ", " ", "and"], "olay": ["cause", "cause"], "round": ["of", "of"], "yall": ["keepin", "in", "give", " ", "keepin", "in", "give", " ", "turn"], "enjoy": ["yaself", "yaself"], "says": ["to", "im", "stop", "to", "im", "stop", "theirs"], "ten": ["oclock", "oclock"], "blue": [" ", " ", " ", " "], "what": ["you", "we", "im", "you", "was", "was", " ", "ricky", " ", "uplyrics", "you", "we", "im", "you", "was", "was", " ", "ricky", " ", "uplyrics", "i", "was", "is"], "heres": ["a", "the"], "deeply": ["hit"], "while": ["your"], "emotions": [" "], "blur": [" "], "new": ["gucci", "gucci"], "ever": ["let"], "filled": ["with", "with"], "body": ["and", "and"], "cozy": ["conditionin", "conditionin"], "never": ["have", "know", "have", "know"], "here": ["comes", "to", "comes", "to", "what"], "let": ["it", "him"], "strong": ["the", "the"], "change": [" "], "dry": ["was", "your", "was", "your"], "boy": ["was"], "great": ["at"], "kids": ["was", "was"], "pressure": ["brings"], "receive": ["a"], "fingernails": [" ", " "], "thats": ["on", "our", "true", "why", "on", "our", "true", "why", "my", "my", "in"], "teenage": ["love", "love"], "love": ["you", "away", "today", "your", "is", "you", "away", "today", "your", "is", "a", " ", "him", "him", "to", "you"], "marquita": ["chocolatechip"], "claim": ["ya"], "put": ["the", "a", "the", "a"], "wit": ["your", "a", "this", "it"], "eye": [" ", " ", " ", " "], "to": ["party", "see", "what", "the", "wash", "the", "get", "do", "me", "break", "stay", "the", "the", "party", "see", "what", "the", "wash", "the", "get", "do", "me", "break", "stay", "the", "the", "go", "reveal", "ya", "turn", "who", "occur", "much", "choose", "mention", "ya", "come", "the", " ", "lyrics"], "aye": ["sport"], "two": ["little", "little", "people"], "type": ["of", "of"], "tell": ["your"], "today": [" ", " "], "sort": ["of"], "brings": ["a"], "hurt": ["me"], "broke": ["the", "the"], "baby": ["powder", "powder"], "behalf": [" ", " "], "me": [" ", "and", "hi", "closely", " ", "im", " ", "and", "hi", "closely", " ", "im", "again"], "conditionin": [" ", " "], "word": ["now"], "mc": ["rick", "rick", "rick", "rick"], "this": [" ", "type", "was", " ", "type", "was", "two", "pressure", "dead", "is", "song"], "oh": ["no", "no"], "attention": ["we", "to"], "can": ["go", "go", "forget"], "theirs": ["no"], "im": ["feeling", "too", "thirtyfour", "feeling", "too", "thirtyfour"], "my": ["face", "hand", "skin", "fingernails", "behalf", "body", "brand", "old", "life", "socks", "oj", "love", "love", "mothers", "mother", "face", "hand", "skin", "fingernails", "behalf", "body", "brand", "old", "life", "socks", "oj", "love", "love", "mothers", "mother", "woman", "man", "tits"], "heart": [" ", "and"], "give": ["you", "him", "you", "him"], "woman": ["and"], "something": ["was", "was"], "dyke": ["but"], "end": [" "], "conversation": ["comes"], "rather": ["go"], "plans": ["for"], "get": [" ", " ", "back", "over"], "occur": [" "], "how": ["much", "much"], "dilly": ["dally", "dally"], "hop": ["and"], "swore": ["the"], "if": ["i", "i", "you", "you", "its"], "shouldnt": ["deal"], "tried": ["to", "to"], "wrong": ["cause", "i", "cause", "i", "and"], "guys": [" ", " "], "man": [" "], "a": ["yall", "cozy", "strech", "mornin", "mirror", "rumble", "bubble", "millions", "alley", "girl", "finger", "kiss", "round", "yall", "cozy", "strech", "mornin", "mirror", "rumble", "bubble", "millions", "alley", "girl", "finger", "kiss", "round", "teenage", "teenage", "thought", "serious", "dyke", "notion", "sort", "blur", "number", "hop", "skip", "bit"], "short": ["oh", "oh", "slick"], "maybe": ["theyre"], "think": ["of"], "green": ["socks", "socks"], "things": ["that"], "words": ["just", "just", " ", "thats"], "playing": ["hard", "hard"], "shoes": [" ", " "], "over": ["me", "me", "it"], "mission": ["so", "so"], "through": ["a", "a"], "hell": ["out", "out"], "still": ["let"], "its": ["cool", "all", "cool", "all", "like", "hard", "not"], "before": ["my", "my"], "style": ["on", "on"], "la": ["di", "di", "di", "di", "di", "di"], "crew": [" "], "better": ["take"], "choose": ["a"], "bout": ["your"], "might": ["take", "take", "seem"], "then": ["i", "i", "i", "she", "i", "i", "i", "she", "theyre"], "them": ["all", "all", "around"], "yo": ["thats", "mc", "thats", "mc", "thats", "this"], "ya": ["smile", "dont", "smile", "dont", "mighty", "heart", "hearts", "hawkin", "back", "girl", "goin"], "bein": ["true"], "break": ["it", "it", "up"], "mention": ["attention"], "kiss": [" ", " "], "not": ["then", "then", "bein", "to", "true"], "now": ["my", "what", "my", "what", "heres", "it", "destroyed", "dont"], "day": ["you"], "wont": ["end"], "fromt": ["the"], "stopped": ["short", "short"], "rock": ["upon", "the", "upon", "the"], "went": ["to", "back", "away", "to", "back", "away"], "mean": ["mother", "mother"], "house": ["stopped", "stopped"], "hard": ["to", "concrete", "to", "concrete", "to"], "yeah": ["thats", "hes"], "used": ["oil", "oil"], "doug": ["e", "e"], "our": ["mission", "mission"], "girl": ["sally", "playing", "sally", "playing", "you"], "out": ["the", "like", "the", "like"], "deals": ["wit"], "washed": ["off", "off"], "ricky": ["ricky", "ricky", "what", "ricky", "ricky", "what"], "health": [" ", " "], "chocolatechip": ["foreman"], "got": ["the", "the", "the", "the"], "cause": ["trouble", "its", "a", "my", "she", "you", "trouble", "its", "a", "my", "she", "you"], "quite": ["annoyed"], "ask": ["my", "my"], "bumped": ["into", "into"], "underwear": [" ", " "], "starts": ["crying", "crying"], "could": ["have", "have"], "days": [" ", " "], "times": ["hopin"], "turn": ["back", "into"], "top": ["choice", "choice"], "thirtyfour": ["she", "she"], "dont": ["cause", "bother", "cry", "stopf", "hit", "cause", "bother", "cry", "stopf", "hit", "dont", "hurt", "love", "see", "take"], "number": [" "], "one": ["else"], "feet": [" ", " ", "wit"], "wash": ["up", "up"], "bitch": ["was", "been", "was", "been"], "miss": [" ", " "], "millions": ["bucks", "bucks"], "little": ["guys", "guys"], "caught": ["up", "up", "spread"], "girls": ["i", "i", "yeah"], "too": ["young", "young"], "friend": [" "], "listen": [" ", " "], "relationship": [" "], "that": ["we", "we", "life"], "nobody": [" ", " "], "took": ["your", "your"], "part": ["of", "hearts"], "off": ["the", "the"], "brushed": ["the", "the"], "bubble": ["bath", "bath"], "bother": ["nobody", "nobody"], "submitted": ["by", "by", "by"], "feelins": ["so", "are", "were"], "future": ["theyre", "and"], "loves": ["him", "her"], "lover": [" ", " ", " "], "feeling": ["sad", "blue", "sad", "blue"], "powder": ["and", "and"], "and": ["when", "enjoy", " ", "my", "brushed", "hair", "the", "the", "blue", "now", "i", "she", "says", "decked", "stepped", "said", "what", "i", "on", "on", "on", "with", "you", "when", "enjoy", " ", "my", "brushed", "hair", "the", "the", "blue", "now", "i", "she", "says", "decked", "stepped", "said", "what", "i", "on", "on", "on", "with", "you", "she", "you", "girls", "everything", "he", "its", "the", "they", "make", " ", "part", "a", "buyin", "they", "quite", "if", "you", "if", "break", "your", "i", "what", "pay", "are"], "ran": ["through", "through"], "alley": [" ", " "], "sad": ["and", "and"], "say": ["because", "what", "because", "what", " "], "have": ["no", "a", "you", "me", "no", "a", "you", "me", "to"], "need": ["a"], "seem": ["strange", "him"], "saw": ["what"], "bastard": [" ", " "], "person": ["you"], "mic": [" ", " ", "right", " ", " ", "right"], "also": ["loves"], "take": ["home", "home", "his", "short"], "which": ["combines"], "so": ["thats", "listen", "then", "i", "i", "how", "i", "we", "thats", "listen", "then", "i", "i", "how", "i", "we", "here", "your", "great"], "soap": ["on", "and", "on", "and"], "foreman": [" "], "who": ["is", "is", "the"], "hypnotize": ["me", "me"], "hearts": ["been", " "], "nothing": ["seems"], "sally": ["from", "in", "from", "in"], "why": ["we", "we"], "proud": ["while"], "upset": [" ", " "], "face": ["and", "and", "of", "and", "and", "of"], "looked": ["upset", "upset"], "clean": ["dry", "dry"], "notion": [" "], "lying": [" ", " "], "gold": ["teeth", "teeth"], "chicken": ["pox", "pox"], "grabbed": ["me", "me"], "sayin": ["yeah"], "true": ["thats", "to", "thats", "to", " ", "love"], "behind": ["ya"], "bust": ["this"], "going": ["on", "on", "to"], "rick": ["and", "my", "and", "my"], "do": [" ", " ", "all", "you", "like"], "his": ["quick"], "hit": ["sally", "it", "sally", "it", "emotions"], "di": ["da", "la", "da", " ", "da", "we", "da", "la", "da", " ", "da", "we"], "stop": ["it", "lying", "it", "lying"], "da": ["di", "di", "di", "di", "di", "di"], "closely": ["by", "by"], "him": ["a", "a", "and", "to", "anymore", "stuff", "every", "enough", "make"], "colonge": [" ", " "], "reveal": ["your"], "cry": ["dry", "dry"], "stuff": [" "], "she": ["looked", "said", "said", "was", "was", "said", "cant", "grabbed", "gave", "caught", "put", "kept", "said", "starts", "says", "looked", "said", "said", "was", "was", "said", "cant", "grabbed", "gave", "caught", "put", "kept", "said", "starts", "says", "claims", "loves"], "where": ["ya"], "concieted": ["bastard", "bastard"], "see": ["ya", "ya", "just", "him"], "are": ["you", "you", "same", "you"], "sport": ["heres"], "best": ["friend"], "said": ["a", " ", "whats", "uh", "what", "dont", "what", "stop", "if", " ", "cheer", "you", "no", "i", "a", " ", "whats", "uh", "what", "dont", "what", "stop", "if", " ", "cheer", "you", "no", "i"], "ways": [" ", " "], "away": [" ", "from", " ", "from"], "enough": [" "], "score": [" "], "finger": ["in", "in"], "youll": ["never", "never"], "we": ["like", "dont", "dont", "rock", "rock", "create", "say", "never", "can", "like", "dont", "dont", "rock", "rock", "create", "say", "never", "can", "all", "all"], "men": ["thats", "thats"], "were": ["just", "just", " ", "the"], "tub": ["so", "so"], "dally": ["ran", "ran"], "come": [" "], "recitine": ["the"], "ill": ["give", "give"], "dumble": [" ", " "], "yaself": [" ", " "], "pox": [" ", " "], "wall": [" ", " "], "had": ["some", "the", "some", "the", "plans"], "happenin": ["and"], "tits": [" "], "polo": ["colonge", "colonge"], "precious": ["times"], "destroyed": [" "], "bathroom": ["to", "to"], "seein": ["you"], "beef": [" ", " "], "create": ["so", "so"], "been": ["around", "around", "stolen", "caught"], "much": ["youll", "youll", "and"], "warmth": ["to"], "woke": ["up", "up"], "threw": ["on", "on", "on", "on", " "], "life": ["is", "is", "is"], "else": [" "], "buyin": ["him"], "child": ["on", "on"], "those": ["two", "two"], "myself": ["a", "a"], "stolen": [" "], "plain": ["sick"], "gucci": ["underwear", "underwear"], "situation": ["we"], "is": ["the", "filled", "here", "the", "filled", "here", "no", "fromt", "to", "showin"], "it": ["lasted", "up", "leave", " ", "lasted", "up", "leave", " ", "deals", "might", " ", " ", "from", " "], "cant": ["have", "either", "have", "be", "have", "either", "have", "be"], "punched": ["her", "her"], "in": ["health", "the", "the", "i", "the", "the", "the", "the", "my", "health", "the", "the", "i", "the", "the", "the", "the", "my", "this"], "bucks": ["threw", "threw"], "everyday": [" ", " "], "chase": ["she", "she"], "anymore": [" "], "pay": ["attention"], "make": ["the", "love"], "same": ["and", "now"], "strange": [" "], "slammed": ["the", "the"], "belly": ["and", "and"], "party": [" ", " "], "stepped": ["out", "on", "out", "on"], "gets": ["pale", "pale"], "oil": ["of", "of"], "upon": ["the", "the", "the", "the"], "hand": ["upon", "upon", " "], "thoughts": ["deeply"], "kept": ["on", "on"], "uplyrics": ["submitted", "submitted"], "i": ["woke", "said", "washed", "got", "put", "could", "threw", "might", "got", "went", "forgot", "dilly", "said", "love", "to", "said", "said", "tried", "said", "cant", "broke", "had", "just", "said", "gave", "said", "says", "said", "am", "cant", "woke", "said", "washed", "got", "put", "could", "threw", "might", "got", "went", "forgot", "dilly", "said", "love", "to", "said", "said", "tried", "said", "cant", "broke", "had", "just", "said", "gave", "said", "says", "said", "am", "cant", "say", "know"], "youre": ["not", "not"], "thought": ["from"], "concrete": [" ", " "], "cheer": ["up", "up"], "comes": ["your", "your", "you"], "mother": ["with", "steps", " ", "with", "steps", " ", "bout"], "claims": ["theyre"], "the": ["mic", "mic", "mic", "mornin", "bathroom", "cup", "wall", "top", "mirror", "soap", "gold", "files", "style", "bubbles", "tub", "girls", "johnsons", "polo", "valley", "fly", "house", " ", "valley", "face", "eye", "belly", "child", "hard", "bitch", "kids", "hell", "chicken", "face", "bitch", "tick", "tick", "mic", "mic", "mic", "mornin", "bathroom", "cup", "wall", "top", "mirror", "soap", "gold", "files", "style", "bubbles", "tub", "girls", "johnsons", "polo", "valley", "fly", "house", " ", "valley", "face", "eye", "belly", "child", "hard", "bitch", "kids", "hell", "chicken", "face", "bitch", "tick", "tick", "old", "feelins", "start", "person", "bond", "feelins", "same", "score", "right", "boy", "talkin", "future", "words", "heart", "part", "words", "things"], "darn": ["day"], "they": ["really", "wont", "dont", "claim", "go"], "just": ["some", "to", "hypnotize", "love", "some", "to", "hypnotize", "love", "plain", "when", "think"], "yea": ["what", "what"], "cup": [" ", " "], "seems": ["to", "so"], "spread": ["around"], "crying": ["over", " ", "over", " "], "strech": ["up", "up"], "gave": ["myself", "chase", "her", "myself", "chase", "her"], "around": ["ten", "before", "ten", "before", "and", "and", "town"], "hopin": ["they"], "five": ["minutes", "minutes"], "know": ["what", " ", "what", " ", "the", "where"], "bit": [" "], "tick": ["tock", "tick", "ya", "tock", "tick", "ya"], "hangin": ["around"], "like": ["to", "a", "i", "to", "a", "i", "a", "each", "the"], "theyre": ["is", "just", "gone", "sayin", "gettin", "now"], "steps": ["and", "and"], "either": [" ", " "], "right": [" ", " ", "change"], "old": ["girl", "girl", "school"], "deal": ["wit"], "people": ["they"], "some": ["men", "soap", "men", "soap"], "somehow": ["your", "your"], "dead": ["relationship"], "hair": [" ", " "], "born": [" ", " "], "mighty": ["proud"], "mirror": ["mirror", "on", "said", "mirror", "on", "said"], "home": [" ", " "], "pale": [" ", " "], "happens": ["everyday", "everyday"], "kennya": [" ", " "], "for": ["all", "my", "all", "you", "all", "my", "all", "you", "she", "the", "the"], "slick": [" "], "everything": ["seems"], "holdin": ["her"], "stopf": [" ", " "], "be": ["your", "your"], "each": ["other"], "combines": ["yall"], "jazzy": ["ways", "ways"], "from": ["the", "me", "the", "me", "the", "now"], "peep": ["this", "this"], "by": ["my", "kennya", "my", "kennya", "marquita"], "on": ["the", "my", "the", "my", "my", "the", "her", "the", " ", "and", "and", "she", " ", "the", "my", "the", "my", "my", "the", "her", "the", " ", "and", "and", "she", " ", "problems", "your", "my"], "oj": ["and", "and"], "rumble": ["dumble", "dumble"], "of": ["shit", "them", "olay", "you", "mc", "applause", "shit", "them", "olay", "you", "mc", "applause", "warmth", "seein", "ya", "you", "your"], "hawkin": [" "], "wrinkled": ["pussy", "pussy"], "bond": ["which"], "or": ["so", "did", "because", "maybe"], "whats": ["wrong", "wrong"], "tock": ["and", "and"], "pussy": ["i", "i"], "into": ["my", "my", "a"], "socks": [" ", " ", " ", " "], "bath": [" ", " "], "because": ["this", "of", "this", "of", "your"], "your": ["love", "eye", "mother", "words", "jazzy", "wrinkled", "lover", "love", "eye", "mother", "words", "jazzy", "wrinkled", "lover", "feelins", "way", "inner", "mother", "lover", "best", "holdin", "not", "feet", "recitine", "future"], "yawn": ["and", "and"], "her": ["mean", "in", "in", "feet", " ", "a", "mean", "in", "in", "feet", " ", "a", "hand", " "], "hes": ["all"], "there": ["was", "was"], "start": [" ", "to"], "inner": ["thoughts"], "way": [" "], "valley": ["shoes", " ", "shoes", " "], "was": ["a", "my", "a", "i", "crying", "feeling", "strong", "gone", "wrong", "going", "a", "my", "a", "i", "crying", "feeling", "strong", "gone", "wrong", "going", "wrong", "happenin"], "files": ["for", "for"], "brand": ["new", "new"], "but": ["uh", "uh", "nothing", "later", "no"], "back": ["in", "in", "to", "on", "theyre"], "boys": ["yo"], "hi": [" ", " "], "with": ["rainy", "those", "your", "rainy", "those", "your"], "he": ["says", "also"], "up": ["around", "a", " ", "i", "quick", "i", "around", "a", " ", "i", "quick", "i", "time"], "uh": ["its", "she", "its", "she"], "minutes": ["it", "it"], "gone": [" ", " ", "and"], "later": ["on"], "showin": ["you"], "forgot": ["the", "the"], "am": ["go", "go"], "sweetheart": ["you"], "at": ["the"], "johnsons": ["baby", "baby"], "shit": ["happens", "happens"], "again": [" "], "rainy": ["days", "days"], "no": ["beef", " ", "youre", "beef", " ", "youre", "one", "other", "you"], "dressed": ["like", "like"], "when": ["we", "you", "we", "you", "you", "conversation"], "other": [" ", " "], "sick": ["of", "of"], "you": ["know", "peep", "cause", "are", "concieted", " ", "went", "so", "took", "she", "all", "cant", "miss", "dont", "know", "peep", "cause", "are", "concieted", " ", "went", "so", "took", "she", "all", "cant", "miss", "dont", "receive", "were", "love", "have", " ", "better", "swore", "rather", "seem", "dont", "follow", "do", "and", "had", "saw", "still", "ever", "can", "been", "shouldnt", "know", " ", "going"], "really": ["like"], "talkin": [" "], "time": ["and"], "problems": ["start"], "stay": [" ", " "], "keepin": ["yall", "yall"], "town": [" "], "trouble": ["we", "we"], "fresh": ["dressed", "yall", "dressed", "yall"], "goin": ["to"], "e": ["fresh", "fresh"], "applause": ["yall", "yall"], "lasted": ["the", "the"], "annoyed": [" "], "teeth": [" ", " "], "serious": ["situation"]}