{"all": ["thats", "illegal", "thats", "illegal", "the", "i", " ", "alone", "the", "about", "the", "around", "the", "faint", "up", "that", "the", "of", "that", "the", "of", "dissolves", "in", "the", "hurt", "the", "the", "my", "i", "for", "go", "for", "for", "these"], "since": ["regulatin"], "gs": ["and", " ", "and", " ", "to", "to"], "forget": ["it"], "chain": ["you"], "sly": [" ", "super"], "scooped": ["up", "up"], "knotted": ["round"], "scratches": ["two", "two"], "dollar": ["boat"], "felt": ["love", "love"], "switches": [" "], "known": ["nigga"], "skate": ["board"], "sleep": [" "], "izzy": [" "], "hanging": ["out"], "go": ["down", "down", " ", "to", "to", "around", "downtown", "downtown", " ", "cupcakes", "chocolate", "and", " ", " ", "we", "hard", " "], "follow": ["as", "as"], "dere": ["yeah"], "chillin": ["watchin"], "carpet": ["yeah"], "stinks": [" "], " ": ["snoop", "aint", "snoop", "tupac", "you", "most", "motherfuckin", "yall", "break", "have", "picture", "bomb", "with", "youse", "sho", "now", "free", "but", "so", "and", "so", "two", "bitches", "uhh", "im", "you", "niggaz", "i", "i", "i", "and", "but", "like", "and", "mmm", "ya", "now", "motherfuck", "and", "niggaz", "i", "i", "if", "2", "aint", "aint", "tupac", "nuthin", "it", "motherfuckin", "nuthin", "it", "motherfuckin", "now", "defeat", "and", "jealousy", "better", "i", "there", "hahah", "bow", "its", "everybody", "you", "you", "ya", "and", "let", "you", "they", "so", "floatin", "they", "niggaz", "keep", "affiliated", "no", "my", "snoop", "aint", "snoop", "tupac", "you", "most", "motherfuckin", "yall", "break", "have", "picture", "bomb", "with", "youse", "sho", "now", "free", "but", "so", "and", "so", "two", "bitches", "uhh", "im", "you", "niggaz", "i", "i", "i", "and", "but", "like", "and", "mmm", "ya", "now", "motherfuck", "and", "niggaz", "i", "i", "if", "2", "aint", "aint", "tupac", "nuthin", "it", "motherfuckin", "nuthin", "it", "motherfuckin", "now", "defeat", "and", "jealousy", "better", "i", "there", "hahah", "bow", "its", "everybody", "you", "you", "ya", "and", "let", "you", "they", "so", "floatin", "they", "niggaz", "keep", "affiliated", "no", "my", "when", "all", "get", "it", "with", "put", "do", "why", "its", "the", "my", "i", "my", "come", "jimmy", "you", "what", "and", "is", "its", "did", "you", "so", "piece", "it", "but", "so", "bad", "i", "i", "i", "jimmy", "i", "how", "something", "and", "just", "so", "and", "on", "lord", "id", "this", "couldnt", "ohhhh", "but", "bad", "so", "baby", "i", "but", "i", "for", "to", "so", "good", "feat", "boy", "guy", "snoop", "guy", "hook", "yeahhh", "beautiful", "youre", "i", "come", "dont", "yeahyeah", "walk", "have", "lil", "long", "back", "had", "the", "here", "mommy", "hurry", "i", "but", "when", "smack", "homeboy", "i", "we", "in", "body", "have", "now", "hootin", "black", "hair", "keep", "and", "pharrell", "bridge", "see", "to", "ohh", "snoop", "you", "girls", "but", "yous", "come", "you", "twist", "on", "nothin", "i", "cause", "p", "repeat", "baby", "get", "cause", "they", "you", "cause", "say", "you", "well", "even", "not", "im", "so", "lets", "and", "you", "girl", "and", "i", "and", "you", "im", "im", "and", "you", "cowgirl", "rodeo", "aint", "im", "and", "just", "you", "mean", "but", "girl", "let", "i", "and", "you", "im", "im", "you", "uh", "dpg", "talk", "narcotics", "time", "what", "yeah", "doula", "man", "ewwww", "i", "if", "devour", "beast", "be", "ewwww", "if", "ewwww", "give", "you", "sticky", "you", "boss", "nowalaters", "blue", "candy", "bigg", "so", "no", "the", "deez", "you", "how", "im", "sweet", "now", "to", "and", "oh", "heh", "war", "im", "lil", "if", "when", "yeah", "quick", "i", "shake", "tryna", "drop", "i", "its", "here", "foshigiddy", "cause", "ooohhhwwweee", "its", "dpg", "gimme", "talk", "get", "whip", "while", "the", "again", "god", "chrome", "hit", "stop", "its", "man", "high", "little", "i", "chorus", "candy", "yeah", "we", "we", "three", "i", "if", "laughing", "my", "when", "drop", "drop", "drop", "when", "park", "park", "park", "and", "pop", "pop", "pop", "i", "and", "uh", "see", "eligible", "thats", "the", "the", "i", "cheat", "killer", "wit", "so", "trying", "when", "you", "matter", "and", "im", "da", "i", "but", "aint", "i", "scratches", "sn", "i", "see", "so", "we", "so", "i", "waiting", "gs", "im", "drive", "i", "big", "on", "if", "oh", "ak47", "cement", "your", "they", "must", "pistol", "then", "subscribe", "baby", "when", "drop", "drop", "drop", "when", "park", "park", "park", "and", "pop", "pop", "if", "and", "uh", "see", "eligible", "thats", "the", "the", "i", "cheat", "killer", "with", "so", "trying", "when", "you", "not", "and", "im", "da", "i", "but", "aint", "i", "scratches", "sn", "i", "see", "so", "we", "so", "turn", "i", "waiting", "gs", "and", "and", "and", "in", "pass", "pass", "pass", "pass", "pass", "come", "lemme", "come", "it", "to", "come", "off", "without", "got", "graduated", "hit", "thats", "just", "on", "ate", "pretty", "id", "got", "may", "she", "i", "this", "i", "quit", "welcome", "uh", "got", "nate", "and", "im", "sing", "you", "i", "when", "dont", "she", "im", "all", "let", "ohh", "you", "but", "id", "and", "and", "is", "i", "but", "let", "im", "a", "and", "and", "and", "and", "beep", "im", "but", "im", "if", "you", "holla", "and", "im", "sing", "you", "i", "when", "dont", "she", "im", "all", "let", "ohh", "3", "gotta", "stacy", "pockets", "so", "you", "coat", "cus", "im", "i", "hop", "at", "since", "aint", "twoone", "four", "everywhere", "you", "bubble", "and", "im", "sing", "you", "i", "when", "dont", "she", "im", "all", "let", "yeah", "ohh", "west", "we", "im", "and", "yeah", "see", "have", "blue", "on", "niggaz", "these", "she", "i", "cause", "and", "straight", "4800", "my", "he", "eyes", "it", "never", "so", "so", "is", "with", "niggaz", "cherry", "so", "i", "dippin", "been", "and", "it", "im", "hughey", "i", "red", "me", "red", "with", "so", "so", "i", "aint", "hopped", "til", "we", "im", "moral", "so", "what", "me", "stop", "game", "eastside", "its", "we", "let", "so", "so", "so", "carip", "big", "come", "sing", "let", "run", "throw", "she", "im", "gangstaa", "yeah", "blowing", "lost", "she", "one", "i", "i", "got", "she", "yu", "and", "i", "snoopy", "kissin", "i", "but", "run", "throw", "she", "im", "gangstaa", "she", "coz", "she", "thats", "baby", "coz", "pull", "woke", "everyday", "its", "i", "we", "lights", "mamas", "i", "but", "run", "throw", "she", "im", "gangstaa", "this", "the", "its", "all", "when", "i", "yu", "yu", "then", "snoopy", "she", "i", "she"], "venice": [" "], "hold": ["her"], "baller": [" "], "zone": ["who"], "eligible": ["bachelor", "bachlor"], "tv": ["screen"], "kissin": ["on"], "concerned": ["with"], "itll": ["be"], "mercedes": [" "], "laughing": ["i"], "to": ["feel", "get", "take", "go", "clown", "get", "chino", "own", "you", "the", "have", "roll", "do", "kill", "questions", "get", "feel", "get", "take", "go", "clown", "get", "chino", "own", "you", "the", "have", "roll", "do", "kill", "questions", "get", "know", "the", "get", "spark", "complain", "me", "leave", "know", "his", "his", "his", "stay", "come", "me", "go", "let", "cry", " ", " ", "his", "his", "stay", "his", "his", "his", "his", "snoop", "do", "know", "it", "school", "tell", "cool", "walk", "pursue", "know", "pat", "you", "you", "melrose", "venice", "lose", "em", "get", "cop", "none", "the", "chunk", "beep", "keep", "bubble", "me", "get", "run", "ask", "do", "play", "the", "twist", "this", " ", "get", "run", "ask", "do", "play", "the", "the", "the", "the", "the", "the", "the", "the", "the", "the", "the", "get", "the", "a", "the", "tha", "the", "a", "be", "a", "shoot", "toot", "get", "the", "a", "aim", "the", "a", "stand", "the", "get", "jail", "the", "go", "the", "the", "her", "go", "my", "put", "sleep", "dig", "yu"], "coz": ["ima", "ima"], "seezight": [" "], "under": ["the", "there", "the"], "regal": [" ", " ", " "], "lord": ["i"], "sing": [" ", "about", " ", "about", " ", "about", "a"], "pride": [" "], "friendly": ["skys", "skys", "skys"], "merchant": ["shipping"], "me": ["on", "and", "fifty", "to", " ", " ", "tell", "not", "eternally", "on", "and", "fifty", "to", " ", " ", "tell", "not", "eternally", " ", "on", " ", "this", "feelin", "ooohhhh", "all", "talk", "and", "boomin", "and", "hit", "and", "show", "and", "you", " ", "show", "and", "through", "40", " ", "one", " ", "shit", "shit", "close", "see", "shit", "shit", "and", "and", "be", "something", "play", "tell", "im", "help", " ", "something", "play", "tell", "something", "play", "tell", "on", "by", "and", "and", "like", "like", "like"], "force": ["ones"], "relieve": ["you"], "point": ["of"], "far": [" "], "squidg": ["your"], "fat": ["booty"], "shoot": [" "], "smack": ["a", "up"], "sours": ["slippery"], "every": ["day", "day", "real", "real", "night", "night", "night"], "jack": ["give"], "locked": ["up", " "], "fala": ["comigo"], "difference": ["between"], "screaming": ["my", "i"], "wipe": ["the"], "cool": ["whip", "shit", "it"], "four": ["b", "b", "times"], "school": ["wit"], "clouds": ["blue"], "nowalaters": ["gum"], "taadow": ["check"], "grey": ["clouds"], "did": ["you", "not", "not", "not"], "die": ["by", "by", "to"], "dig": ["the", "pac", "em"], "gun": ["cuz", "so", "cuz", "so", "so", "in"], "gum": ["drops"], "try": ["to", "to", "to", "to", "to", "to", "to"], "p": ["she", "she", "ehh", " ", " ", "lewis"], "sand": [" "], "quick": ["to"], "radio": [" ", " ", " "], "guy": ["on", "on"], "dip": ["ghost", "you"], "round": ["here", "her", "this", "the"], "yall": ["niggaz", "niggaz", "tryna", "got", "really", "knew", "come", "knew", "come", "done", "with"], "dis": ["way"], "enjoy": ["the"], "open": ["cause"], "cookies": [" ", " "], "booty": [" "], "pizzle": ["the"], "luther": ["king"], "streets": [" ", " "], "guerrilla": ["shit"], "boots": [" "], "jump": ["my"], "rate": [" "], "street": [" ", " ", " ", "blues", " "], "video": [" "], "goyou": ["know"], "pass": ["you", "me", "me", "the", "the", "the", "the", "the"], "rhyming": ["and", "for"], "multimillionare": ["motherfuckers", "motherfuckers"], "air": ["force", " "], "dbs": ["my"], "raisement": [" "], "blue": ["and", "box", "carpet", "on", "frost", "flag", "flag", "chucks", "rags", "skies", "snatched", "rag", "chucks"], "aim": [" ", "fo"], "what": [" ", " ", "you", "we", "im", "my", "yall", "it", "else", "it", "she", "yall", "she", "the", "she", "up", "it", "we", "it", "we", "she", "i", "it", "we", "that"], "cupcakes": [" ", " "], "sun": [" "], "saw": ["it"], "reaching": ["for", "for", "for"], "stool": ["pigeons", "pigeons"], "fingers": ["and", "like"], "lights": ["out"], "waiting": ["on", "on"], "broke": [" ", " ", " "], "freaks": [" "], "everything": ["that"], "waited": ["this"], "new": ["under", "snoop", "to"], "potna": ["you"], "ever": ["wanna", "seen"], "guns": ["kids", "kids", "on"], "bowled": ["up"], "body": ["rag", "high", "gets", "gets", "gets"], "mamas": ["so"], "bo": ["dogg", " "], "flo": [" "], "menage": ["of"], "suge": ["right", " "], "mistake": ["in"], "bailin": ["these", "these"], "late": ["i", "i", "cus", "i"], "physed": [" "], "answers": ["to", "to", "phone", "phone"], "water": ["8x", "8x", "pagoda"], "bachelor": ["million"], "suicide": ["wrist", "wrist"], "let": ["me", "me", "you", "me", "me", "me", "me", "me", "it", "it", "him", "me", "me", "me", "me", "me", "me", "me", "em", "it", "em"], "kurupt": [" "], "alone": [" ", "it", " ", "it", " ", "it", " "], "affiliated": ["with", "with"], "chino": [" ", " "], "bulls": ["shit"], "ooohhhh": [" "], "wait": ["for", "for", "for", "for"], "box": ["yeah"], "boy": ["who", " ", "wit", "blue", "say"], "great": ["at"], "kids": [" ", " "], "teeth": ["in"], "gangbang": ["but"], "didnt": ["even"], "eastside": ["thats", "lbc"], "casino": [" ", " "], "straped": ["how", "how", "how"], "bow": ["down", "down"], "los": ["angeles", "angeles", "angeles", "angeles"], "eatin": ["it"], "coolest": ["of"], "dro": ["and"], "misery": ["suffering", "suffering"], "icky": ["icky", "ahh"], "pullin": ["on"], "squeakin": ["when"], "makes": ["you", "the"], "thats": ["on", "on", "in", "what", "what", "the", "how", "how", "the", "whiter", "how", "the", "whiter", "how", "the", "the", "what", "how"], "motherfucking": ["music"], "named": ["p", "p"], "love": ["for", "for", " ", "you", "at", "good", " ", " ", "at", "at", "to", "you", "it", "till", "till", "this"], "uzi": ["spray"], "extra": ["lines"], "213": ["crew"], "while": ["i", "the", "the", "the"], "spanish": ["spanish", " "], "hogs": [" ", " "], "wit": ["me", "me", "the", " ", "some", "a", "the", "the", "lil", "a"], "swerl": [" ", " "], "fake": ["it", "it"], "tookie": ["williams"], "should": ["think", "take", "think", "take"], "singing": ["rhyming"], "hoping": ["to"], "everybody": ["in", "in", "know", "eatin"], "from": ["the", "the", "doin", "round", "the", "the", "you", "a", "the", "the", "brinks", "the", "the", "the"], "snoop": ["up", "pump", "about", "up", "pump", "about", "dogg", " ", "answers", "shit", "and", "dogg", "dogg", "dogg", "and", "in", "got", "pulled", "d"], "illegal": [" ", " "], "give": ["me", "me", "all", "me", "a", "it", "her", "it", "it"], "dude": ["with", "with"], "two": ["of", "multimillionare", "of", "of", "multimillionare", "of", "extra", "one", "one", "guns"], "next": ["to", "to"], "insides": [" "], "live": ["in", "by", "with", "in", "by", "with", " ", " "], "call": ["your", "it"], "chinchilla": ["in"], "wizave": [" "], "lowenharts": ["let"], "shits": ["about", "about"], "black": ["beamer", "benz", "beamer", "benz", "and", "and", "rollin"], "sexy": ["yet"], "tryin": ["to", "to", "to", "to"], "pimppimp": ["fluid"], "tell": ["you", "me", "you", "me", "your", "em", "him", "you", "you", "by", "you"], "shizzle": [" ", " "], "loving": ["i"], "tryna": ["buy", "fit"], "suckas": ["then"], "club": ["and"], "sister": ["to"], "chocolate": [" ", " "], "grief": [" ", " "], "phone": ["oi", "yo", "e", "yo"], "flag": ["hanging", "hangin"], "everywhere": ["we", "we"], "losin": ["my", "my"], "eternally": ["the", "the"], "baby": ["bubba", "bubba", "i", "i", "boo", "boo", "boo", "girl", "you", "rate", "dont", "now", "come", "yes", "like"], "cases": ["mmm", "mmm"], "hurry": ["up"], "wiggling": ["her"], "riders": ["slide", "from"], "eiht": ["goldie", "goldie"], "must": ["be", "be", "i"], "fly": ["casino", "casino", "yaaaa", " ", "yaaaa", " ", "yaaaalyrics"], "none": ["dont"], "ma": [" ", "thats", " ", "thats", "name"], "room": [" ", "full", "full"], "mc": ["eiht", "eiht"], "niggas": ["when"], "this": ["aint", "game", "is", "world", "aint", "game", "is", "world", "room", "way", "aint", "new", " ", " ", " ", "work", "filthy", "bizarre", "motherfucker", "can", "motherfucking", "can", "game", "i", " ", "to", "out", "motherfucker", "real", "crippin", "the", "gangsta"], "car": [" "], "ride": ["the", "cupcakes", "out"], "work": ["so", "so", "dirty", "in"], "soul": [" "], "niggaz": ["about", "mind", "be", "livin", "been", "must", "is", "about", "mind", "be", "livin", "been", "must", "is", "fill", "fill", "gotta", "get", "see", "locked"], "chucks": ["blue", " "], "can": ["make", "fade", "make", "fade", "be", "understand", "loose", "loose", "watch", "make", "you", "roll", "vanish", "you", "excercise", "be", "excercise", "be", "see", "i", "do"], "sweeter": ["than"], "learn": ["for"], "aight": ["aint", "aint"], "making": ["love", "love", "all"], "drops": ["jelly"], "my": ["intentions", "fuckin", "hand", "gun", "religion", "niggaz", "dream", "destiny", "glock", "block", "nigga", "intentions", "fuckin", "hand", "gun", "religion", "niggaz", "dream", "destiny", "glock", "block", "nigga", "name", "groove", "thing", "planets", "boo", "life", "soul", "knees", "my", " ", "life", "favorite", "baby", "pictures", "fingers", "name", "eye", "eye", "cousin", "spanish", "baby", "one", "hustle", "almond", "badlyrics", "arm", "ear", "niggaz", "backside", "own", "own", "arm", "ear", "backside", "ferrari", "nephew", "shit", "fame", "granny", "big", "coattail", "niggaz", "motherfuckin", "bandana", "feet", "hand", "side", "teeth"], "shook": ["up"], "beautiful": ["i", "you", " "], "heart": ["broke", " ", "broke", " ", "broke", " "], "crazy": ["what", "what", " "], "slip": ["and"], "bugsy": ["seigel", "seigel"], "skateboard": ["p", " "], "benz": ["tryin", "tryin"], "share": [" "], "fuck": ["wit", "wit", "like", "it", "wit", "with"], "pieces": ["you"], "high": ["as", "riders", "girl"], "heard": ["about", "all", "all", "about"], "homie": ["in", "in", "boy"], "something": ["strange", "about", "about", "about", " ", "about", "natural", "natural", "natural", "for"], "want": ["you", "you", "em", "em", "em", "it", "it", "me", "me", "me"], "bucks": [" "], "bones": ["i", " ", "oooo", "baby", "its", "ooohhhhhh", " ", " ", "oooo", "x3lyrics"], "dj": [" ", " "], "drive": ["my"], "americas": [" ", " ", "number"], "clothing": ["thats"], "hughey": ["p"], "regulatin": ["been"], "end": ["with"], "nutz": [" ", "im"], "turn": ["gray", "gray", "me", "it", "it", "on"], "dress": ["on"], "range": ["from"], "s5": [" "], "fortunate": ["you"], "how": ["could", "i", "could", "i", "making", "much", "making", "you", "california", "california", "it", "you", "you", "you", "you", "you", "we", "she", "she", "she", "we", "bout", "bout", "the", "bout"], "need": ["you", "you"], "swear": ["i"], "winna": ["and"], "hos": [" "], "weed": ["and", "and", "cause", "cause"], "hating": ["my"], "bandana": ["double", "print", "hangin"], "beach": ["im"], "either": ["man"], "cariplyrics": ["submitted"], "tried": ["to", "to"], "rude": ["to"], "may": ["i"], "watch": ["clueless"], "vicious": ["on", "on"], "aiyyo": ["daz"], "lac": [" ", " ", " "], "pimps": ["in", "in"], "tries": ["to"], "abuse": ["it"], "ch\u00e2teauxs": [" "], "blood": ["gangbanging", "gangbanging", "just", "yeah", "i"], "coming": ["in"], "date": ["as"], "chorus": ["w"], "cabbage": [" ", " "], "bonesgood": ["love"], "filthy": ["game"], "doubleop": ["dogg", "dogg"], "man": ["i", "i", "e40", " ", "that", "gimme", "what", " ", " ", "i", " ", " ", "ma", "ma"], "a": ["gangsta", "gangsta", "gangsta", "gangsta", "gangsta", "perfect", "cold", "niggaz", "million", "pit", "house", "black", "fly", "felony", "gangsta", "gangsta", "gangsta", "gangsta", "gangsta", " ", "gangsta", "gangsta", " ", "gangsta", "boss", "show", "day", "promise", "gangsta", "gangsta", "gangsta", "gangsta", "gangsta", "perfect", "cold", "niggaz", "million", "pit", "house", "black", "fly", "felony", "gangsta", "gangsta", "gangsta", "gangsta", "gangsta", " ", "gangsta", "gangsta", " ", "gangsta", "boss", "show", "day", "promise", "g", "long", "man", "fella", "man", "glass", "student", "girl", "nigga", "64", "college", "hood", "crew", "movie", "medical", "light", "home", "date", "real", "winner", "winner", "home", "rose", "real", "block", "reputable", "bar", "sugar", "fuck", "nigga", "coat", "motherfucker", "nigga", "attitude", "nice", "second", "gangsta", "blue", "dj", "world", "little", "living", "bad", "lotta", "real", "red", "gun", "nigga", "nice", "ahizzead", "chinchila", "second", "fact", "gansta", "blue", "dj", "world", "little", "living", "way", "chain", "range", "regal", "worldwide", "menage", "lame", "nigga", "sad", "playa", "counselor", "pastor", "priest", "physchologist", "shrink", "freak", "crip", "real", "sad", "mink", "drink", "sad", "real", "squab", "gangsta", "knot", "crip", "blood", "lil", "phsycic", "winna", "gangsta", "gangsta", "thing", "shift", "gift"], "somethin": ["to", "boy"], "stress": [" "], "natural": [" ", "is", " "], "screwin": [" "], "beam": [" "], "specialize": ["in", "in"], "light": [" ", "blue", " "], "lame": ["let"], "lines": ["10x"], "youin": ["ohhooo"], "rollin": ["on"], "think": ["i", "i", "about", "before", "about", "before", "my"], "thangs": [" ", "switchin"], "ones": ["on"], "so": ["ima", "now", "how", "hard", "we", "now", "we", "ima", "now", "how", "hard", "we", "now", "we", "much", "good", "im", "bad", "bad", "so", "so", "so", "so", "so", " ", "that", "bad", "bad", "bad", "we", "beautiful", "if", "good", "sweet", "gone", "tasty", "tasty", "dont", "much", "bring", "dont", "sharp", "you", "dont", "much", "bring", "get", "dont", "strenuous", "what", "whooot", "whooot", "whooot", "whooot", "whooot", "whooot", "whooot", "whooot", "bang", "whooot", "whooot", "whooot", "whooot", "whooot", "whooot", "whooot", "whooot", "if", "whooot", "whooot", "whooot", "whooot", "whooot", "whooot", "whooot", "whooot", "whooot", "whooot", "whooot", "whooot", "lit", "gone", "good", "good"], "sn": ["doubleop", "doubleop", "double", "double"], "spray": [" "], "pay": ["they"], "chandon": [" ", " "], "dream": ["is", "is", " ", " ", " "], "talk": ["to", "to", "to", "to"], "shoes": ["now"], "move": [" ", "it", "in", " ", "cant", " "], "phsycic": ["izzy"], "soon": ["be", "be", "be"], "years": ["so", "so"], "reclined": ["fofive"], "attitude": [" ", " "], "own": ["a", "a", "ch\u00e2teauxs", "cars", "clothes"], "flaunt": ["it", "it"], "4": ["and"], "shake": ["it"], "whats": ["spilling", "spilling"], "cold": ["ass", "ass", " ", " ", " ", "in"], "still": ["be", "that"], "its": ["like", "like", "time", "been", "fortunate", "kinda", "real", "gettin", "so", "up", "americas", "hot", "hot", "hot", "hot", "hot", "hot", "hot", "hot", "hot", "hot", "hot", "hot", "hot", "hot", "hot", "hot", "hot", "time", "game", "the", "like", "so"], "before": ["your", "your", "you", "you"], "perfect": ["i", "picture", "i", "picture", "thang"], "laced": [" ", " "], "minks": ["gator"], "20": ["crippin"], "curly": ["like"], "till": ["ya", "ya", "tomorrow", "yur", "a", "yur", "a", "yur"], "pray": ["for"], "thang": ["thatll", "i"], "trying": ["to", "to", "to"], "hot": [" ", " ", " ", " ", " ", " ", " ", " ", " ", " ", " ", " ", " ", " ", " ", " ", " "], "crew": ["and", "i", " "], "better": ["flaunt", "be", "flaunt", "be", " ", "be", "earn", "get"], "pac": ["up"], "choose": [" "], "fade": ["the", "the"], "bout": ["the", "the", "the", "me", "them", "me", "me", "the", "you", "them", "me", " ", " ", " "], "cutie": ["lookin"], "might": ["be", "get", "be", "get", "do", "as", "as", "as"], "into": ["it", "somethin", "a"], "seigel": ["and", "and"], "fool": ["wit", "on"], "then": ["you", "you", "well", "i", "flip", "dance", "you", "i", "she", "i"], "them": ["hogs", "hogs", "hydralics", "fools", "fools", "keys"], "good": ["to", "to", "to", "love", "love", "love", "love", "you", "about", "got", "she"], "hop": ["back"], "yo": ["let", "dog", "grit", "place", "issue"], "ya": ["see", "got", "doing", "job", "hair", "see", "got", "doing", "job", "hair", " ", "vest", " ", "better", "chest"], "haaandy": [" "], "killer": ["wit", "with"], "cover": [" "], "uhh": ["me", "me"], "feelin": ["dis", " "], "break": ["out", "out", "down", "it", "it", "it"], "bang": ["or", " ", "like", "for"], "twoone": ["mother"], "courtroom": ["waitin", "waitin"], "they": ["got", "tryin", "got", "savage", "out", "blame", "tell", "wonder", "got", "tryin", "got", "savage", "out", "blame", "tell", "wonder", "ask", "rude", "do", "call", "aint", "cant", "miss", "aint", "come", "dues", "know", "cant"], "hands": ["together"], "flea": ["these", "these"], "now": ["aint", "im", "they", "follow", "give", "dissapear", "i", "aint", "im", "they", "follow", "give", "dissapear", "i", "shes", "put", "can", "id", "get", "ladies", "nigga", "im", "you", "they", "ladies", " ", " ", "i"], "yu": ["ready", "comin", "like", "say", "aint", "aint", "show", "like", "like", "hear", "wouldnt"], "day": [" ", " ", " ", " ", "for", "for", " ", "for", " ", "for", " ", "bad"], "daz": ["kurupt", " "], "espically": ["when"], "wont": ["abuse", "you", "stop", "quit", "stop"], "flipflop": ["20"], "name": ["is", "out", "is", "loud", "low"], "toes": ["wow"], "always": ["on", "cold"], "ohhooo": [" ", " ", " ", " ", " ", " ", " ", " ", " ", " ", " ", " ", " "], "drop": ["it", "it", "it", "it", "it", "it", "it", " "], "ewwww": ["ice", "its", "real", "dont"], "l": ["b"], "rocks": ["i"], "slide": ["in", "by", "up", "out"], "bdogg": ["to"], "magazines": [" "], "went": ["to", "straight", "to"], "phys": ["ed"], "side": [" ", " ", "you", "yeah", " ", "yeah", " ", " ", " ", "im"], "mean": ["to", "you", "a"], "em": ["what", "i", "drippin", "nephew", "i", "you", "i", "drippin", "all", "running", "coming", " ", "know", "know", "down"], "candy": ["man", "man", "yeah", "so", "i", " ", "you", " ", "paint", "candy", " ", " ", "man", "man", " ", "so", "candy", " ", "man"], "gettin": ["sweeter"], "upstairs": ["got"], "pursue": ["it"], "doing": ["dope", "ya", "dope", "ya", "what", "what", "what"], "house": ["out", "out", " "], "chunk": ["make"], "hard": ["till", "to", "till", "to", "baby"], "yeah": ["yeahhhh", "theres", "theres", "theres", "theres", "theres", "theres", "in", "in", " ", " ", "i", " ", "thats", "mc", "she", " ", "ha", "nigga", "i", "thats", "hes", "i", "thats", "he", "we", "cuz", "she", " "], "related": [" ", " "], "yupthree": [" "], "taught": ["to"], "year": [" "], "fine": ["dime", "dime"], "our": ["own"], "girl": ["ehh", "i", "wanna", "that", "but", "you", "i", "we", "you", "i", "you", " ", "sing", "was", "sing", "was", "sing", "was", " "], "whip": [" ", "it", "up", " ", "you"], "out": ["of", "the", "to", "in", "of", "the", "to", "in", "jimmy", "snoop", "my", "my", "the", "this", "my", "tough", "your", "if", "late", " ", "the", "we", " ", "like", "your", "like", "im", "like"], "tripping": ["on"], "leave": ["me", "this", "with"], "gon": ["lose", "be", "forget", "pass", "behizave", "unite", "push"], "blues": [" "], "bluein": ["ehh"], "god": ["damn"], "dime": ["brizzles", "brizzles", "for"], "rolls": [" ", "yeah"], "hear": ["what"], "hill": ["street"], "riddles": [" "], "print": ["ceilin"], "got": ["me", "us", "the", "nuthin", "a", "a", "a", "it", "to", "me", "us", "the", "nuthin", "a", "a", "a", "it", "to", "my", "our", "nothing", "a", "em", "that", "em", "em", "that", "everybody", "it", "it", "that", "that", "the", "that", "the", "it", "a", "a", "a", "the", "it", "a", "a", "a", "em", "em", "my", "her", "her", "her", "into", "caught", "the", "no", "the", "that", "her"], "hollerin": ["out", "hollerin", "hootin"], "cause": ["baby", "thats", "thats", "i", "i", "i", "the", "niggaz"], "bubba": [" ", " "], "red": [" ", "beam", " ", "bandana", "lowenharts", "lambo", "bandana", "and"], "ass": ["nigga", "nigga", "up", "up"], "slangin": [" ", " "], "working": ["late", "late", "late"], "monster": ["be"], "cars": ["and"], "million": ["march", "march", "dollar", "daollar"], "molly": [" ", " "], "motherfucker": [" ", " ", "motherfucker", " ", "would", " ", "one"], "free": ["tupac", "tupac"], "beep": ["jump", "beep", "as"], "mmm": [" ", "it", " ", "it"], "cut": ["so", "so"], "8x": [" ", " "], "100000": ["rip"], "california": ["rolls", "rolls"], "pimp": ["too", "playa"], "put": ["two", "together", "two", "together", "your", "you", "up", "it", "me", "it", "it", "her"], "smothered": [" "], "wanted": ["in", " ", " ", "in", " ", " ", "this"], "westside": [" "], "bleed": ["hennessy"], "card": ["yeah"], "pairs": [" "], "ate": ["more"], "toot": ["toot", " "], "g": [" ", " ", "come", " ", "the", " ", " ", "gangsta", "gangstaa", "gangstaa", "gangsta", "gangstaa", "gangstaa", "gangsta", "gangstaa", "gangstaa"], "backside": [" ", " "], "could": ["they", "they", "die", "be", "show", "show", "tell"], "yur": ["finished", "finished", "finished"], "ask": ["who", "why", "you", "if", "me", "me"], "days": ["you"], "keep": ["my", "whatevers", "a", "my", "whatevers", "a", "the", "groovin", "me", "back", "a", "a"], "thing": [" ", " "], "nuff": ["i", "i"], "place": ["at", "at", " "], "aboard": ["the"], "w": ["two"], "tied": ["in"], "wrist": ["red", "red"], "view": [" "], "loud": ["yeah", "i"], "motherfuckers": ["catchin", "who", "catchin", "who"], "fuckin": ["homey", "homey"], "first": ["snatch", "snatch"], "exotic": ["fill"], "looploop": ["that"], "already": ["know"], "dont": ["fool", "worry", "make", "stop", "ask", "you", "be", "get", "know", "break", "give", "sell", "try", "change", "try", "change", "act", "know", "act", "act", "play", "mean"], "martin": ["luther"], "feel": ["this", "good", "this", "good", "so", "you", "man", "good", "the", "like"], "number": ["one", "one"], "crib": ["ma", "ma"], "one": ["on", "on", "theres", "im", "candy", "and", "time", "baller", "yep", "yupthree", "in", "time", "bloodin", "crippin", "of"], "feet": [" ", " ", "and", " "], "hook": ["2xs"], "done": ["fucked", "put", "fucked", "put", "heard"], "groomed": ["in"], "another": ["warrant", "warrant", "world"], "comin": ["in", "up"], "throwback": ["scott"], "neighborhood": ["pullin"], "crip": ["side", "to", "side", "with", "nigga", "right", "or"], "suck": ["up"], "hood": ["near", "with"], "fella": ["long"], "little": ["homie", "homie", "momma", " ", "skate", " "], "10x": [" "], "needed": ["time"], "youse": ["a", "a"], "dogg": ["my", "with", "my", "with", "not", "lose", "clothing", "in", "snoopy", "im", "yeah", "yeah", "yeah", "in", "holla", " ", "holla", " ", "ya", "ima"], "caught": ["and"], "night": ["at", "her", "her", " ", "her"], "girls": ["thats", "be", "like", "get"], "wrapper": [" "], "ceilin": [" "], "paint": ["a", "a", " "], "2": ["of", "of"], "too": [" "], "creams": [" ", " "], "lacing": ["the"], "girld": ["get"], "liquor": ["store"], "store": ["either"], "listen": ["to"], "badlyrics": ["submitted"], "eyes": ["swerl", "swerl", " ", "and", "open"], "almond": ["with", "joy"], "stars": [" ", "umm", " "], "that": ["up", "up", "i", "cool", "you", "tries", "you", "wanna", "dont", "fonz", "weed", "im", "weed", "valley", "valley", "im", "im", "shit", "from", "candy", "candy", "sugar", "candy", "candy", "candy", "raspy", " ", " ", " ", "will", "raspy", " ", " ", "body", "the", "gets", "right", "be", "night", "its", "i", "pittsburgh", "bulls", " ", "and", "low", "yu", " ", " ", "and", "ass", " ", "and", "yu", "ass", "boy", "girl"], "pittsburgh": ["steeler"], "sizzle": [" "], "crews": ["or"], "park": ["it", "it", "it", "it", "it", "it", " "], "took": ["off"], "snatch": ["before", "before"], "hurt": ["inside"], "bzzack": ["now"], "butt": ["i", " "], "off": ["the", "her", "them", "on", "on", "on", "in"], "seat": ["reclined"], "than": ["me", "i", "a", "whats", "whats"], "steel": ["thatll"], "lightening": ["strikes"], "b": [" ", " ", "raisement"], "gator": ["boots"], "yeahhhh": ["ehh"], "gotta": ["throat", "throat", "couple", "think", "pay", "have"], "richer": [" ", " "], "submitted": ["by", "by", "by", "by", "by"], "foshigiddy": ["he"], "matter": ["fact"], "standing": ["there"], "familys": ["crying"], "williams": [" "], "were": ["playin", "standing", "reaching", "reaching", "reaching"], "nuthin": ["but", "but", "but", "but", "but", "but", "but", "but", "but", "but", "but", "but"], "outcome": [" ", " "], "bet": ["you"], "and": ["get", "shit", "put", "snoop", "i", "do", "get", "the", "i", "keep", "flea", "then", "bout", "get", "shit", "put", "snoop", "i", "do", "get", "the", "i", "keep", "flea", "then", "bout", "close", "i", "all", "i", "i", "start", "ohhooo", "sister", "finish", "keep", "baby", " ", " ", "beautiful", "black", "curly", "we", "see", " ", "wear", "i", "you", "then", "if", "if", "you", "when", "i", "you", "girl", "if", "you", "handling", "wipe", "an", "get", "sticky", "i", "only", "if", "im", "i", "think", "when", "the", "wear", "in", "now", "if", "im", "i", "think", "when", "once", "it", "it", "let", "let", "enjoy", "i", "you", "skateboard", " ", "im", "im", "i", "so", "then", "wizave", "i", "im", "i", "i", "i", "im", "nate", "things", "im", "im", "every", "then", "i", "went", "bang", "dig", "snoop", "blue", "all", "game", "cwalk", "turn", "slide", "ride", "every", "put", "im", "every", "every"], "rag": ["interior", "tied"], "mink": [" "], "outta": ["gas", "dere"], "wasnt": ["now", "now"], "mind": [" ", " ", " ", "piece", "i", "molly"], "mine": [" ", " "], "pigs": ["try", "try"], "sad": ["girl", "girl", "girl"], "yellin": ["hollerin", "out"], "say": ["when", "roll", "no", "i", "you", "ma", "her", " "], "solemnly": ["swear"], "corona": [" "], "have": ["one", "papers", "one", "papers", "to", "a", "them", "you", "it"], "throat": ["of", "of", "candy", " ", " "], "seen": ["100000"], "seem": ["they", "they"], "occupied": ["chocolate"], "cherine": [" "], "sell": ["they", "it", "it"], "wilson": [" ", " ", " "], "issue": [" "], "once": ["it"], "lil": ["cutie", "somethin", "skateboard", "something"], "naked": [" ", " "], "gangbanging": [" ", " ", " "], "scott": ["pippen"], "fadelyrics": ["submitted"], "homeboy": ["she"], "click": ["clack", "clack", "clack"], "lit": [" "], "chest": ["im"], "breeze": ["for"], "lip": ["lip", " "], "take": ["mine", "mine", "it", "a", "four", "it", "a", "four", "it", "the", "that", "that", "that"], "yeahh": ["yeah"], "interior": ["blue", "like", "like"], "jail": [" "], "ahizzead": [" ", " "], "waitin": ["on", "on"], "even": ["though", "know"], "play": ["the", " ", "me", "the", " ", "with", "with", "with", "in"], "frost": ["colors"], "lion": ["king"], "though": ["you"], "doin": [" ", " ", "suge", "thangs"], "who": ["can", "can", "answers", "do", "girl", "got", "dont", "i", "us"], "hootin": ["hollerin", "ohhooo"], "gotsta": ["get"], "intentions": ["to", "to"], "mouth": [" "], "strikes": ["you"], "blowing": ["trees"], "nothing": ["new", "to"], "faint": [" "], "everyday": ["is"], "why": ["stop", "oh", "oh", "oh", " ", "i", " ", " ", " "], "underwear": ["it"], "tomorrow": [" "], "cuban": [" "], "surf": ["but"], "dissolves": ["to"], "heh": ["heh", "yeah", "heh", "heh", "yeah"], "pulled": ["up"], "medical": ["card"], "flow": ["movin"], "dog": ["we", "i"], "hoochies": ["with", "with"], "skys": ["and", "and", "youd"], "ferrari": ["yep"], "wind": ["feel"], "movie": ["star"], "niggarino": [" ", " "], "wow": [" "], "fact": ["you", "you"], "bomb": ["the", "the"], "gold": ["thangs"], "show": ["a", "a", "you", "you", "you", "you", " "], "cowgirl": ["wanna"], "lewis": ["with"], "granny": ["saw"], "fifty": ["feet", "feet"], "bring": ["your", "your"], "colors": ["switches"], "choosin": [" "], "fonz": ["in"], "king": [" ", "park", "with"], "nephew": ["the", "nate"], "fear": ["of", "of"], "feat": ["pharrell"], "find": ["you"], "help": ["out"], "aint": ["nuttin", "nuttin", "nuttin", "nuttin", "nuttin", "nuttin", "nuttin", "nuttin", "nuthin", "nuttin", "nuthin", "nuttin", "no", "nuttin", "nuttin", "nuttin", "nuttin", "nuttin", "nuttin", "nuttin", "nuttin", "nuthin", "nuttin", "nuthin", "nuttin", "no", "no", "got", "talking", "about", "gon", "no", "gonna", "no", "no", "afraid", "with", "no", "no", "got", "a", "no", "a", "felt", "felt", "stop"], "o": ["dub", "dub"], "caaandy": ["what"], "ear": ["talking", "talking", "come"], "coattail": [" "], "front": ["end"], "true": ["blood"], "excercise": ["you", "you"], "winner": [" ", "rodeo"], "3": ["piece"], "bust": ["and", "and"], "sugar": ["cane", "daddy"], "carip": ["carip", "cariplyrics"], "only": ["gotta", " ", "on", "here", "on"], "going": ["down", "on", "on"], "actin": ["like", "like"], "lemme": ["put", "know"], "pretty": ["sexy"], "gangsta": ["party", "party", "party", "party", "party", "shit", "party", "party", "party", "party", "party", "party", "party", "party", "party", "party", "party", "party", "party", "party", "party", "shit", "party", "party", "party", "party", "party", "party", "party", "party", "party", "party", "but", "guerrilla", "party", "gangstaa", "get", "gangstaa", "i", "get", "gangstaa", "espically"], "hopped": ["out"], "hip": ["like"], "do": ["it", "a", "it", "a", "not", "my", " ", "the", "it", "it", "it", "it", "this", "is", "the", " ", "that", "double", "that", "double", "it", "it", "a", "what", "when", "in", "it", "what", "when", "in", "what", "when", "in"], "his": ["bones", "bones", "bones", "bones", "bones", "bones", "bonesgood", "bones", "bones"], "hit": ["it", "it", "the", "the", "the", "it"], "playa": ["with", " ", "from"], "get": ["richer", "smart", "defensive", "ready", "the", "scooped", "your", "up", "richer", "smart", "defensive", "ready", "the", "scooped", "your", "up", "up", "higher", "high", "your", "away", "into", "foolish", "yourself", "it", "up", "put", "yourself", "my", "it", "it", "at", "a", "ahizzead", "naked", "live", "yo", "loose", "at", "an", "a", "naked", "live", "that", "in", "away", "far", "right", "stuck", "up", "up"], "beat": ["of", "i", "i", " ", "it"], "dope": ["slangin", "slangin"], "between": ["me"], "stop": ["bailin", "bailin", "it", "you", "dip", "that", "us", "and", "till", "till", "till"], "fluid": [" "], "trees": ["in"], "da": ["big", "big", "house", "riddles"], "fofive": ["under"], "famous": [" ", " "], "feels": ["so"], "killers": ["in", "in"], "cheat": ["on", "on"], "dr": ["martin"], "him": ["hey", "learn"], "ghetto": ["you"], "workin": ["yu"], "gray": [" ", " "], "earn": ["for"], "pistol": ["whip"], "bar": ["of"], "spilling": ["down", "down"], "nicely": ["dont"], "cry": [" "], "nate": ["dogg", "dogg", "dogg", "dogg", "singing"], "oooo": [" ", " "], "dpg": ["mc", "i"], "bad": ["to", "to", "bad", "to", "to", "bad", "to", "so", "to", "but", "to", "bad", "to", "to", "boy"], "priest": ["or"], "caramel": ["insides"], "she": ["niggarino", "niggarino", "taken", "my", "took", "got", "let", "crying", "got", "let", "crying", "got", "let", "crying", "shook", "put", "make", "love", "like", "on", "like", "make", "always", "like", "say", "make", "screaming", "off", "love"], "shots": [" ", " "], "double": ["g", "op", "g", "op", "g", "knotted"], "release": ["me", "me"], "through": ["the", " ", "they"], "grab": ["her"], "watchin": ["the"], "where": ["all", "all"], "sho": ["nuff", "nuff"], "krypton": ["home"], "samantha": [" "], "set": ["a"], "nuttin": ["but", "but", "but", "but", "but", "but", "but", "but", "but", "but", "but", "but", "but", "but", "but", "but", "but", "but", "but", "but"], "gansta": ["but"], "diggin": ["out"], "bucket": [" "], "brake": ["yall"], "cruise": ["my"], "around": ["town", "here", " "], "flip": ["you"], "welcome": ["to", "to"], "see": ["this", "we", "if", "this", "we", "if", " ", "my", "i", "the", "suge", "these", "these", "i", "how", "these", "these", "i", "through", "if", "clear", "is"], "full": ["of", "of"], "college": ["girl"], "are": ["really", " "], "hoes": ["all"], "yeahyeah": ["you"], "close": ["youll", "your", "youre", "let"], "gouda": ["potna"], "arm": ["and", "and"], "best": ["from", "from", "weed", "weed", "to"], "wonder": ["how", "how"], "knees": ["screaming"], "movin": [" "], "said": ["ill", "ill", "ill", "trip"], "destiny": ["release", "release"], "daollar": ["boat"], "thunderdome": [" "], "pictures": ["on"], "away": ["if", "but"], "bloodin": ["one"], "pump": ["that", "that"], "melrose": [" "], "joy": ["candy"], "probably": ["do"], "counselor": ["a"], "champagne": ["glasses", "glasses"], "youll": ["feel"], "dissapear": [" ", " "], "dirty": [" "], "whispered": ["in"], "ima": ["get", "get", "dogg", "give", "gangsta"], "we": ["riiiiide", "live", "die", "made", "riiiiide", "live", "die", "made", "on", "can", "just", "screwin", "doin", "gon", "got", "got", "got", "got", "dont", "sell", "go", "got", "gizzo", "crip", "got", "gizzo", "do", "goyou", "gon", "gon", "go", "just", "just", "dont", "just", "rip", "feelin", "doing", "do", "can", "doing", "do", "was", "doing", "do"], "never": ["stop", "stop", "gon", "knew", "flipflop"], "throwdown": ["the", "the"], "felony": [" ", " "], "screen": ["and"], "tippin": [" "], "boss": ["player", "player", "dogg", "dogg"], "blame": ["us", "us"], "sixtrey": ["candy"], "job": ["every", "every"], "devour": ["any"], "here": ["with", "to", " ", " ", "come", "now", "we", "to", "we", "yu"], "hurts": ["so"], "fame": [" "], "news": [" ", " ", " "], "spark": ["up"], "times": ["for", "now"], "come": ["to", "get", "back", "on", "and", "that", "in", "inside", "close", "inside", "aboard", "along", "along", "from", "up", "here"], "yaaaalyrics": ["submitted"], "cop": ["it"], "c": ["known"], "daddy": ["black", "wont"], "last": ["me"], "fit": ["this"], "complainin": ["you"], "whatevers": ["left", "left"], "ill": ["soon", "soon", "soon"], "clothes": [" "], "jelly": ["beans"], "goldie": ["loc", "loc"], "hustlers": ["so", "so"], "tour": ["me"], "lookin": ["like"], "cherry": ["red"], "bite": ["well", "back"], "witcha": ["big"], "loose": ["a", "a", " "], "asked": ["you"], "ticktock": [" "], "wear": ["dark", "my", "minks"], "wouldnt": ["jack"], "tough": ["im"], "bridge": ["2xs"], "wall": ["in"], "sweet": ["got", "and"], "stuck": ["on", " "], "makin": ["all"], "pop": ["your", "it", "it", "it", "back", "it", "it"], "walk": ["to", "wit"], "subscribe": ["nigga"], "64": ["me", " "], "likes": ["its", "its"], "laugh": ["at"], "cousin": ["work"], "deez": ["nutz", "nutz"], "bizarre": [" "], "along": ["to", "to"], "boat": [" ", " "], "second": [" ", " "], "pouring": ["chandon", "chandon"], "dames": [" "], "rubber": [" "], "sucker": ["sucker", " "], "chrome": ["on", "blue"], "west": ["side", "side", "coast", "coast"], "dub": [" ", " "], "three": ["thousand", " "], "been": ["dying", "dying", "a", "lacing", "shot"], "cowards": ["fuck", "fuck", "sours"], "ran": ["outta"], "much": ["better", "i", "you", "you"], "damn": ["you", "nigga"], "change": ["man", "the", "the", " "], "motherfuck": ["the", "the"], "ak47": ["now"], "freak": [" "], "dutchie": ["to", "to", "to", "to", "to"], "woke": ["that"], "board": ["p"], "dry": [" "], "life": ["and", "and", "to", "to", "cookies", "that"], "glock": [" ", " "], "lanes": ["hurricanes"], "ghost": ["ride"], "turned": ["it"], "thousand": ["motherfuckin"], "gas": ["hit", "in"], "precision": ["my", "my"], "else": [" "], "turf": ["by"], "cubes": ["see", "see"], "understand": ["how", "how", "me"], "whitney": [" "], "drum": ["itll"], "sticky": ["icky", "take"], "floatin": ["in", "in"], "e40": [" "], "handling": ["yolla"], "look": ["like", "up"], "talking": ["bout", "bout", "bout", "bout", "bout", "bout", "bout", "bout", "bout", "all", "all"], "these": ["stool", "motherfuckin", "niggaz", "stool", "motherfuckin", "niggaz", "niggas", "ice", "ice", "ice", "ice", "suckas", "things"], "fin": ["dwizzle"], "raspy": ["shit", "shit"], "homey": [" ", " "], "lbc": ["and", "gun"], "brinks": [" "], "will": ["make", "not"], "drippin": ["like", "like"], "near": ["youin"], "gizzo": [" ", " "], "slippery": ["at"], "smart": ["and", "and"], "shift": [" "], "fun": [" "], "loot": [" "], "elaborate": ["and"], "dupa": ["and", "fly"], "theres": ["nothing", "something", "something", "something", " ", "something", "something"], "grip": ["round"], "vest": ["they", "they"], "cane": [" "], "thatll": ["last", "coat", "make"], "lambo": ["red"], "is": ["all", "to", "for", "not", "misery", "grief", " ", "hard", "all", "to", "for", "not", "misery", "grief", " ", "hard", "snoop", "right", "going", " ", "new", " ", "the", "that", "that", "i", "blue", "my", "the"], "it": ["seem", "all", "feel", "better", "another", "aint", "aint", "was", "wasnt", "is", " ", " ", "seem", "all", "feel", "better", "another", "aint", "aint", "was", "wasnt", "is", " ", " ", "feels", "there", "hurts", "this", "ohhooo", "do", "how", " ", "ohhooo", "i", " ", " ", "ohhooo", " ", " ", "on", " ", " ", " ", " ", "do", "you", " ", "deez", "feel", "look", "out", "in", "we", "we", " ", "baby", "baby", "clap", "like", "water", "from", "into", "how", " ", "twist", "pop", " ", "at", "everywhere", "like", "like", "like", "like", "like", "like", "like", "like", "like", "going", "take", "just", "and", " ", "up", "like", "like", "likes", "likes", "like", "like", "like", "like", "going", "just", "and", " ", "up", "all", "mixes", "makes", "to", "to", "go", "go", "makes", "82", "went", "aint", "gets", "gets", "gets", "on", "aint", "aint", "c", "out", "do", "do", "the", "on", "to", " ", "up", "till", "up", "dream", "out", "do", "do", "the", "dream", "out", "do", "do", "to", "up", "from", "dream"], "rip": ["that", "riders", "and"], "ii": [" "], "player": [" ", " "], "cant": ["understand", "just", "leave", "fake", "find", "fake", "lose", "stop"], "miss": ["you"], "im": ["back", "losin", "vicious", "back", "losin", "vicious", "happy", "always", "choosin", "groomed", "from", "talking", "not", "talking", "talking", "with", "talking", "not", "talking", "the", "almond", "in", "in", "pouring", "a", "a", "a", "a", "on", "only", "pouring", "a", "a", "listening", "listening", "working", "fly", "supa", "supa", "like", "the", "from", "a", "a", "listening", "listening", "working", "fly", "with", "out", "rhyming", "trying", "listening", "listening", "working", "fly", "callin", "dr", "the", "stuck", "on", "like", "up", "all", "diggin", "like", "up", "in", "so", "like", "up", "tearing", "in"], "breez": ["sippin"], "exterior": ["like", "like"], "in": ["the", "the", "this", "the", "the", "fear", "the", "the", "this", "the", "the", "the", "this", "the", "the", "fear", "the", "the", "this", "the", "this", "my", "my", "my", "the", "the", "a", "ohhooo", " ", "your", "a", "los", "los", "los", "los", "a", "the", "that", "a", "that", "haaandy", "yo", "your", "your", "the", "your", "the", "the", "this", "the", "the", "the", "making", "the", "the", "the", "the", "my", "makin", "a", "the", "my", "pairs", "da", " ", "the", "the", "the", "deep", "a", "long", "that", "my", "the", "back", "the", "her", "the", "it", "back", "the", "deep", " ", " ", "it", "back", "another", "it"], "ready": ["for", "for", "to"], "grit": ["grit", " "], "vanish": [" "], "bubble": ["on", "bath"], "id": ["still", "tell", "probably", "be"], "worry": ["i"], "if": ["ya", "youre", "ya", "youre", "i", "they", "you", "you", "you", "you", "you", "you", "aint", "you", "i", "a", "you", "a", "i", "you", "you", "you", "you", "yall", "you"], "happy": ["i"], "sippin": ["on", "corona"], "pat": ["boone"], "boomin": [" "], "tupac": ["ahh", "is", "nuthin", "ahh", "is", "nuthin"], "things": [" ", "really"], "make": ["you", "you", "the", "it", "the", "it", "you", "you", "it", "it", "it"], "belong": ["in"], "doula": ["ewwww"], "switchin": ["lanes"], "same": [" ", "aint", "time", " ", "aint", "time", "thang"], "any": ["cowards"], "beside": ["side"], "moms": ["and", "move"], "strange": ["is"], "pad": ["up"], "hahah": ["right", "right"], "fo": ["why", "why", "thats"], "yeahhh": ["yeahh"], "holla": ["at", "at", "holla", " "], "party": [" ", " ", " ", " ", " ", " ", " ", "aint", " ", " ", "aint", " ", " ", "aint", " ", "doing", " ", " ", " ", " ", " ", " ", " ", "aint", " ", " ", "aint", " ", " ", "aint", " ", "doing", "til"], "dwizzle": ["sippin"], "gets": ["my", "mighty", "the", "mighty", "mighty", "straped", "straped", "straped"], "grows": [" "], "higher": ["than"], "wheel": ["and"], "clear": ["through"], "finish": ["so"], "roomin": ["ohhooo"], "again": ["its"], "keys": ["motherfucker", "motherfucker", " "], "premiere": ["right", "right"], "defeat": ["is", "is"], "hang": ["out", "with"], "cement": ["shoes"], "hand": ["on", "on", "you", " "], "beast": ["up"], "running": ["upstairs"], "afraid": ["to"], "gonna": ["pass", "bang"], "student": [" "], "fucked": ["up", "up"], "lobby": ["on"], "dat": ["the"], "walkie": ["talkie"], "mercy": ["motherfuckers", "motherfuckers"], "i": ["paint", "keep", "got", "got", "got", "think", "got", "can", "live", "never", "bust", "gotta", "live", "paint", "keep", "got", "got", "got", "think", "got", "can", "live", "never", "bust", "gotta", "live", "gets", "do", "am", "dig", "see", "ever", "pray", "give", "can", "can", "need", "wait", "wait", "needed", "really", "feel", "call", "break", "wish", "could", "do", "tried", "cant", "can", "need", "wait", "wait", "just", "know", "went", "just", "wont", "laugh", "see", "get", "asked", "just", "roll", "choose", "do", "smack", "pass", "ask", "like", "could", "hand", "ask", "got", "aint", "could", "got", "supply", "only", "got", "got", "got", "got", "sell", "bet", "grip", "hold", "feel", "get", "step", "cant", "know", "taadow", "am", "dont", "got", "wish", "see", "didnt", "got", "roll", "got", "can", "know", "had", "keep", "play", "cut", "was", "cant", "take", "specialize", "got", "hang", "remind", "got", "roll", "got", "can", "know", "had", "keep", "play", "cut", "was", "cant", "take", "specialize", "got", "leave", "relieve", "touch", "solemnly", "will", "owe", "just", "said", "know", "wanted", "know", "wear", "aint", "love", "slide", "dont", "just", "said", "aint", "say", "love", "just", "said", "cruise", "tried", "couldnt", "got", "drop", "in", "bang", "got", "aint", "bleed", "gangbang", "ran", "see", "put", "give", "whispered", "bowled", "bite", "beat", "go", "wont", "say", "aim", "wake", "grab", "creep", "sink", "gotta", "wont", "give", "hit", "like", "aint"], "charlie": ["wilson", "wilson", "wilson"], "crippin": ["oh", "til", " "], "youre": ["related", "related", "my", "cuban", "on", "alone", "feeling", "alone", "alone"], "well": ["girl", "go", "let", "roll", "roll", " ", "i"], "suffering": ["is", "is"], "nothin": ["i"], "thought": ["it", "it", "i", "i"], "more": ["bitches"], "without": ["my", "you"], "mother": ["fin"], "corner": [" "], "dance": ["to"], "the": ["same", "same", "champagne", "hoochies", "sn", "run", "courtroom", "outcome", "same", "throwdown", "shits", "rules", "cabbage", "hills", "little", "regal", "gs", "keys", "rest", "best", "west", "streets", "thugs", "presence", "party", "way", "gun", "guns", "black", "hustlers", "most", "same", "same", "champagne", "hoochies", "sn", "run", "courtroom", "outcome", "same", "throwdown", "shits", "rules", "cabbage", "hills", "little", "regal", "gs", "keys", "rest", "best", "west", "streets", "thugs", "presence", "party", "way", "gun", "guns", "black", "hustlers", "most", "girls", "g", "light", "number", "sun", "freaks", "way", "day", "day", "day", "day", "day", "day", "day", "day", "way", "video", "playa", "cool", "mood", "days", "girl", "dogg", "flow", "one", "wall", "dogg", "eastside", "crew", "world", "fingers", "way", "ghetto", "mountains", "view", "real", "hittas", "news", "real", "candy", "candy", "death", "eye", "year", "dbs", "lip", "treatment", "star", "bucks", "kinda", "caramel", "french", "wrapper", "beat", "drum", "hood", "sixtrey", "hoes", "corner", "dat", "ni", "daz", "wind", "breeze", "gas", "brake", "whip", "bucket", "perfect", "liquor", "pimps", "crib", "pigs", "rolly", "best", "phantom", "interior", "beat", "street", "steel", "heat", "left", "crip", "game", "way", "girls", "dizzle", "pizzle", "dizzle", "shizzle", "bizzack", "tv", "magazines", "move", "news", "pimps", "crib", "pigs", "rolly", "best", "phantom", "interior", "beat", "street", "still", "heat", "left", "crip", "game", "way", "girld", "dizzle", "shizzle", "bzzack", "left", "music", "right", "left", "right", "dutchie", "left", "dutchie", "right", "dutchie", "left", "dutchie", "right", "dutchie", "left", "friendly", "friendly", "ride", "music", "friendly", "point", "club", "difference", "head", "lobby", "molly", "radio", "while", "girl", "great", "way", "rip", "loot", "street", "lbc", "213", "radio", "while", "girl", "ladies", "one", "mercedes", "lion", "game", "game", "sizzle", "car", "radio", "while", "girl", "table", "side", "move", "crews", "uzi", "news", "move", "homies", "looploop", "county", "motherfuckin", "red", "rearview", "seat", "whitet", "opposite", "west", "6trey", "left", "beat", "wheel", "turf", "surf", "sand", "thunderdome", "ladies", "lac", "way", "breez", "hip", "coolest", "flo", "air", "lac", "middle", "night", "game", "way", "butt", "same", "l", "lac", "life", "loop", "coop", "grows", "back"], "tha": ["church", "dogg"], "left": ["of", "of", "me", "me", "thatll", "side", "side", " ", " ", " ", " ", " ", "side"], "riiiiide": [" ", " "], "snoopy": ["d", "i", "your"], "just": ["like", "want", "might", "move", "blow", "want", "tell", "eat", "break", "break", "how", "want", "slide", "want", "want", "dippin", "throw", "tippin", "slip", "to"], "whitet": ["smothered"], "money": ["loving"], "pigeons": [" ", " "], "knot": [" "], "dippin": ["down", "one"], "rest": ["two", "two"], "lavish": [" ", " "], "reputable": ["motherfucker"], "kill": ["on", "on"], "questions": ["try", "try"], "touch": ["you"], "yep": ["three", " "], "yes": [" "], "laron": [" "], "yet": ["exotic"], "bloods": ["and"], "blow": ["dro"], "jose": ["gomez"], "death": ["merchant"], "clueless": ["ohhooo"], "hills": ["right", "right"], "rose": ["in"], "supply": [" "], "had": ["to", "to", "to", "to", "the"], "cuz": ["they", "blood", "they", "blood", "we"], "complain": [" "], "yaaaa": [" ", " "], "lets": ["set"], "treatment": [" "], "crying": ["now", "for", "fo", "fo"], "homies": ["had", "yellin"], "warrant": [" ", " "], "amerikaz": ["most", "most"], "squab": ["got"], "real": ["hit", "nigga", "get", "nigga", "walkie", "mash", "for", " ", "bo", "pimp", "crip", "bdogg", "line", "gangsta"], "6trey": ["nowhere"], "21st": ["street"], "march": ["for", "for"], "livin": ["lavish", "lavish"], "rules": ["missin", "missin"], "big": ["fat", "bo", "snoop", "boss", "homie", "snoop"], "couple": ["of"], "skies": [" "], "chinchila": ["in"], "ooohhhwwweee": ["heh"], "dark": ["bluein"], "game": ["but", "but", "without", "the", "the", "with", " ", " ", " ", "doin", "take", "go"], "wink": [" "], "five": ["shots", "shots", "times"], "know": [" ", " ", " ", " ", "ohhooo", "you", "im", "who", "that", "that", "that", "i", "when", "me", "yall", "who", "you", "killers", "killers", "for", " ", "he", "you", "youre", "what", " ", "who", " ", "that", "that", "how"], "listening": ["to", "to", "to", "to", "to", "to"], "unite": ["round"], "world": [" ", " ", "if", "premiere", "premiere", " "], "fools": [" ", " "], "dreams": [" ", " "], "d": ["o", "o"], "county": ["with"], "hydralics": ["squeakin"], "hangin": ["on", "from"], "like": ["they", "bugsy", "cuz", "they", "bugsy", "cuz", "a", "a", "youre", "that", "that", "the", "water", "water", " ", "it", "fuck", "a", "its", "its", "its", "its", "its", "its", "its", "its", "its", "fish", "suicide", "chinchilla", "its", "its", "its", "its", "its", "its", "fish", "suicide", "a", "a", "snoop", "click", "take", "im", "it", "a", "that", "that", "harpo", "click", "take", "im", " ", "the", "true", "click", "take", "im", "a", "a", "that"], "lost": ["dog"], "clown": [" ", " "], "shrink": ["on"], "french": ["fries"], "remind": ["you"], "gimme": ["the", "some"], "hittas": ["that"], "bigg": ["snoop"], "lose": ["it", "it", " ", "hill"], "comigo": [" "], "moral": ["is"], "pippen": [" "], "foolish": [" "], "clap": ["clap", " "], "sharp": [" "], "worldwide": ["tour"], "nigga": ["on", "dogg", "on", "dogg", "that", " ", " ", "like", "we", " ", "get", "stop", "get", "get", "shit", " ", " ", " ", "welcome"], "bizzack": ["now"], "church": ["volume"], "some": ["gangsta", "gangsta", " ", "pimppimp", "bud", "of", "nice", "nice", "pimp"], "back": ["in", "in", "in", "to", "in", "in", "haters", " ", "and", "of", " ", "of", "of", " "], "oh": ["yeah", "yeah", "yeah", "why", "why", "why", "yeah", "yeah", "yeah", "candy", "you", "well"], "hair": ["turn", "turn", "witcha", "long", "under"], "sure": ["you"], "mighty": ["cold", "cold", "cold"], "shes": ["yellin"], "snatched": ["me"], "table": ["right"], "home": ["of", "good", " ", "bad", "in", "in", " ", "alone", "damn", "alone", " ", "alone"], "yknow": ["its"], "boogers": ["out"], "enemies": [" "], "4800": ["with"], "savage": ["they", "they"], "leaf": ["i"], "mood": ["and"], "for": ["some", "the", "my", "the", "years", "some", "the", "my", "the", "years", "piece", "the", "the", "the", "the", "you", "the", "the", "the", "the", "real", "real", "shit", "sure", "himself", "himself", "stars", "why", "stars", "change", "dames", "da", "stars", "my", "the", "that", "that", "that"], "motherfuckin": ["place", "gs", "gangsta", "gangsta", "place", "gs", "gangsta", "gangsta", "pieces", "bail", "problem", "s5", "homies"], "opposite": ["of"], "ice": ["cream", "cubes", "creams", "cubes", "creams"], "moon": ["rocks"], "religion": ["im", "im"], "umm": [" "], "2xs": ["pharrell", "pharrell"], "eggs": [" ", " "], "drink": [" "], "hustle": ["on"], "yolla": ["i"], "be": ["deep", "actin", "prepared", "crazy", "deep", "actin", "prepared", "crazy", " ", " ", "right", "together", "complainin", "a", "comin", "about", "no", "a", "a", "fun", "your", "your", "occupied", "concerned", "home", "the", "elaborate", "home", "hating", "home"], "knew": ["that", "that", "it"], "run": [" ", " ", "up", "up", "off", "off", "off"], "fish": ["eggs", "eggs"], "quit": ["tripping", " "], "ooohhhhhh": [" "], "tearing": ["that"], "burn": ["rubber"], "step": ["on"], "steeler": ["64"], "nowhere": ["to"], "defensive": ["and", "and"], "graduated": ["to"], "eye": ["boogers", "out", " "], "stay": [" ", " "], "super": ["sly", "fly"], "by": ["the", "the", "the", "the", "the", "the", "cherine", "jose", "whitney", "and", "the", "samantha", "my", "the", "laron", "the"], "behizave": [" "], "on": ["us", "them", "my", "the", "the", "a", "these", "my", "it", "us", "them", "my", "the", "the", "a", "these", "my", "it", "i", "and", "my", "phone", "phone", "the", "baby", "that", "the", "the", "a", "and", "some", " ", "you", " ", "gold", "the", "chrome", "blue", "a", "my", " ", "your", "my", "the", "the", "the", "a", "the", "the", "my", " ", "your", "my", "the", "the", "a", "the", "me", "a", "the", "the", "the", "the", "the", "seezight", " ", " ", "that", "my", "21st", "me", "her", "the", "the", "yu", "ya", "me", "me"], "about": ["to", "to", "to", "life", "to", "to", "to", "life", "you", "you", "you", "you", "me", "me", "yo", "no", "candy", "it", "take", "how", "me", "how", "how"], "physchologist": [" "], "coast": ["its", "locked"], "would": ["come"], "oi": ["fala"], "most": ["wanted", "wanted", "wanted", "wanted", "wanted", "wanted"], "of": ["there", "americas", "the", "a", "amerikaz", "me", "a", "rage", "there", "americas", "the", "a", "amerikaz", "me", "a", "rage", "the", "mind", "mind", "mind", "pies", "space", "this", "this", "the", "that", "yall", "fine", "yall", "fine", "your", "4", "your", "tookie", "the", "the", "fool", "the", "the", "the"], "mommy": ["dont"], "cwalk": ["to"], "favorite": ["girl"], "shipping": ["and"], "mixes": ["with"], "angeles": [" ", " ", " ", " "], "rodeo": ["with", "loud"], "ounce": ["of"], "beans": [" "], "stand": ["up"], "pockets": ["pad"], "act": ["as", "as", "as"], "bail": [" "], "glasses": [" ", " "], "wanna": ["be", "do", "listen", "go", "go", "go", "roll", "go", "pop", "do"], "or": ["a", "hang", "with", "a"], "block": [" ", " ", "monster"], "op": ["do", "do"], "bath": ["i"], "ladies": ["here", "here", "wink", " "], "jimmy": ["bones", "bones", " ", "he"], "haters": ["who"], "coop": ["the"], "feeling": ["inside", "all"], "presence": ["of", "of"], "owe": ["a"], "whiter": ["than", "than"], "ahh": ["shit", "shit", "ahh", " "], "youd": ["be"], "pagoda": ["get"], "rearview": [" "], "yourself": ["a", "a", " "], "down": [" ", "in", " ", "in", " ", "and", "your", "your", "green", "crazy"], "momma": ["all"], "right": ["next", "you", "next", "you", "here", "there", "now", "here", "her", " ", " ", " ", " ", "nate", "now", "now", "crip", " ", "she"], "promise": ["see", "see"], "clack": [" ", " ", " "], "rolly": ["on", "on"], "couldnt": ["get", "get"], "gomez": [" "], "yous": ["a"], "your": ["first", "eyes", "first", "eyes", "hands", "eyes", "moon", "name", "moms", "moms", "roomin", "neighborhood", "mouth", "gap", "whip", "throat", "phys", "man", "friends", "familys", "throat", "physed", "man", "vest", "friends", "eyes", "mind", "jacket", "pride", "stress", "so"], "bachlor": ["million"], "loc": [" ", " "], "fast": [" "], "fill": ["ya", "your", "em"], "sink": ["my"], "her": ["butt", "steady", "throat", "so", "underwear", "heart", "heart", "nate", "heart", "heart", "heart", "heart", "body", " ", "right", "ear", "body", "what", "name", "up", "by", "to", "to", "body", "wiggling", "toes"], "hes": ["so"], "dizzle": ["turn", "and", " "], "there": [" ", "aint", " ", "aint", "get", "beside", "nigga", " ", " "], "jealousy": ["is", "is"], "hey": ["in", "how"], "long": ["time", "time", "hair", "and", "beach"], "start": ["to"], "stacy": ["adams"], "low": ["dress", " "], "way": ["it", "it", "you", " ", " ", "to", "you", "to", "i", "to", "i", "you", "you", "i", "i"], "ed": [" "], "music": ["we", "to", "life"], "valley": ["in", " "], "was": ["but", "but", "bad", "bad", "a", "a", "a", "home", "home", "home", "taught"], "war": ["zone"], "ehh": ["oh", "oh", "oh", "oh", "oh", " ", "oh"], "boo": [" ", "you", "shit", "cruisin"], "mountains": [" "], "head": [" "], "buy": ["pimpin"], "pimpin": ["yknow"], "bitches": ["get", "get", "in"], "pastor": ["a"], "but": ["a", "a", "a", "a", "a", "at", "you", "love", "my", "a", "a", "a", "a", "a", "a", "a", "a", "a", "a", "it", "a", "a", "a", "a", "a", "at", "you", "love", "my", "a", "a", "a", "a", "a", "a", "a", "a", "a", "a", "it", "he", "he", "good", "until", "everybody", "girls", "that", "i", "yall", "only", "yall", "only", "me", "wont", "im", "i", "im", "we", "yu", "yu"], "brizzles": [" ", " "], "volume": ["ii"], "taken": ["just"], "heat": [" ", " "], "catchin": ["cases", "cases"], "uncle": ["charlie", "charlie", "charlie"], "strenuous": [" "], "hurricanes": ["on"], "straight": ["to", "to"], "line": ["right"], "ha": ["ha", "yeah"], "with": ["precision", "the", "my", "five", "the", "me", "precision", "the", "my", "five", "the", "me", "the", "my", "the", "a", "a", "a", "gangbanging", "a", "my", "the", "the", "the", "some", "some", "the", "the", "little", "the", "it", "a", "yourself", "her", "some", "tha", "her", "a", "a", "snoop", "dime", "her", "this", "the", "no", "this", "the", "two", "air", "all"], "eat": ["one"], "bud": ["light"], "he": ["was", "left", "was", "turned", "supa", "super", "said"], "pull": ["her"], "throw": ["up", "it", "it", "it"], "made": ["it", "it"], "middle": ["of"], "pharrell": ["uncle", "uncle", "ehh", "uncle"], "rage": [" ", " "], "wish": ["i", "a"], "inside": [" ", " ", "cookies", " "], "fries": [" "], "up": ["out", "g", "now", "by", "on", "out", "g", "now", "by", "on", "close", "some", "and", "my", "the", "and", "suck", "to", "in", "on", "in", "on", "on", "a", "in", "a", "the", "they", "nigga", "look", "and", "they", " ", "in", "westside", "blood", "off", "all", "a", "in", "outta", "like", "in", "all", " ", "just", "in", "all", "workin", "fast"], "us": ["aight", "laced", " ", "aight", "laced", " ", "are", " "], "until": ["than", "your"], "rags": ["grey"], "uh": ["the", "im", "im", "hah", "hah"], "supa": ["sly", "dupa", "dupa"], "problem": ["poppop"], "piece": ["of", "of", "of", "with"], "groove": ["on"], "dues": ["on"], "adams": ["with"], "gone": ["on", "daddy"], "ohh": ["why", "ohh", "ohh", "im", "ohh", "ohh", "im", "ohh", "ohh", "im"], "ai": [" "], "steady": [" "], "loop": ["the"], "groovin": ["thats"], "am": ["a", " "], "deep": ["in", "in", "cover", " "], "an": ["ounce", "attitude"], "twist": ["up", "it", "you"], "82": [" "], "as": ["we", "we", "can", "girl", "well", "well", "well", "if", "i", "check", "if"], "tasty": ["aiyyo", "candy"], "at": ["the", "the", "the", "the", "home", "home", "home", "these", "the", "the", "ya", "ya", "em", "this", "her", "everything", "king"], "planets": ["krypton"], "playin": ["front"], "himself": [" ", " "], "pit": ["named", "named"], "check": ["out", "this"], "shit": ["you", " ", " ", "you", " ", " ", " ", " ", "i", "be", " ", " ", " ", " ", " ", " ", " ", "better", "stinks", " ", "throwback"], "cream": ["caaandy"], "phantom": ["exterior", "exterior"], "ni": ["double"], "thugs": [" ", " "], "dying": ["for", "for"], "no": ["mercy", "answers", "mercy", "answers", "money", "let", "sucker", "gouda", "change", "other", "other", "hair", "mistake", "motherfuckin", "motherfuckin", "enemies", "bloods"], "not": ["my", "to", "my", "to", "try", "to", "talking", "talking", "talking", "a", "share", "know", "know", "know"], "shot": ["five"], "when": ["you", "you", "lightening", "they", "i", "we", "i", "i", "to", "i", "the", "the", "my", "i", "the", "the", "you", "i", "youre", "youre", "youre", "we", "we", "we", "im", "im"], "green": ["leaf"], "40": ["feet"], "narcotics": ["is"], "til": ["fadelyrics", "i", "we", "snoop"], "creep": ["in"], "gift": [" "], "other": ["way", "way"], "gangstaa": ["g", "g", "gangstaa", "g", " ", "g", "g", "gangstaa", "g", " ", "g", "g", "gangstaa", "g", " "], "special": [" "], "talkie": ["what"], "papers": ["in", "in"], "you": ["done", "done", "might", "got", "baby", "famous", "cowards", "thought", "got", "might", "work", "about", "see", "done", "done", "might", "got", "baby", "famous", "cowards", "thought", "got", "might", "work", "about", "see", "know", "move", "turn", "really", "have", "left", "back", "to", "had", "know", "so", "in", " ", "back", " ", "to", " ", "gon", "gotsta", "know", "do", "in", "was", "is", "nicely", "the", " ", " ", "are", "got", "keep", "from", "dont", "ohhooo", "ehh", "so", "ohhooo", "could", "can", "that", "can", "roll", "say", "know", "roll", "from", "belong", " ", "wanna", "roll", "might", "never", "wanna", "where", "wanna", "might", " ", "that", "can", "say", "around", " ", "heard", "heard", "heard", "know", " ", "all", "where", "wanna", "might", " ", "want", "want", "hoping", "better", "can", "want", "know", "were", "cant", "want", "know", "make", "then", "to", "want", "already", "understand", "doin", "were", "this", "get", "feel", "should", "should", "fuck", "thought", "play", "got", "wanna", "on", "and", " ", "im", " ", "dip", "then", " ", "get", "this", "get", "fell", "niggaz", "should", "should", "fuck", "thought", "wanna", "never", "squidg", "feeling", "can", " ", "of", "there", "were", "did", "what", "know", "waited", "just", "gon", "talk", "gonna", "best", "were", "did", "what", "the", "could", " ", "were", "did", "what", "ever", "aint", "bite"], "really": ["mean", "love", "special", "burn", "dont"], "roll": ["with", "with", "wit", " ", "dont", " ", "so", "with", " ", "with", "with", "the", "the"], "nice": ["dude", "dreams", "dude", "dreams"], "picture": ["perfect", " ", "perfect", " "], "trip": ["dogg"], "repeat": ["til"], "star": ["hey", "of"], "harpo": [" "], "living": ["room", "room"], "poppop": ["ticktock"], "missin": [" ", " "], "hennessy": [" "], "prepared": ["when", "when"], "town": [" "], "fell": ["like"], "kinda": ["dry", "candy"], "gap": ["gap", " "], "friends": ["all", "all"], "pies": ["left"], "lotta": ["hos"], "ago": [" "], "downtown": [" ", " "], "callin": ["every"], "coat": [" ", "her", "chillin"], "e": ["ai"], "glass": ["lemme"], "hah": ["hah", "uh", "hah", " "], "space": [" "], "whooot": ["so", "so", "so", " ", "so", "so", "so", " ", "so", "so", "so", " ", "so", "so", "so", " ", "so", "so", "so", " ", "so", "so", "so", " ", "so", "so", "so", " "], "finished": [" ", " ", " "], "together": ["a", "a", "and", "until"], "mash": ["with"], "jacket": ["can"], "boone": ["ehh"], "time": ["it", "it", "to", " ", "to", "ago", "to", "for", "to", " "], "push": ["a"], "wake": ["her"], "beamer": [" ", " "], "x3lyrics": ["submitted"], "cus": ["im", "im"], "cruisin": ["ohhooo"], "ohhhh": ["jimmy"]}