{"all": ["the", "the"], "forget": ["you"], " ": ["yeah", "my", "funk", "there", "like", "this", "i", "these", "you", "kids", "but", "you", "your", "and", "rest", "started", "hagin", "to", "got", "bet", "sometimes", "head", "head", "i", "sometimes", "my", "at", "disrespect", "what", "you", "do", "how", "baby", "you", "you", "learn", "rappers", "we", "rest", "rest", "youre", "youre", "uh", "cmon", "get", "get", "get", "fellas", "like", "the", "make", "takin", "when", "original", "express", "these", "now", "revolutionaries", "whether", "or", "we", "if", "ringin", "i", "kill", "you", "soon", "the", "this", "cut", "womans", "word", "lets", "lyrics", "in", "extra", "like", "ride", "we", "yall", "your", "erase", "step", "whether", "the", "alcoholics", "kill", "you", "soon", "the", "this", "cut", "womans", "move"], "to": ["know", "the", "chloe", "harold", "zoo", "talk", "rash", "pay", "master", "kick", "dilla", "shaka", "me", "drop", "way", "prove", "the", "call", "prove"], "fly": ["song"], "gino": [" "], "song": [" "], "very": ["lucky"], "rhyme": ["is"], "alcoholics": ["like"], "peddlin": ["sweets"], "die": ["like", "strong"], "gettin": ["lonely"], "gun": ["salute"], "leave": ["you"], "yall": ["stupid", "feel", "spirit", "fake", "catch"], "shut": ["the"], "past": ["derek"], "what": ["the", "chu", " ", " ", " "], "ringin": ["it"], "above": ["the"], "new": ["york", "shit", "millenuim"], "guns": ["up"], "body": ["want"], "here": ["cause"], "water": [" ", "i"], "focused": [" "], "along": ["with"], "strong": ["word"], "boy": ["your"], "great": ["and"], "kids": ["is", "like"], "respiration": ["thats"], "through": ["me"], "pick": ["any"], "action": ["you", "you"], "honor": [" "], "thats": ["a"], "clark": ["gave"], "extra": ["extra", "large"], "wit": ["my"], "bust": [" "], "fake": ["that"], "from": ["nick", "new", "the"], "prove": ["something", "something"], "dude": ["pickin"], "throw": ["your"], "live": ["wires", "great"], "call": ["these", "it"], "chu": ["come"], "yappin": ["lets", "lets"], "holy": ["moly", "holy", " "], "somthinlyrics": ["submitted"], "started": ["out"], "becomes": ["the"], "phony": [" "], "it": ["broke", " ", "in", "happen", "back", "the", "happen"], "detri": [" "], "ignorant": ["thug"], "broke": ["the"], "excellent": ["cadavers"], "baby": ["jayz"], "me": [" ", " ", " ", " ", "yall"], "word": ["we", "alright", " "], "this": ["one", "rhyme", "dude", "new", "break", "aint", "aint"], "ride": ["along"], "soul": [" "], "cat": [" "], "can": ["get"], "fakin": [" ", " "], "learn": ["to"], "my": ["pops", "mind", "rhymes", "thoats", "records", "cypher", "fire", "desire", "poem"], "proof": ["we"], "weaker": ["than"], "give": ["you", "a"], "fuck": ["up"], "high": ["like", "reppin"], "something": [" ", " "], "want": ["your"], "reynolds": ["cuz"], "eloquent": [" "], "how": ["you"], "hot": ["sauce"], "settlin": [" "], "express": ["my"], "tattoo": [" "], "after": ["that"], "spot": ["called"], "gelatin": [" "], "blood": ["clot", "flow"], "fo": [" "], "a": ["kid", "dj", "bunch", "religion", "steak", "prebadu", "matt", "line", "fuk", "stop", "player", "pimp", "gift", "helicopter", "special", "bourgeois", "reenactment", "reenactment"], "somethin": [" ", " ", "move"], "short": ["you"], "remember": ["head"], "so": ["phat", "you", "hard"], "talk": ["to"], "dilla": ["weldon"], "move": ["somethin", "somethin", "somethin", "somthinlyrics"], "soon": ["as", "as"], "shaka": ["twenty"], "scott": ["storch"], "fellas": ["wanna"], "still": ["here", "feel"], "its": ["rolypoly", "gettin", "a"], "bunch": ["of"], "till": ["nothin"], "shakin": [" ", " "], "might": ["kiss"], "into": ["page"], "then": ["what", "becomes"], "lonely": [" "], "yo": ["move", "move"], "ya": ["ya", "ya", "ya", "ya", " "], "hunter": ["the"], "break": ["yall"], "records": [" ", "so"], "reenactment": [" ", " "], "they": ["dont", "right", "plastic"], "not": ["short", "cat", "a"], "sht": ["is"], "now": ["its", "we", "if"], "always": ["remember"], "drop": ["this"], "rock": ["till"], "em": ["up", "up", "up", "up", "up", "up"], "mental": ["pick", "instru"], "hard": ["it", "the"], "yeah": ["as"], "used": ["to"], "storch": ["beat"], "blues": ["soul"], "special": ["honor"], "out": ["skatin", "at"], "large": ["like"], "matt": ["doo"], "cadavers": [" "], "skatin": ["to"], "open": ["i"], "intimite": ["detals"], "got": ["past", "him", "a", "my"], "cause": ["youre"], "salute": ["in"], "harold": ["hunter"], "motherfucker": ["shootin"], "disrespect": ["the"], "york": [" ", " "], "director": ["say", "say"], "splattered": ["in"], "drownin": ["i"], "clarity": [" "], "keep": ["peddlin", "tellin"], "turn": ["into"], "place": ["for", "for"], "shootin": ["the"], "fuckin": ["with"], "kin": ["an"], "dont": ["no", "give"], "feel": ["like", "this", "the"], "one": ["gospel", "me", "gun"], "nias": ["act", "die", "ghetto"], "miss": ["you"], "hood": ["nias"], "given": ["to"], "opus": [" "], "twenty": ["one"], "top": ["but", " "], "plastic": ["wrap"], "reppin": ["the"], "master": ["your"], "eyes": ["open"], "millenuim": ["to"], "that": [" ", "realness", " ", "be"], "needle": [" "], "cops": ["lettin"], "part": ["to"], "tabloids": [" "], "bringin": ["it"], "than": ["gelatin"], "gotta": ["tread"], "submitted": ["by", "by"], "bet": ["you"], "and": ["leave", "you", "touch", "hot", "be", "proof", "talib", "fly", "die", "we", "talib"], "phat": ["its"], "chloe": [" "], "mind": ["focused"], "jewels": ["cuz"], "talib": ["kweli", "kweli"], "say": ["boy", "action", "action"], "rap": ["your"], "borough": ["of"], "any": ["mental"], "cavemen": ["quest"], "zoo": ["york"], "derek": ["dudley"], "divers": [" "], "altoids": [" "], "club": ["up"], "trace": ["like"], "though": [" "], "rappers": ["like", "keep", "or"], "who": ["actin", "live"], "arellano": [" "], "brooklyn": [" ", "the"], "mouth": ["and"], "why": ["this"], "doo": ["tattoo"], "professor": ["x"], "sometimes": ["i", "hope"], "flow": [" "], "hungry": ["and"], "lyrics": ["that"], "kweli": [" ", " "], "detals": ["so"], "pops": ["was"], "bring": ["it"], "takin": ["you"], "find": ["hope"], "aint": ["come", "real", "the", "real", "the"], "menu": ["run"], "rash": ["once"], "actin": ["stuck"], "hope": ["inside", "is"], "do": ["many"], "dj": ["he"], "get": ["to", "em", "em", "em", "em", "em", "em"], "beat": [" "], "jazz": ["rythm"], "stop": ["loss", "that"], "lucky": [" "], "joint": ["start", "start"], "gavin": ["i"], "whatlyrics": ["submitted"], "him": ["on"], "gem": ["droppa"], "ghetto": ["like", "holla"], "bomba": ["gem"], "pimp": ["money"], "reid": ["got"], "stupid": [" "], "shots": ["off"], "x": ["and"], "gospel": ["record"], "steak": ["from"], "see": ["whats"], "legacy": ["of"], "are": ["not", "not"], "thoats": ["with"], "rolypoly": [" "], "we": ["used", "settlin", "cant", "miss", "spark", "gonna", "bringin", "gonna", "catch", "pepperment"], "lettin": ["50"], "awards": ["nias"], "spark": ["with"], "come": ["to", "fo"], "many": ["good"], "edgar": ["arellano"], "lookin": ["like"], "let": ["the"], "whole": ["joint", "joint"], "liked": [" "], "sky": ["divers"], "growin": ["up"], "jayz": ["with"], "tony": [" "], "respect": ["then"], "poem": ["and"], "tread": ["water"], "mark": ["foley"], "damn": ["your"], "helicopter": [" "], "define": ["opus"], "fire": [" "], "gat": ["bust"], "else": ["matters"], "catch": ["bodies", "excellent"], "spirit": [" "], "funk": ["jazz"], "cypher": ["like"], "sly": ["stone"], "these": ["corporate", "record", "cats"], "sauce": [" "], "beats": ["weaker"], "rhymes": ["turn", "define"], "air": ["like"], "voice": ["and", "and"], "fuk": ["though"], "prebadu": [" "], "corny": [" "], "is": ["so", "hungry", "phony", "real", "corny", "people"], "mixtape": ["awards"], "player": ["or"], "cant": ["forget"], "good": ["nias"], "im": ["drownin"], "in": ["brooklyn", "peace", "peace", "peace", "the", "my", "from", "you", "the", "the", "the"], "thug": ["motherfucker"], "if": ["they", "yall"], "rythm": ["blues"], "pay": ["your"], "make": ["the", "yall", "it", "it"], "speech": ["and"], "pickin": ["one"], "intercontanental": [" "], "cotton": ["mouth"], "start": ["fakin", "shakin", "fakin", "shakin"], "wires": [" "], "shatter": ["stories"], "evil": [" "], "droppa": [" "], "moment": ["of"], "realness": ["word"], "dust": ["now"], "bourgeois": ["broad"], "kid": ["growin"], "off": [" ", "scott"], "sweets": ["the"], "i": ["liked", "might", "give", "was", "got", "feel", "gotta", "always", "got", "find", "call"], "youre": ["still", "livin", "like"], "nothin": ["else"], "greatest": ["from"], "the": ["top", "part", "greatest", "gavin", "water", "needle", "mixtape", "legacy", "blood", "blood", "cops", "knock", "beats", "air", "stealth", "ghetto", "fuck", "club", "new", "yappin", "director", "whole", "time", "stargazin", "top", "menu", "mental", "borough", "residential", "tabloids", "high", "spot", "gat", "abstract", "reality", "moment", "yappin", "director", "whole", "time", "stargazin"], "corporate": ["rappers"], "bodies": ["we"], "kiss": ["a"], "just": ["a", "a"], "money": ["stop"], "rest": ["in", "in", "in"], "quarters": [" "], "clot": ["no"], "kill": ["all", "all"], "touch": ["kids"], "cut": ["the", "the"], "womans": ["voice", "voice"], "residential": [" "], "had": ["a"], "cuz": ["your", "they"], "lets": ["make", "see", "make"], "has": ["given"], "blok": ["blok", "blok", " "], "kick": ["up"], "gave": ["the"], "real": ["damn", "you", "you"], "hover": ["in"], "livin": ["through"], "loss": ["hood"], "gonna": ["make", "rock"], "matters": [" "], "quest": ["for"], "know": ["me"], "wings": ["and"], "desire": ["to"], "knock": ["off"], "like": ["like", "like", "holy", "why", "a", "mark", "when", "im", "they", "a", "fried", "blok", "a", "a", "its", "sky", "the", "sly", "your", "to"], "gift": ["god"], "50": ["shots"], "page": ["like"], "right": ["shut"], "people": ["fill"], "some": ["ignorant"], "back": ["to"], "erase": ["your"], "garnett": ["reid"], "for": ["my", "you", "you"], "broad": ["who"], "dudley": [" "], "religion": ["and"], "foley": [" "], "be": ["eloquent", "fuckin"], "run": ["up"], "step": ["in"], "by": ["gino", "edgar"], "on": ["respiration", "the"], "stone": ["wit"], "of": ["records", "justo", "brooklyn", "kin", "clarity"], "justo": [" "], "act": ["like"], "wanna": ["hover"], "or": ["a", "some", "place", "actors", "place"], "executives": ["keep"], "whats": ["next"], "revolutionaries": ["throw"], "wrap": [" "], "next": ["up", "of"], "your": ["way", "jewels", "sht", "shit", "shit", "rhymes", "respect", "speech", "guns", "next", "trace", "cotton"], "there": ["was"], "stuck": ["up"], "stealth": ["bomba"], "cats": ["reynolds", "aint", "who", "aint"], "way": ["to", "after"], "was": ["a", "this", "very"], "head": ["above", "quarters", "up"], "weldon": ["we"], "pepperment": ["altoids"], "but": ["now", "dont"], "larry": ["clark"], "stargazin": ["yo", "yo"], "line": ["my"], "funda": ["detri"], "with": ["evil", "the", "live", "you", "cats"], "he": ["had"], "whether": ["you", "rappers"], "inside": ["a"], "hagin": ["out"], "up": ["in", "eyes", "dust", "get", "what", "get", "what", "get", "what", " ", " ", " ", " ", "on", "in"], "tellin": ["me"], "record": ["i", "executives"], "stories": ["splattered"], "uh": ["uh", "uh", "whatlyrics"], "fried": ["wings"], "called": ["flatbush"], "moly": ["i"], "cmon": ["cmon", "ya"], "abstract": ["then"], "an": ["shatter"], "as": ["a", "the", "the"], "at": ["the", "the"], "happen": [" ", " "], "shit": ["is", "is", " "], "fill": ["my"], "holla": ["intercontanental"], "no": ["body", "let"], "peace": ["to", "to", "to"], "when": ["larry", "we"], "reality": [" "], "nick": ["tony"], "actors": ["you"], "you": ["holy", "intimite", "can", "rap", "lookin", "say", "garnett", "aint", "hard", "are", "are", "not", "professor", " ", "high", "a", "cats", "just", "start", "to", " ", " ", "still", "cats", "just", "start", "to"], "time": ["or", "or"], "flatbush": [" "], "instru": ["funda"], "god": ["has"], "alright": ["bring"], "original": ["cavemen"], "once": ["i"]}