{"all": ["we", "we", "get", "them", "day", "my", "philly", "you", "that", "that", "i", "day", "of", "you", "that", "that", "i", "day", "of"], "forget": ["em", "you", "it"], "ehehehe": [" "], "four": ["and", "five", "five", "know"], "penis": ["ya", "ya"], "hanging": ["with", "up", "up"], "go": ["see", "to", "through", "one", "here", "but", "blind", "down", "here", "but", "blind", "down", "gotta", "more"], "hoodies": [" "], "rourke": [" ", " "], "mommies": ["screamin", "screamin"], "sung": [" "], " ": ["i", "bathroom", "smoking", "since", "i", "and", "now", "loungin", "and", "but", "and", "if", "but", "cause", "it", "for", "buggin", "dumbing", "cause", "party", "hugs", "seen", "said", "sure", "holler", "roam", "moet", "niggaz", "niggaz", "it", "nigga", "nigga", "fuck", "pissy", "or", "bitches", "in", "hit", "and", "my", "were", "if", "is", "she", "rolled", "niggaz", "blows", "music", "biggie", "cant", "so", "get", "and", "chorus", "and", "and", "and", "and", "and", "and", "and", "and", "and", "and", "and", "and", "and", "its", "big", "aint", "big", "bitches", "i", "dangerous", "when", "fucking", "when", "you", "hit", "fist", "find", "down", "a", "let", "the", "gotta", "i", "i", "byeah", "its", "so", "after", "i", "im", "coz", "when", "i", "i", "the", "butt", "now", "in", "i", "mix", "pregnant", "so", "check", "check", "woman", "cause", "woman", "cause", "when", "cause", "it", "dressed", "god", "no", "hanging", "fuck", "all", "lying", "crime", "i", "woman", "cause", "i", "throw", "and", "im", "the", "i", "i", "but", "you", "except", "should", "people", "my", "she", "i", "forgive", "woman", "cause", "i", "call", "im", "matter", "hah", "twist", "pink", "timbs", "dead", "poppa", "never", "do", "girls", "who", "close", "dare", "take", "bang", "recently", "so", "cubans", "packing", "that", "biggie", "sometimes", "and", "this", "biggie", "sometimes", "and", "this", "i", "miami", "all", "every", "now", "them", "on", "bulletproof", "gonna", "thats", "at", "tits", "i", "condo", "at", "your", "face", "richer", "biggie", "sometimes", "and", "this", "biggie", "sometimes", "and", "this", "i", "escargot", "wreck", "your", "i", "flows", "so", "girlfriend", "come", "come", "for", "leave", "tell", "hit", "watch", "where", "biggie", "sometimes", "and", "this", "biggie", "sometimes", "and", "this", "biggie", "sometimes", "and", "this", "biggie", "sometimes", "and", "this", "biggie", "sometimes", "and", "this", "sound", "all", "answering", "more", "hi", "night", "all", "that", "and", "you", "talkin", "yo", "and", "best", "yeah", "for", "raw", "fck", "when", "honeys", "whether", "biggie", "i", "you", "i", "hit", "here", "i", "so", "im", "i", "mess", "the", "skinny", "these", "i", "i", "look", "fck", "for", "a", "all", "big", "gettin", "tricks", "so", "im", "even", "youll", "oh", "i", "is", "willie", "she", "im", "fck", "the", "another", "i", "but", "cause", "peep", "i", "so", "i", "sex", "puy", "i", "and", "fck", "for", "or", "and", "back", "fck", "they", "oh", "i", "repeatlyrics", "sound", "all", "answering", "more", "hi", "night", "all", "that", "and", "you", "talkin", "yo", "and", "best", "yeah", "for", "raw", "fck", "when", "honeys", "whether", "biggie", "i", "you", "i", "hit", "here", "i", "so", "im", "i", "mess", "the", "skinny", "these", "i", "i", "look", "fck", "for", "a", "all", "big", "gettin", "tricks", "so", "im", "even", "youll", "oh", "i", "is", "willie", "she", "im", "fck", "the", "another", "i", "but", "cause", "peep", "i", "so", "i", "sex", "puy", "i", "and", "fck", "for", "or", "and", "back", "fck", "they", "oh", "i", "repeatlyrics", "chuck", "uhh", "nigga", "cant", "niggaz", "my", "chuck", "i", "its", "a", "your", "rule", "how", "the", "if", "number", "dont", "take", "i", "number", "your", "hoodie", "she", "number", "never", "number", "i", "number", "you", "seven", "keep", "money", "find", "number", "them", "number", "if", "if", "they", "number", "strictly", "if", "cause", "follow", "if", "slug", "caretaker", "your", "she", "heard", "gotta"], "kissin": ["lickin", "lickin"], "send": ["her", "her"], "to": ["have", "start", "tell", " ", "tote", "loke", "the", "lick", "the", "the", "move", "do", "go", "hell", "fucking", "heaven", "my", "extortion", "god", "slit", "my", "pull", "leave", "god", "pookie", "her", "bruise", "us", "us", " ", " ", "your", " ", " ", "sex", "the", "make", "make", "see", "shatter", "bolivia", "fck", "the", "lick", "stop", "act", "the", "split", "your", "sex", "the", "make", "make", "see", "shatter", "bolivia", "fck", "the", "lick", "stop", "act", "the", "split", "your", "this", "get", "mask", "light", "me", "start", "break"], "squeezing": ["asses"], "funk": ["flow", "flow", "flow", "flow"], "terror": ["since"], "fatal": [" "], "me": ["to", "and", "if", "love", "swing", " ", "chupsy", "fuck", " ", "on", " ", " ", "but", "and", "for", "for", " ", "hip", " ", " ", "hip", "round", "roam", " ", "homey", " ", "hip", " ", "hip", " ", "no", "it", "allday", " ", "she", "last", "you", "a", "bigga", "big", " ", " ", "hit", "big", "no", "it", "allday", " ", "she", "last", "you", "a", "bigga", "big", " ", " ", "hit", "big", "nothin", "nothin", "a", "a", " "], "woman": ["hold", "hold", "hold", "hold"], "fat": ["slob", "or", "or"], "heard": ["whos", "whos", "this", "in", "she"], "shoot": ["dice"], "worst": [" "], "jack": [" "], "knapsack": [" "], "drinking": ["got"], "blast": ["squeeze"], "poppa": ["im", " ", "been", "and", "freaking", " ", " "], "school": ["era"], "heaven": ["with"], "crustified": ["dibbs"], "hour": ["i", "i"], "stiff": ["tongue", "dck", "tongue", "dck"], "did": ["to", "i", "i", "your"], "die": ["fuck", "on"], "button": ["i", "i"], "dig": ["it"], "tre": ["duce"], "gun": [" "], "leave": ["calm", "i", "you", "that"], "starsky": ["and"], "squeezed": ["mad"], "flashy": ["ways", "ways", "ways", "ways", "ways", "ways", "ways", "ways", "ways"], "hittin": [" "], "uh": [" ", " ", " ", " ", " ", " ", " ", " ", " ", " ", " "], "anal": ["fuckin"], "smith": [" ", " "], "round": ["ten"], "yall": ["dont", "dont"], "clothes": ["off"], "work": ["it"], "booty": ["bought"], "dookie": ["meaning"], "ten": [" ", "crack", "a"], "goodies": [" ", "loungin"], "boots": ["from", "and", "from", "and"], "past": ["lets", "lets"], "street": ["and", "and", "and", "and"], "payin": ["you"], "pass": [" ", " "], "bake": ["up"], "buddhahead": [" "], "even": ["start", "stealin", "if", "if"], "will": ["is"], "what": ["the", "im", "what", "3x", "homey", "you", "im", "the", "i", "we", "you", "im", "the", "i", "we"], "3x": ["while"], "wreck": ["it"], "heres": ["a"], "selected": ["lines"], "rascal": ["call"], "hennessey": ["dck", "dck"], "moschino": ["cmon"], "tears": ["come"], "cars": [" "], "new": ["jack", "one", "mans", "york", "mans", "york"], "public": ["school"], "can": ["i", "put", "lick", "ya", "fill", "fill", "hold", "hook"], "hairy": ["fat"], "toast": ["ya"], "perrignon": [" "], "chose": ["me", "me"], "funeral": ["frontin"], "never": ["lose", "choose", "seen", "seen", "let", "let", "trust", "get", "sell", "keep"], "here": ["for", "we", "we", "to", "for", "we", "we", "to"], "leo": [" "], "fun": ["with"], "packing": ["asking"], "slow": [" ", " "], "let": ["me", "me", "me", "no", "em"], "toher": [" ", " "], "busily": [" "], "along": [" ", "by", "by"], "101": ["how"], "shoulda": ["been"], "sayin": ["and", "and"], "boy": [" ", "likes"], "sleet": ["hail"], "shift": [" ", " "], "guilty": ["thats", " "], "screamin": ["aiy", "aiy"], "drawers": ["drop", "drop"], "eatin": ["out"], "smoke": ["blunts", "blunts"], "stephanie": ["i", "i"], "thats": ["right", "how", "how", "persian", "right"], "wig": ["pushed"], "spurts": ["im"], "love": ["im", "your", "your", "your", "your", "your", "your", "your", "your", "your", "it", "it"], "family": ["and"], "prefer": ["versace"], "stink": [" "], "commandments": [" "], "replace": ["em", "em"], "virgins": ["on"], "wit": ["a", "real", " ", "the", "mygirl", "mygirl"], "duck": ["huntin"], "duce": [" "], "crime": ["after", "from"], "htown": ["in", "in"], "peep": ["the", "the"], "yourself": ["in"], "eye": ["likes"], "would": ["probley", "tears"], "live": ["men"], "two": ["22s", "three", "three", "never", "dicks"], "next": ["show", "batter", " ", "batter", " ", "move"], "asses": [" ", " ", " "], "call": ["me", "my", "me", "me", "me", "alright", "me", "me", "me", "me", "me", "alright", "me", "me", "me"], "calm": [" "], "m3": [" "], "actin": ["like", "like"], "tryin": ["listen"], "tell": ["im", " ", "him", "them", "me", "me", "me", "me", "em"], "more": ["chance", "cause", "chance", "chance", "chance", "cause", "chance", "chance", "pasta"], "scratched": ["in"], "tabasco": [" "], "huntin": [" "], "condom": ["filler", "filler"], "steak": ["up"], "mad": ["cause", "because", "cause", "because", "clips", "bread"], "pasta": ["bake"], "sister": ["had"], "glass": ["tints"], "train": ["track"], "stick": ["the"], "broke": ["out", "and", "and", "and", "and", "and", "and", "and", "and", "and"], "cuttin": ["classes"], "baby": [" ", "momma", "i", "i"], "hold": ["her", "her", "her", "her", "cause", "jobs"], "riders": ["in", "in"], "glad": ["im", "im", "because", "because"], "oj": ["simpson"], "fly": ["kicks"], "hutch": ["stick"], "word": ["up", "called", "up"], "mc": ["easily"], "niggas": ["dont", "fronting", "ride", "come"], "this": ["nigga", "bullshit", "is", "is", "is", "is", "name", "nigga", "is", "is", "is", "is", "is", "is", "is", "is", "sht", "stroke", "is", "is", "is", "sht", "stroke", "coke", "crack", "weed", "game", "shit", "before", "rule"], "heineken": [" "], "ride": ["dicks"], "when": ["the", "the", "they", "i", "i", "i", "i", "you", "it", "they", "the", "it", "im", "you", "it", "they", "the", "it", "im", "you"], "abortion": [" "], "thirteens": ["know", "know"], "niggaz": ["is", "like", "wanna", "wanna", "start", "lyin", "gettin", "gettin", "on", " ", "word", "think"], "fronting": ["aint"], "nine": [" ", " ", "shoulda"], "era": [" "], "mr": ["rourke", "rourke"], "my": ["bubblegoose", "knapsack", "sidekicks", "gat", "vest", "chest", "crew", "man", "peice", "shoes", "man", "charm", "palm", "arm", "next", "dick", "dick", "beat", "batterer", "dick", "life", "mother", "mother", "wrists", "head", "fuckin", "baby", "disrespect", "lies", "peak", "nigga", "will", "detroit", "hooligans", "piece", "piece", "peeps", "arraignment", "car", "daddy", " ", "clique", "mind", "pockets", "lips", "man", "dck", "position", "daddy", " ", "clique", "mind", "pockets", "lips", "man", "dck", "position", "triple", "man"], "fillin": ["fantasies", "fantasies"], "heart": [" "], "batterer": [" "], "give": ["me", "me"], "fuck": ["up", "you", "you", "all", "it", "that", "from"], "sicker": ["than"], "high": ["on"], "tae": ["kwon", "kwon"], "slit": ["my"], "callin": ["me", "here", "here"], "scarface": ["and", "and"], "something": ["to"], "want": ["to", "to", "it", "some", "me", "that", "me", "that", "a", "they"], "sense": ["going"], "times": ["you", "you"], "dress": ["i"], "spe": ["on"], "pink": ["gators"], "hoe": ["hopping", "take", "a", "a"], "end": ["this"], "stymie": [" "], "acts": [" "], "sudden": [" ", " "], "machine": ["beep", "beep"], "how": ["to", "most", "i", "you", "to", "you", "to", "much"], "ounce": ["tell"], "animal": [" "], "hugs": ["from"], "nombre": ["uno"], "chase": ["em", "em"], "nonstop": ["lick", "lick"], "byeah": ["to"], "bags": ["stay"], "mess": [" ", "around", "around"], "stop": [" ", " "], "after": ["selected", "i", "crime"], "tied": ["up"], "lucky": ["they"], "blood": ["out", "dont"], "cabbage": ["off"], "coast": ["overdoser"], "filthy": ["not"], "extortion": [" "], "man": ["sei", "big", "chill", "next", "next", "fucked", "jake"], "a": ["terror", "daily", "chubby", "mess", "bad", "tight", "little", "gun", "heineken", "kid", "fucking", "little", "piece", "fucking", "worthless", "booty", "coogi", "half", "nigga", "brooklyn", "new", "pen", "fckin", "fckin", "big", "hoe", "bankroll", "bag", "certified", " ", "sudden", "fckin", "fckin", "big", "hoe", "bankroll", "bag", "certified", " ", "sudden", "animal", "manual", "step", "ounce", "crackhead", "strong", "whole", "good", "steak"], "somethin": [" ", "goin"], "stress": ["is"], "drop": ["slow", " ", "slow", " "], "trois": ["sex"], "waist": ["and"], "third": ["eye"], "onto": ["dkny"], "lines": [" "], "sniffed": ["a"], "buggin": ["and"], "cannot": ["be"], "truck": ["and"], "crackhead": ["payin"], "kicked": ["in"], "every": ["night", "mc", "cutie"], "dissapearin": ["and", "and"], "willie": ["d", "d"], "thinkin": ["about", "about"], "talk": ["go"], "honeymoons": [" "], "blind": ["dont", "dont"], "six": ["seven", "seven", "that"], "shoes": [" "], "over": [" ", "there"], "move": ["it", " ", "in"], "years": ["it", "on"], "sidekicks": ["with", "rockin"], "through": ["us", "have"], "makeup": ["when"], "shake": ["big", "up"], "hell": [" ", "no"], "cold": ["what", "what"], "still": ["leave"], "hook": ["a"], "its": ["on", "the", "the", "the", "kinda", "easy", "stiff", "stiff", "the", "rules"], "before": ["it", " "], "benjamins": [" ", " "], "police": ["uhhuh"], "thank": ["you"], "fit": ["now", "now"], "till": ["you", "her", "her"], "escargot": ["my"], "cleanest": ["meanest", "meanest"], "hail": ["snow"], "crew": [" ", "likes", "run", "run"], "lyin": ["im"], "choose": ["to"], "caretaker": ["did"], "fofo": [" ", " "], "bout": ["blunts", "you", "you", "this", "this"], "cutie": ["wit"], "might": ["just"], "lx": ["four"], "split": ["sht", "sht"], "flex": ["who"], "them": ["hookers", "niggas", "hoe", "cats"], "glorify": ["gluttony"], "hons": ["in", "in"], "yo": ["chill", "big", "big"], "ya": ["put", "dig", "wit", " ", "see", "youll", "didnt", "never", "see", "youll", "didnt", "never"], "safe": ["show"], "versace": ["thats"], "uhh": ["its", " "], "number": ["two", "three", "four", "five", "six", "eight", "nine", "one", "ten"], "break": ["hoes", "up"], "bang": ["every", "boots", "boots"], "bankroll": ["and", "and"], "olivia": ["newt", "newt"], "they": ["slipped", "be", "be", "miss", "head", "clothes", "dont", "call", "roll", "btch", "dont", "call", "roll", "btch", "dont", "bricks", "want", "be", "gon", "money"], "half": [" ", "of"], "front": ["who"], "clits": ["alot", "had", "alot", "had"], "now": ["i", "can", "whos", "check", "check"], "bullshit": ["and", "bullshit", " ", "party", "bullshit", " ", "yea", " ", "uptown", " ", "bad", " ", "brooklyn", " ", "third", " ", " ", "were"], "gassed": ["up"], "stinking": [" "], "gluttony": [" "], "name": ["brand"], "tryina": ["tell", "tell"], "pregnant": ["bitch"], "clutch": [" "], "tyiest": ["i", "i"], "chuck": ["d", "d"], "detroit": ["players"], "wrapped": ["around", "around"], "follow": ["these"], "truth": [" ", " "], "each": ["message", "message"], "clientele": ["say"], "mean": [" ", "the", " ", "the"], "em": ["quit", "forget", " ", "in", " ", "wit", "i", " ", "im", " ", "i", " ", "im", " ", "know", "bounce"], "gettin": ["mad", "physical", "rougher", "mad", "physical", "rougher", "bags"], "weight": ["on"], "kani": ["jeans", "jeans"], "house": [" "], "told": ["me", "me"], "hard": ["to", "to"], "pissy": ["drunk", "drunk"], "haaaaah": [" "], "puy": ["crusher", "crusher"], "persian": ["thats"], "thirteen": ["a"], "fist": ["fuckem"], "todd": ["smith", "smith"], "girl": ["ya", "you", "ya", "you", "fucked"], "blows": ["was"], "special": ["ed"], "out": ["just", "my", "a", " ", " ", "the", "bitch", "with", "with", "with", "my", "check", "what", "her"], "by": ["leo", "ashley", "james", "mike", "james", "mike", "step"], "gon": ["want"], "god": ["would", "i", "i", "with", "damn"], "ha": ["ha", " "], "since": ["the", "thirteen", "days"], "hooked": ["you", "you"], "outlyrics": ["submitted"], "looking": ["righteous"], "roughnecks": [" "], "socalled": ["gangsters"], "paradise": [" "], "got": ["the", "your", "the", "the", "the", "the", "choked", "sung", "a", "it", "the", "the", "that", "the", "you", "to", "that", "the", "the", "that", "the", "you", "to", "that", "the"], "hooker": ["thinking"], "cause": ["niggaz", "all", "her", "her", "im", "her", "her", "youbusy", "they", "yall", "youbusy", "they", "yall", "you", "they"], "red": ["like", " "], "ass": ["shake", " ", "leakin", "stuck", "up", "up"], "working": ["uh"], "frank": ["white"], "quita": ["kenya", "kenya"], "bleaargh": [" "], "forgive": ["me", "me"], "punks": [" "], "disrespect": ["forgive"], "completely": ["red", "seperated"], "youbusy": ["and", "and"], "hoodie": ["to"], "clique": ["dck", "dck"], "put": ["fear", "hickies", "in", "my", "hoes"], "bleed": [" ", " "], "certified": ["mack", "mack"], "care": ["if"], "thrown": ["and"], "days": ["of"], "g": ["ya", "ya"], "fuckem": ["dump"], "behindsy": [" "], "ask": ["questions"], "so": ["i", "tou", "fuck", "i", "paid", "paid", "paid", "paid", "get", "paid", "paid", "paid", "paid", "paid", "recognize", "gimme", "take", "recognize", "gimme", "take", "underrated"], "keep": ["my", "your", "no"], "thing": ["back", "back"], "licked": [" "], "youll": ["get", "want", "get", "want", "have"], "wrote": ["me"], "w": ["puff"], "swing": ["the"], "cunts": ["out", "out", "out"], "shittin": [" "], "think": ["i", "they", "shit", "a", "you"], "fuckin": ["big", "me", "buddhahead", "mind", "callin"], "first": ["ask"], "cubans": ["with"], "breed": ["jealousy"], "dont": ["get", "take", "make", "think", "owe", "say", "want", "get", "know", "get", "know", "chase", "call", "say", "want", "get", "know", "get", "know", "chase", "call", "you", "care", "mix"], "slipped": ["when"], "feel": ["pain", "like"], "licorice": [" "], "potter": [" ", " "], "scene": [" "], "crib": ["please", "please"], "one": ["ive", "sixty", " ", "more", "more", "more", "more", "two", "two", "know", "to"], "twat": ["in"], "fucked": ["up", "my"], "done": ["i", "i", "squeezed"], "bitch": [" ", " ", "you", " "], "another": ["blunt", "trick", "hons", "hons"], "comin": ["back"], "chubby": ["nigga"], "sounds": ["of"], "miss": ["me"], "suck": ["my", "my", "a"], "blunts": ["was", "and", "if", "if"], "size": ["in", "in"], "passes": ["cuttin"], "little": ["biggie", "rascal"], "killin": ["me", "me"], "strict": ["shit"], "caught": ["up", "up"], "\u00e0": ["trois"], "girls": ["walk", "say", "killin", "killin"], "akinyele": [" "], "tou": ["can"], "chupsy": ["upsy"], "their": ["broke", "broke", "broke", "broke", "broke", "broke", "broke", "broke", "broke"], "too": [" "], "tim": ["boots", "boots"], "rockin": ["fly", "real"], "dwell": ["on", "on"], "white": ["i", "push"], "really": ["the", "though", "though"], "frame": ["shake"], "speaking": [" "], "listen": [" "], "eyes": [" "], "that": ["i", " ", " ", " ", " ", " ", "shit", "my", "take", "take", "ha", "brooklyn", "ass", "but", "sht", "btch", " ", "htown", "old", "good", "nigga", "good", "but", "sht", "btch", " ", "htown", "old", "good", "nigga", "good", "man", "ass", "fast", "ass", "god", "squeeze"], "shawn": [" "], "gotcha": ["caught", "wishin", "caught", "wishin"], "crews": ["who"], "bulletproof": ["glass"], "btch": ["do", "chose", "do", "chose"], "boricua": ["mommies", "mommies"], "x9": [" "], "because": ["what", "her", "what", "her"], "butt": ["ugly"], "rain": ["sleet"], "ashley": [" "], "believe": ["suicides"], "than": ["this", "your", "richie"], "dicks": ["frank", "and"], "leakin": ["like"], "rappin": ["bout"], "gobe": ["lucky"], "fcked": ["up", "her", "with", "up", "her", "with"], "gotta": ["go", "go", "go"], "richer": ["than"], "submitted": ["by", "by", "by", "by"], "matter": ["of"], "classes": ["squeezing", " "], "supposed": ["to"], "were": ["smoking", "on"], "and": ["the", "sidekicks", "can", "barkin", "my", "bullshit", "x9", "strollin", "skunk", "have", " ", "said", "a", "arguing", "its", "im", "party", "bullshit", "party", "bullshit", "party", "bullshit", "party", "bullshit", "party", "bullshit", "party", "bullshit", "party", "bullshit", "party", "bullshit", "party", "bullshit", "party", "bullshit", "party", "bullshit", "party", "bullshit", "party", "bullshit", " ", "also", "cry", "died", "cry", "died", "black", "shoot", "cry", "died", "end", "squeeze", "her", "cry", "died", "puff", "hutch", "i", "youre", "i", "youre", "moschino", "a", "broads", "bras", "get", "i", "youre", "i", "youre", "i", "youre", "i", "youre", "i", "youre", "i", "youre", "i", "youre", "the", " ", "sht", "all", "shana", "i", "we", "sht", "hit", "go", "a", "bushwick", "j", "gingerale", "your", "hit", "if", "when", "the", " ", "sht", "all", "shana", "i", "we", "sht", "hit", "go", "a", "bushwick", "j", "gingerale", "your", "hit", "if", "when", "chips", "business", "blood", "no", "can"], "lick": ["dick", "the", "my", "the", "my", "the"], "booklet": ["for"], "close": ["like"], "wasnt": ["good", "good"], "honeys": ["pounds", "is", "call", "call"], "mind": [" ", "playin", "playin"], "undressin": ["em", "em"], "beatin": ["down"], "talking": ["after"], "say": ["hes", "what", "sht", "sht", "hell"], "buy": ["a"], "have": ["the", "fun", "me", "sex", "mad"], "goodie": ["goodies", "goodies"], "need": ["me"], "seen": ["my", "this", "this"], "philly": ["hoes"], "fading": ["outlyrics"], "torsoes": [" "], "loke": ["out"], "sell": ["no"], "screw": ["us"], "consignment": [" "], "lil": ["shawn"], "ofgenius": [" ", " "], "answering": ["machine", "machine"], "fadelyrics": ["submitted"], "snow": [" "], "note": ["for"], "mix": ["the", "like"], "chest": [" ", "like"], "henny": ["and"], "take": ["nothin", "it", "that", "that", "that", "they", "off", "off", "it"], "green": ["bitches"], "asshole": ["scratched", "lips"], "trivia": [" ", " "], "blunt": ["bought"], "coke": ["uhhuh"], "waitin": ["outside", "in", "outside", "in", "to"], "sure": ["do"], "pain": ["like"], "wrists": ["and"], "though": [" ", " "], "arguing": [" "], "huh": [" "], "doin": ["this", "this"], "who": ["got", "got", "had", " ", "us", "want"], "reach": ["my"], "paid": ["uh", "hah", "for", "uh", "uh", "uh", "uh", "uh", "uh", " "], "hypnotize": ["me", "me", "me", "me", "me", "me", "me", "me", "me"], "brooklyn": ["crew", " ", "bullshit", "basement"], "charm": ["i"], "position": ["i", "i"], "nothing": ["nope"], "friend": ["and", "and"], "fck": ["do", "is", "around", "tae", "her", "the", "nonstop", "whatcha", "the", "do", "is", "around", "tae", "her", "the", "nonstop", "whatcha", "the"], "mack": ["in", " ", " "], "why": ["their", "their", "their", "their", "their", "their", "their", "their", "their", "the", "the"], "thriller": ["in", "in"], "peice": [" "], "don": ["perrignon"], "considered": ["as"], "nobody": [" "], "average": ["poppa"], "sometimes": ["your", "your", "your", "your", "your", "your", "your", "your", "your"], "flow": ["to", " ", "really", "to", " ", "really"], "face": ["it"], "obetoby": [" "], "properly": ["gassed"], "skinny": ["or", "or"], "skunk": [" "], "talkingtalking": ["fadelyrics"], "lying": ["to"], "saying": ["nothing"], "shot": [" ", "down", "down", "down", "down"], "strollin": ["see"], "show": [" ", "me"], "rugs": ["thats"], "freshmen": [" "], "kwon": ["do", "do"], "bring": ["my"], "whiteskinned": ["or", "or"], "corner": ["i"], "fear": ["in"], "cheddar": ["breed"], "find": ["another", "yourself"], "aint": ["no", "hard", "no", "hard", "no", "saying", "fckin", "fckin", "forget", "gettin", "tryin", "got"], "m\u00e9nage": ["\u00e0"], "squeeze": ["until", "three", "first", "it", "it", "your"], "grabbed": ["my"], "dice": [" "], "moet": ["popping"], "dick": ["like", "to", " ", "in", "licked", "black", "and"], "should": ["see", "i"], "only": ["ugly", "smoke", "smoke"], "going": ["to"], "black": ["smoking", "timbs", "hoodies", "like", "baby", "motherfcker", "nasty", "baby", "motherfcker", "nasty"], "slob": ["i"], "8": ["times", "times"], "bread": ["to"], "hope": ["i"], "hip": ["to", "to", "to", "to"], "do": ["is", "two", "an", "something", "us", "is", "he", "i", "is", "is", "he", "i", "is"], "highness": ["uhhuh"], "his": ["waist", "dck", "dck"], "hit": ["her", "em", "you", "em", "you", "you", "the", "my", "you", "you", "the", "my", "your"], "get": ["shot", "along", "her", "spattered", "kicked", "me", "with", "off", "down", "in", "swift", "to", "that", "off", "down", "in", "swift", "to", "that", " ", "your", "high"], "beat": ["and", "toone", "toone"], "bruise": ["crews"], "between": ["each", "each"], "watch": ["me", "your"], "dc": ["prefer"], "dumbing": ["out"], "beam": ["niggaz"], "frontin": [" ", "like"], "batter": ["here", "here"], "words": ["just", "just", "just", "just", "just", "just", "just", "just", "just"], "basement": ["of", "shh"], "trust": ["nobody"], "nasty": ["motherfcker", "motherfcker"], "chips": [" "], "him": ["that"], "freaking": ["not"], "sht": ["is", "you", "toher", "im", "fit", " ", " ", " ", "is", "you", "toher", "im", "fit", " ", " ", " "], "muthafckastryina": [" ", " "], "snitchin": ["aint"], "kidneys": ["shift", "shift"], "cry": [" ", " ", " ", " "], "rapper": ["demo"], "guns": ["and", "can"], "bag": ["of", "of"], "bad": ["boy", "than", "boy", "boys"], "she": ["grabbed", "got", "glad", "know", "saw", "mad", "saw", "mad", "be", "sniffed", "suck"], "shots": ["is", "is"], "wish": ["she"], "shh": [" "], "flaunt": ["it"], "force": ["like"], "where": ["the", "the", "you"], "youlast": [" ", " "], "bushwick": [" ", " "], "mmm": ["you", "you"], "sittin": ["in"], "set": ["that"], "toone": [" ", " "], "dump": ["em"], "upsy": ["or"], "nut": ["buster", "buster"], "around": ["and", "and", "my", "and", "and", "my"], "sex": ["in", "on", "im", "gettin", "im", "gettin"], "bubblegoose": [" "], "see": ["what", "me", "your", "its", " ", "uh", " ", "huh", " ", "uh", " ", "uh", " ", "her", "sht", " ", "her", "sht", " "], "hickies": ["on"], "us": ["talk", " ", "wanna", "screw", " ", "yeah"], "hoes": ["torsoes", "in", "dough", "callin", "callin"], "spattered": [" "], "coogi": ["haaaaah"], "arm": ["and"], "sei": ["that"], "wonder": ["if"], "said": ["he", "lets"], "propa": [" ", " "], "sleepin": ["all"], "ways": [" ", "uhhuh", " ", "uhhuh", " ", "uhhuh", " ", "uhhuh", " "], "timbs": ["and", "for"], "please": ["send", "send"], "spoons": [" ", " ", " "], "outside": ["for", "for"], "hooligans": ["in"], "themall": [" ", " "], "routine": [" "], "seven": ["eight", "eight", "this"], "nope": [" "], "bought": ["a", "a"], "we": ["wanna", "wanna", "just", "dont", "go", "go", "had", "dont", "go", "go", "had"], "men": ["not"], "recently": ["niggas"], "rolled": ["up"], "arraignment": ["note"], "weak": [" "], "nightmares": ["of", "of"], "magnum": ["to"], "job": ["hit"], "rules": ["to", "youll"], "strong": ["word"], "hennys": ["in"], "cousin": ["let", "let"], "condo": ["paid"], "come": ["to", "and", "through", "up", "to", "to"], "lyrical": ["gift", "gift"], "newt": [" ", " "], "pull": ["shit"], "bras": ["m\u00e9nage"], "daddy": ["get", "how", "get", "how"], "last": [" ", "a", "nightthats", " ", "nightthats", " "], "buster": [" ", " "], "coz": ["the"], "has": ["been"], "dough": ["and", "you"], "bodysuit": [" ", " "], "players": [" "], "alot": ["used", " ", "used", " "], "bronx": ["to", "to"], "puff": ["talking", "ehehehe"], "whole": ["half"], "asked": ["me"], "comes": ["to", "to"], "uno": ["never"], "spandex": ["and", "and"], "drunk": ["off", "off", "flow", "flow"], "bricks": ["and"], "sweet": ["like"], "stuck": ["up"], "jeans": [" ", " "], "doesntmatter": [" ", " "], "walk": ["to"], "allday": [" ", " "], "likes": ["that", "that", "that", "that", "that"], "mafia": ["likes"], "rougher": ["when", "when"], "expensive": ["cars"], "speak": [" ", "my"], "quit": ["em"], "bathroom": ["passes"], "light": ["that"], "beef": ["asked", "with"], "havin": ["nightmares", "nightmares"], "swift": ["with", "with"], "three": ["at", "four", "four", "never", "weeks"], "been": ["shot", "shot", "considered", "shot", "shot", "smooth", "in", "number"], "whos": ["the", "really", "the", "the"], "beep": ["in", "in"], "much": ["dough"], "slowly": [" "], "recognize": ["the", "the"], "threaten": ["to"], "fantasies": ["without", "without"], "500": ["sl", "sl"], "cheek": ["tell"], "life": ["ive"], "glock": ["in"], "nightthats": ["my", "my"], "buck": [" "], "drugs": ["to"], "gat": [" ", "biggie"], "bladder": ["it", "it"], "seperated": [" "], "mans": ["a", "a"], "understand": [" "], "kicks": [" "], "smoking": ["blunts", "sacks", "drinking"], "bigga": ["the", "the"], "weeks": [" "], "cunt": ["renaissance"], "chill": ["man", " "], "sound": ["of", "of"], "nuttin": ["all", "all"], "righteous": [" "], "aiy": ["papi", "papi"], "look": ["i", "i"], "raw": ["me", "me"], "these": ["socalled", "karl", "boricua", "karl", "boricua", "cats", "rules"], "homey": ["say", " "], "jobs": ["too"], "act": ["when", "when"], "trick": ["to"], "ugly": ["only", "bitches"], "while": ["fading", "you"], "remo": ["in"], "stopping": ["big"], "wake": ["up"], "pushed": ["back"], "pack": ["of", "of"], "ive": ["got", "been"], "vest": ["on"], "best": ["friend", "in", "friend", "in"], "demo": [" "], "is": ["where", "a", " ", "about", "it", "fatal", "buildin", "fuckin", "weak", "why", "why", "why", "why", "why", "why", "why", "why", "why", "tyiest", "real", "call", "quita", "stephanie", "goin", "separate", "my", "my", "tyiest", "real", "call", "quita", "stephanie", "goin", "separate", "my", "my", "so"], "purse": [" "], "it": ["dont", "aint", "even", "my", "up", "out", "over", "just", "baby", "out", "out", "i", "aint", "dont", "you", "nigga", " ", " ", "not", "buy", "wasnt", "comes", "to", "doesntmatter", "when", "come", "wasnt", "comes", "to", "doesntmatter", "when", "come", "made", "from", " ", " "], "rip": ["the", "the", "your", "your", "your"], "cant": ["we", " ", "believe", "speak", "you", "you", "you", "you", "you", "you", "you", "you", "you", "call", "call", "tell", "tell"], "good": [" ", "dck", "dck", " ", "dck", "dck", "dick"], "im": ["in", "a", "the", "gone", "out", "about", "about", "a", "glad", "dead", "gone", "sick", "sick", "sick", "sayin", "waitin", "similar", "not", "in", "guaranteed", "glad", "caressin", "undressin", "done", "sayin", "waitin", "similar", "not", "in", "guaranteed", "glad", "caressin", "undressin", "done"], "millionaire": ["shit"], "triple": ["beam"], "in": ["my", "my", "acts", "my", "the", "your", "the", "a", "his", " ", "the", "me", "the", "your", "special", "they", "asociation", "the", "the", "the", "white", "the", "the", "new", "beatstreet", "the", "brooklyn", "ny", "expensive", "a", "between", "the", "themall", "the", "give", "manila", "the", "these", "thirteens", "the", "ya", "the", " ", "new", "between", "the", "themall", "the", "give", "manila", "the", "these", "thirteens", "the", "ya", "the", " ", "new", "this", "silence", "the", "serious", "your", "three"], "kenya": ["told", "told"], "if": ["not", "i", "you", "money", "i", "they", "i", "they", "your", "im", "they", "your", "im", "that", "they", "you", "niggaz", "you", "not"], "tattoo": ["i", "i"], "pathfinder": [" ", " "], "twentyfour": ["years"], "james": ["todd", "todd"], "saw": ["you", "you"], "make": ["you", "sense", "sht", "your", "your", "sht", "your", "your"], "cross": ["over"], "stealin": ["out"], "underroos": [" "], "belly": [" ", "button", "button"], "manila": [" ", " "], "party": ["at", "and", "before", "and", "and", " ", "and", "and", "and", "and", "and", "and", "and", "and", "and", "and", "and"], "physical": ["like", "like"], "daughters": ["tied"], "used": ["to", "to", "to"], "damn": ["credit"], "shatter": ["your", "your"], "swell": ["to", "to"], "flows": ["girls"], "weed": ["spots", " ", " ", " "], "renaissance": [" "], "plantiff": [" "], "pookie": ["in"], "beatstreet": [" "], "lickin": ["clits", "down", "clits", "down"], "karl": ["kani", "kani"], "kid": ["got"], "slug": ["hit"], "off": ["the", "of", "my", "instinct", "slowly", "his", "your", "his", "your"], "hopping": ["aint"], "i": ["was", "used", "got", "bring", "hope", "dont", "throw", "was", "knew", "had", "toast", "think", "might", "got", "can", "take", "rip", "rip", "fuck", "was", "put", "rip", "make", "glorify", "cannot", "get", "die", "wanna", "like", "wanna", "know", "swear", "just", "cant", "cant", "want", "swear", "feel", "cross", "die", "wonder", "died", "reach", "cant", "squeeze", "just", "just", "just", "put", "want", "still", "stay", "just", "just", "can", "can", "know", "just", "just", "just", "just", "just", "was", "hooked", "know", "was", "dont", "got", "get", "got", "mean", "fck", "drop", "love", "only", "gotcha", "tote", "do", "got", "fck", "got", "mean", "dont", "replace", "got", "got", "gotcha", "aintfrontin", "got", "was", "hooked", "know", "was", "dont", "got", "get", "got", "mean", "fck", "drop", "love", "only", "gotcha", "tote", "do", "got", "fck", "got", "mean", "dont", "replace", "got", "got", "gotcha", "aintfrontin", "got", "aint", "been", "wrote", "done", "dont"], "youre": ["supposed", "so", "so", "so", "so", "so", "so", "so", "so", "so"], "nothin": ["but", "bout", "bout"], "youra": [" ", " "], "gators": ["my"], "without": ["that", "that"], "mother": ["even", "wish"], "gingerale": [" ", " "], "the": ["public", "scene", "tre", "deuce", "mack", "party", "honeys", "roughnecks", "projects", "house", "honeys", "gat", "east", "party", "henny", "back", "glock", "hooker", "hookers", "notorious", "crustified", "twatdown", "asshole", "one", "twat", "basement", "spe", "pussy", "anal", "jimmy", "hennys", "cum", "truck", "tip", "asshole", "ass", "cunt", "shit", "think", "hairy", "blood", "belly", "studio", "rockin", "street", "street", "goodie", "goodie", "paradise", "worst", "street", "magnum", "beds", "stress", "crack", "train", "funeral", "street", "clutch", "jesus", "real", "shit", "sticks", "lexus", "pavement", "plantiff", "force", "safe", "beat", "background", "fck", "cold", " ", "thriller", "condom", "pack", "back", "pathfinder", "ep", "lyrical", "dck", "funk", "dck", "hennessey", "next", "drunk", "game", "truth", "bronx", "a", "past", "500", "e", "way", "rim", "crib", "clits", "tongue", "funk", "cleanest", "spandex", "nut", "best", "kissin", "beat", "background", "fck", "cold", " ", "thriller", "condom", "pack", "back", "pathfinder", "ep", "lyrical", "dck", "funk", "dck", "hennessey", "next", "drunk", "game", "truth", "bronx", "a", "past", "500", "e", "way", "rim", "crib", "clits", "tongue", "funk", "cleanest", "spandex", "nut", "best", "kissin", "ten", "corner", "cheddar", "bushes", "fuck", "clientele", "wake"], "filler": [" ", " "], "ny": ["onto"], "just": ["me", " ", "all", "work", "want", "speak", "hypnotize", "love", "hypnotize", "love", "hypnotize", "love", "hypnotize", "love", "hypnotize", "love", "hypnotize", "love", "hypnotize", "love", "hypnotize", "love", "hypnotize", "love"], "violence": [" "], "yea": ["junior"], "money": ["smell", "and", "rain"], "asociation": ["with"], "rest": ["at"], "not": ["i", "guilty", "guilty", "speaking", "domino", "domino", "your", "for", "twentyfour"], "questions": ["last"], "lexus": ["lx"], "meanest": ["penis", "penis"], "hah": ["sicker", " "], "york": [" ", " "], "death": ["is"], "caressin": ["em", "em"], "kirk": [" "], "thinking": [" "], "cherry": ["m3"], "supply": [" "], "had": ["beef", "my", "beef", "been", "been", "been", "somethin", "didnt", "to", "didnt", "to"], "except": ["when"], "day": ["no", "with", "with"], "barkin": ["at"], "lets": ["leave", "dwell", "dwell"], "muthafcka": ["this", "this"], "dare": ["i"], "easy": [" "], "crack": ["did", "commandments", "this", "where"], "cum": ["spurts"], "east": ["coast"], "naw": ["you"], "real": ["bleaargh", "strict", "dookie", "millionaire", "fcked", "fcked"], "jake": ["up"], "crusty": ["asses"], "tits": ["and"], "easily": ["busily"], "overdoser": [" "], "big": ["poppa", "jacques", "with", "rip", "rip", "is", "break", "this", "poppa", "black", "bang", "for", "this", "poppa", "black", "bang", "for"], "breaks": ["it"], "credit": ["dead"], "gonna": ["blast"], "game": ["from", "from", "for", "on"], "five": ["six", "six", "never"], "know": ["is", "the", "what", "my", "me", "you", "what", "you", "whats", "the", "what", " ", "how", " ", "what", "you", "whats", "the", "what", " ", "how", " ", " ", " ", "your", "bad", "you"], "background": [" ", " "], "battled": ["when"], "crusher": ["black", "black"], "projects": [" "], "d": ["havin", "havin", "one", "one"], "like": ["i", "lil", "the", "kirk", "tabasco", "virgins", "black", "death", "the", "remo", "they", "starsky", "licorice", "rapper", "obe", "toby", "gobe", "you", "that", "a", "olivia", "scarface", "you", "that", "a", "olivia", "scarface", "two"], "car": ["payment", "go"], "pounds": ["from"], "miami": ["dc"], "message": ["and", "and"], "manual": [" "], "swiftly": [" "], "roll": ["propa", "propa"], "chorus": ["w"], "gangsters": ["pass"], "pavement": [" "], "nose": ["bleed", "bleed"], "night": [" ", "mmm", "mmm"], "notorious": ["big"], "e": ["and", "and"], "nigga": ["on", "you", "i", "biggie", "cheek", "flaunt", "rappin", "wit", "its", "mr", "mr", "cant"], "old": ["thing", "thing"], "brandnubian": ["shit"], "people": ["yelling", "at"], "fucking": ["fight", "green", "tell", "abortion"], "scared": ["youre"], "suicides": ["on"], "some": ["brandnubian", "real", "ass"], "back": ["biggie", "looking", " ", "of", " ", "shots", "of", " ", "shots", " ", "shit"], "dead": ["a", "right", "it"], "oh": ["biggie", "biggie", "biggie", "biggie"], "motherfcker": ["with", " ", "with", " "], "lips": ["red", "alot", "alot"], "holler": ["if"], "playin": ["tricks", "tricks"], "wishin": ["for", "for"], "kitchen": ["waitin"], "uhhuh": ["cant", " ", " ", "cant", " ", "cant", " ", "cant", " ", " ", " ", " "], "for": ["me", "my", "my", "my", "no", "the", "certain", "my", "youra", "like", "niggaz", "fillin", "an", "nuttin", "my", "youra", "like", "niggaz", "fillin", "an", "nuttin", "years", "you", "they", "that", "live", "freshmen"], "separate": ["the", "the"], "gimme": ["a", "one", "one", "a", "one", "one"], "stops": ["indecipherable"], "track": ["like", "not"], "pen": ["call"], "asking": ["who"], "da": ["fofo", "fofo"], "temple": ["watch"], "repeatlyrics": ["submitted", "submitted"], "be": ["pimpin", "shittin", "fuckin", "battled", "dissapearin", "dissapearin", "layin", "sittin"], "buildin": ["up"], "knew": ["from"], "run": ["run", "run", "your", "run", " "], "dck": [" ", " ", "make", "size", " ", "all", "girl", " ", "girl", " ", " ", "make", "size", " ", "all", "girl", " ", "girl"], "business": ["completely"], "rum": [" "], "dkny": ["uhhuh"], "payment": [" "], "lose": ["never"], "sixty": ["swiftly"], "worthless": ["fuckin"], "slaughter": ["from"], "step": ["by", "booklet"], "instinct": ["niggas"], "from": ["the", "the", "the", "behindsy", "my", "drugs", "the", "the", "the", "the", "your", "police"], "choked": ["out"], "throw": ["my", "the"], "toby": ["obetoby"], "guaranteed": ["to", "to"], "on": ["the", "my", "her", "and", "the", "em", "honeymoons", "some", "my", "the", " ", "it", "the", "the", "rugs", "muthafckastryina", "when", "the", "muthafckastryina", "when", "the", "the", "track", "your", "you", "the"], "about": [" ", "bitch", "to", "youlast", "youlast"], "yelling": ["and", "yo"], "wouldnt": ["understand"], "most": ["of"], "of": ["people", "don", "weed", "shit", "niggaz", "bitches", "fact", "talkin", "underroos", "these", "this", "phone", "rough", "the", "weed", "girls", "a", "phone", "rough", "the", "weed", "girls", "a", "cake"], "obe": ["dick"], "rim": ["with", "with"], "chance": ["in", " ", " ", "in", " ", " "], "momsll": ["set"], "swear": ["to", "to"], "hawkin": [" "], "rule": ["nombre", "is"], "pockets": ["swell", "swell"], "roam": ["and", "like"], "own": ["supply"], "eight": ["nine", "nine", "never"], "tongue": ["or", "go", "or", "go"], "wanna": ["know", "do", "front", "flex", "to", "tote", "do"], "or": ["some", "stymie", "stiff", "fat", "whiteskinned", "black", "tattoo", "stiff", "fat", "whiteskinned", "black", "tattoo", "violence"], "silence": ["or"], "jacques": ["got"], "intermission": [" ", " "], "jimmy": [" "], "whats": ["goin", "goin"], "owe": ["me"], "pussy": [" "], "son": ["had", "had", "had", "has"], "down": ["punks", "to", "in", "in", "in", "in", "like", "below", "to", "like", "below", "to"], "lies": [" "], "momma": ["kissed"], "right": ["if", "biggie", " ", " "], "uptown": ["likes"], "22s": ["in"], "your": ["back", "heart", "groupies", "cunts", "cunts", "asses", "cunts", "average", "cherry", "words", "flashy", "words", "flashy", "daughters", "words", "flashy", "words", "flashy", "crew", "crew", "job", "words", "flashy", "words", "flashy", "words", "flashy", "words", "flashy", "words", "flashy", "kidneys", "drawers", "bladder", "new", "tim", "bodysuit", "belly", "kidneys", "drawers", "bladder", "new", "tim", "bodysuit", "belly", "game", "wig", "ass", "next", "highness", "momsll", "own", "family", "guns", "kitchen", "temple", "frame", "makeup", "girl"], "whatcha": ["heard", "heard"], "fast": ["buck"], "her": ["with", "chest", "pissy", "head", "son", "head", "son", "purse", "head", "son", "sister", "eyes", "head", "son", "8", "you", "you", "till", "nose", "cousin", "in", "8", "you", "you", "till", "nose", "cousin", "in"], "hes": ["sweet"], "strictly": ["for"], "there": ["aint", "every"], "jealousy": ["specially"], "gift": [" ", " "], "spots": [" "], "fight": ["broke"], "start": ["somethin", " ", "to", "hittin"], "cats": ["for", "that"], "way": ["my", "my"], "ed": ["classes"], "music": ["stops"], "bolivia": [" ", " "], "was": ["a", "a", "duck", "thrown", "put", "thinkin", "waitin", "thinkin", "waitin"], "groupies": ["at"], "hookers": ["eatin", "who"], "head": ["and", "and", "and", "threaten", "and", "right"], "tints": ["if"], "pimpin": [" "], "brand": ["nigga"], "bitches": ["in", "know", "like", "be", "hawkin"], "shana": ["in", "in"], "but": ["all", "i", "frontin", "naw", "she", "you", "im", "lickin", "you", "im", "lickin"], "yeah": ["poppa", "muthafcka", "muthafcka"], "boys": ["move"], "hi": ["daddy", "daddy"], "bounce": [" "], "didnt": ["know", "last", "know", "know", "last", "know"], "deuce": ["deuce", "in"], "with": ["my", "a", "jamaican", "the", "spoons", "spoons", "spoons", "dirty", "akinyele", "the", "the", "the", "my", "this", "me", "the", "the", "the", "g", "no", "benjamins", "me", "the", "the", "the", "g", "no", "benjamins"], "junior": ["mafia"], "he": ["had", "dont", "dont"], "twatdown": ["to"], "also": ["slaughter"], "geting": ["my"], "made": ["me"], "biggie": [" ", " ", "101", "stinking", "breaks", "there", "biggie", "biggie", "cant", "biggie", "biggie", "uhhuh", "biggie", "biggie", "cant", "biggie", "biggie", "uhhuh", "biggie", "biggie", "cant", "biggie", "biggie", "uhhuh", "biggie", "biggie", "cant", "biggie", "biggie", "uhhuh", "biggie", "biggie", "cant", "squeeze", "gimme", "gimme", "squeeze", "gimme", "gimme"], "whether": ["its", "its"], "dangerous": ["you"], "layin": ["in"], "j": ["and", "and"], "smooth": ["since"], "up": ["in", "the", "another", "yelling", "i", "in", "to", " ", "what", "wit", "in", " ", "what", "wit", "in", " ", "get", " ", "properly", " ", "shit", " ", " ", " ", " ", "heard", " ", " ", "word", "uhh"], "probley": ["have"], "until": ["the"], "clips": ["at"], "broads": [" "], "below": [" ", " "], "jamaican": ["rum"], "dirty": ["crusty"], "cake": ["up"], "palm": [" "], "piece": ["of", "cmon", " ", "thank"], "similar": ["to", "to"], "called": ["consignment"], "gone": [" ", " "], "cmon": ["keep", " "], "sticks": [" "], "fckin": ["her", "hour", "call", "her", "hour", "call"], "certain": ["poppa"], "domino": [" ", " "], "mike": ["potter", "potter"], "an": ["oj", "intermission", "intermission"], "twist": ["cabbage"], "as": ["the"], "at": [" ", "niggaz", "my", "the", "your", "last", "my", "these", " "], "girlfriend": ["heres"], "dibbs": [" "], "kissed": ["me"], "check": ["the", "it", "it", "this", "this"], "shit": ["beatin", "off", "it", " ", "i", " ", "stink", " ", "i", "i", "for", "forget", " "], "fill": ["ya", "ya"], "specially": [" "], "rough": ["riders", "riders"], "jesus": ["piece"], "sl": ["the", "the"], "no": ["stopping", "dick", "sleepin", "geting", "comin", "car", "more", "trivia", "more", "trivia", "one", "crack", "bitch", "weight", " "], "dressed": ["in"], "tip": [" "], "mygirl": [" ", " "], "bushes": ["to"], "ep": ["along", "along"], "tight": ["dress"], "popping": ["hoe"], "sick": ["of", "of", "of", "of"], "stroke": ["ofgenius", "ofgenius"], "you": ["need", "scared", "should", "know", "from", "in", "feel", "get", "wouldnt", "see", "god", "got", "see", "see", "on", "niggas", "see", "see", "sick", "while", "working", "see", "see", "see", "see", "see", "hoes", "doin", "actin", "cant", "tryina", "did", "up", "fcked", "see", "dont", "know", "why", "and", "aint", "fcked", "be", "get", "know", "with", "with", "wrapped", "didnt", "hoes", "doin", "actin", "cant", "tryina", "did", "up", "fcked", "see", "dont", "know", "why", "and", "aint", "fcked", "be", "get", "know", "with", "with", "wrapped", "didnt", "niggaz", "to", "hold", "know", "know", "heard", "rest", "think", "back", " ", "aint", "snitchin", "aint", "pass"], "indecipherable": ["sounds"], "smell": ["bad"], "talkin": ["talkingtalking", "bout", "bout"], "papi": [" ", " "], "loungin": ["black", "in"], "stay": ["filthy", "the"], "alright": [" ", " "], "meaning": ["whos"], "peak": ["i"], "kinda": ["like"], "died": [" ", " ", " ", "would", " "], "goin": ["on", "on", "on", "on", "on"], "aintfrontin": [" ", " "], "studio": ["its"], "tote": ["a", "guns", "da", "da"], "phone": ["hanging", "hanging"], "sacks": ["up"], "tricks": ["suck", "like", "suck", "like"], "mask": ["up"], "daily": ["routine"], "beds": ["completely"], "peeps": [" "], "richie": ["till"], "fact": ["im"], "push": ["the"], "serious": ["shit"], "underrated": [" "], "simpson": ["on"]}