{"screamin": ["my"], "all": ["my", " ", "the", "the", "the", "the", "the", "the", "yours", "of", "behind", "alone", "the", "she", "the", "the", "the", "the", "this", "night", " ", "my", "i", "black", " ", " ", "day", "day", "day", "day", " ", " ", " ", " ", "all", "all", "all", "all", "all", "all", " ", "all", "all", "all", "all", "all", "all", " ", "all", "all", "all", "all", "all", "all", " ", "all", "all", "all", "all", "all", "all", " ", "all", "all", "all", "all", "all", "all", " ", "all", "all", "all", "all", "all", "all", " ", "all", "all", "all", "all", "all", "all", " ", "all", "all", "all", "all", "all", "alllyrics", "her", "alone", "your", "alone", " ", "day", "alone", "night", "the", "we", " ", " ", "the", " ", " ", "the", "these", "these", "night", "your", "my", "my", " ", "these", " ", " ", "the", " ", " ", "the", "these", "these", "night", "your", "alone", "night", "your", "alone", "wanna", "to", "to", "to", "to", "to", "to", "for", " ", "to", "to", "to", "to", "to", "to", "scream", "this", "i", "of", "of", "of", "i", "of", "of", "of", "of", "day", "we", "we", " "], "writings": ["on"], "forget": ["about", "why", " "], "dance": [" ", " "], "suns": ["risin"], "relieve": ["the", "the", "the"], "dollar": ["bills", "bills", "bills"], "gon\u2019": ["take", "take", "make"], "everybody": ["wants", "wants", "wants", "wants"], "leads": ["to"], "known": ["to"], "sleep": [" ", "at", " ", " ", " ", " ", " ", " ", " ", " "], "stops": ["then", "then"], "skin": [" "], "go": ["without", "without", "without", "too", "home", " ", "home", "i", " ", "so", "so", " ", "so", "so", " ", "nauseous", "downtown", "harder", " ", " ", "this", "this", "this", "ahead", " ", "to", "everywhere", "again", "home", "again", "this"], "hate": ["sleepin\u2019", "when", "when"], "jerome": ["freeman"], "drinkin": ["all"], " ": ["cause", "ive", "think", "you", "nobody", "you", "im", "you", "you", "to", "but", "i", "i", "i", "but", "all", "but", "id", "you", "nobody", "you", "im", "you", "you", "to", "but", "i", "i", "i", "but", "momma", "i", "cause", "the", "but", "i", "so", "ill", "ill", "to", "but", "i", "i", "i", "but", "im", "cause", "put", "and", "i", "these", "they", "these", "i", "although", "i", "these", "you", "theres", "whats", "three", "stained", "i", "cause", "all", "you", "youd", "i", "you", "im", "theres", "whats", "do", "burning", "so", "til", "what", "why", "why", "that", "this", "cause", "you", "im", "theres", "whats", "you", "im", "theres", "whats", "and", "and", "but", "this", "she", "she", "we", "she", "i", "i", "and", "and", "all", "this", "she", "she", "we", "she", "i", "i", "she", "she", "we", "she", "i", "i", "you\u2019ll", "so", "i", "so", "i\u2019ve", "but", "that", "this", "hey", "i", "i", "she", "she\u2019s", "she", "she", "she", "she", "every", "she", "for", "who", "a", "hey", "i\u2019ll", "i\u2019ll", "and", "i", "if", "she", "cause", "but", "why", "i", "i", "diana", "she", "at", "i", "because", "she", "because", "dirty", "it", "and", "and", "faces", "and", "the", "the", "and", "and", "corruption", "faces", "and", "the", "they", "they", "youll", "the", "the", "just", "faces", "and", "the", "you", "cause", "im", "so", "cause", "so", "ima", "cause", "youre", "and", "the", "cause", "girl", "you", "so", "we", "youre", "on", "we", "but", "it", "convinced", "you", "cause", "im", "so", "cause", "so", "ima", "the", "cause", "you", "so", "we", "youre", "we", "but", "it", "convinced", "tell", "you", "dont", "how", "girl", "and", "and", "you", "cause", "cause", "its", "and", "nothings", "so", "i", "would", "dont", "dont", "no", "i", "said", "well", "break", "baby", "you", "dont", "cuz", "why", "you", "girl", "theres", "yeah", "break", "baby", "gotta", "dont", "ive", "ive", "ive", "i", "youll", "i", "watch", "watch", "after", "you", "but", "i", "drink", "fuck", "feel", "im", "gone", "got", "and", "but", "imma", "but", "cuz", "you", "i", "by", "and", "cuz", "except", "said", "you", "but", "hold", "we", "even", "you", "cause", "its", "let", "i", "well", "even", "you", "you", "you", "you", "you", "all", "in", "baby", "but", "and", "she", "she", "but", "and", "but", "in", "in", "shell", "in", "dollar", "shell", "he", "he", "now", "yeah", "it", "and", "she", "yeah", "and", "but", "in", "in", "shell", "in", "dollar", "shell", "i", "in", "in", "shell", "in", "dollar", "shell", "got", "all", "baby", "just", "my", "straight", "no", "i", "the", "for", "theres", "and", "and", "we", "i", "you", "well", "theres", "is", "youve", "got", "dont", "thought", "and", "and", "cause", "in", "on", "call", "baby", "cup", "back", "for", "when", "i", "you", "well", "theres", "is", "i", "and", "and", "baby", "work", "roll", "taste", "get", "girlfriend", "if", "exman", "hard", "take", "take", "just", "i", "you", "well", "theres", "is", "i", "and", "and", "baby", "baby", "that", "see", "and", "so", "you", "what", "unless", "too", "now", "im", "and", "unless", "you", "wet", "i", "but", "i", "lose", "what", "i", "baby", "twist", "tell", "and", "eddie", "ras", "and", "cause", "my", "ill", "til", "please", "and", "whats", "got", "it", "cause", "well", "and", "baby", "baby", "baby", "baby", "well", "and", "well", "cause", "baby", "baby", "baby", "baby", "not", "but", "i", "i", "commitment", "but", "its", "imma", "i", "love", "but", "cause", "what", "gon", "a", "and", "imma", "imma", "im", "give", "watch", "get", "baby", "watch", "that", "spend", "baby", "gon", "a", "and", "imma", "imma", "cant", "girl", "cant", "girl", "and", "imma", "imma", "and", "imma", "imma", "laisse", "un", "un", "oui", "non", "non", "oui", "i", "girl", "know", "cus", "andit", "she", "she", "but", "she", "she", "cause", "im", "i", "she", "i", "and", "so", "keep", "baby", "baby", "baby", "girl", "that", "you", "you", "you", "you", "you", "you", "you", "you", "you", "you", "you", "baby", "dont", "dont", "i", "i", "but", "so", "i", "youre", "but", "so", "keep", "baby", "baby", "baby", "girl", "that", "you", "you", "you", "you", "you", "you", "you", "you", "you", "you", "you", "end", "i", "this", "but", "you", "in", "that", "my", "get", "ask", "ask", "bitches", "baby", "often", "make", "often", "make", "infatuated", "she", "i", "that", "shes", "shes", "if", "im", "ask", "ask", "bitches", "baby", "often", "make", "often", "make", "oooh", "but", "ask", "ask", "bitches", "baby", "often", "make", "often", "make", "i\u2019ll", "let", "let", "girl", "and", "so", "baby", "baby", "and", "and", "wish", "ooh", "and", "i\u2019m", "\u2018cuz", "and", "and", "yeah", "and", "why", "i", "ooh", "yeah", "ooh", "yeh", "you", "all", "if", "let\u2019s", "\u2018cuz", "outsidelyrics", "i", "oh", "youre", "and", "girl", "i", "dont", "i", "with", "highheel", "everybody", "but", "girl", "hold", "be", "you", "you", "to", "you", "i", "girl", "ill", "just", "girl", "or", "we", "i", "dont", "i", "with", "highheel", "everybody", "but", "girl", "hold", "be", "you", "you", "to", "you", "i", "ride", "i", "dont", "i", "wont", "i", "i", "oh", "i", "ill", "my", "feeling", "i", "when", "cant", "for", "she", "what", "they", "they", "they", "fuck", "baby", "got", "gimme", "baby", "cause", "oh", "i", "shell", "all", "and", "and", "so", "we", "it", "to", "oh", "oh", "oh", "where", "all", "bet", "especially", "you", "you", "well", "what", "youre", "youre", "youre", "youre", "and", "aint", "i", "tell", "i", "and", "well", "you", "never", "you", "you", "well", "i", "what", "hooklyrics", "it", "i\u2019ve", "baby", "if", "ain\u2019t", "so", "don\u2019t", "don\u2019t", "nobody", "i", "girl", "don\u2019t", "you", "but", "you\u2019ll", "i", "i", "i", "i", "i", "i", "so", "don\u2019t", "don\u2019t", "cuz", "don\u2019t", "like", "your", "you", "im", "cause", "i", "driving", "found", "keep", "i", "the", "i", "when", "when", "i", "the", "i", "when", "when", "ima", "tryna", "i", "you", "always", "drugs", "im", "and", "i", "the", "i", "when", "when", "i", "the", "i", "when", "when", "hills", "who", "hide", "who", "i", "the", "i", "when", "when", "i", "the", "i", "when", "when", "i", "oh", "youre", "and", "girl", "i", "dont", "i", "with", "highheel", "everybody", "but", "girl", "hold", "be", "you", "you", "to", "you", "i", "girl", "ill", "just", "girl", "or", "we", "i", "dont", "i", "with", "highheel", "everybody", "but", "girl", "hold", "be", "you", "you", "to", "you", "i", "ride", "i", "dont", "i", "wont", "i", "i", "oh", "i", "ill", "my", "feeling", "i", "when", "cant", "for", "she", "what", "they", "they", "they", "fuck", "baby", "got", "gimme", "baby", "cause", "oh", "i", "shell", "all", "and", "and", "so", "we", "it", "to", "oh", "oh", "oh", "you", "and", "i", "you", "before", "and", "i", "ive", "i", "before", "when", "cause", "you", "and", "then", "to", "now", "and", "you", "but", "when", "he", "youre", "youre", "well", "and", "your", "and", "that", "now", "i", "i", "the", "i", "i", "the", "you", "and", "i", "you", "before", "and", "i", "ill", "time", "i", "you", "i", "now", "im", "cause", "i", "i", "until", "you", "the", "and", "you", "well", "and", "and", "that", "you", "i", "and", "he", "dont", "i", "ill", "just", "i", "dont", "cause", "i", "i", "until", "you", "the", "and", "you", "well", "and", "and", "that", "girl", "girl", "girl", "yes", "girl", "girl", "girl", "well", "and", "and", "that", "this", "but", "there", "cause", "shouldve", "im", "to", "now", "never", "did", "did", "now", "girl", "gotta", "when", "im", "to", "now", "never", "baby", "i", "i", "you", "you", "and", "but", "im", "im", "to", "now", "never", "im", "to", "now", "never", "there", "when", "for", "there", "things", "and", "i", "my", "i", "i", "and", "i", "i", "you", "no", "why", "i", "youd", "oh", "i", "and", "cause", "and", "i", "and", "and", "and", "and", "it", "and", "girl", "and", "and", "good", "and", "and", "and", "i", "let", "i", "let", "youre", "you", "youre", "just", "im", "is", "why", "cause", "and", "i", "i", "let", "i", "i", "let", "youre", "you", "theyre", "its", "for", "youre", "you", "i", "i", "let", "i", "i", "let", "i", "i", "let", "i", "he", "does", "let", "and", "aint", "aint", "and", "im", "just", "i", "i", "and", "ill", "doin", "baby", "cause", "im", "and", "shawty", "and", "aint", "aint", "and", "im", "just", "what", "oh", "i", "you", "im", "i", "i", "its", "i", "cant", "i", "im", "i", "ima", "give", "i", "i", "and", "these", "let", "look", "and", "now", "bring", "bring", "i", "i", "bring", "bring", "and", "just", "listen", "get", "i", "listen", "i", "so", "even", "just", "ill", "ill", "even", "let", "i", "take", "and", "take", "but", "im", "so", "bring", "bring", "i", "i", "bring", "bring", "and", "so", "listen", "get", "i", "listen", "give", "i", "so", "even", "just", "ill", "ill", "even", "shots", "blunts", "cabbed", "evictions", "blame", "just", "with", "youre", "and", "specially", "from", "you", "you", "you", "shes", "hipster", "if", "you", "cause", "you", "cause", "open", "xo", "xo", "xo", "xo", "i", "ah", "cause", "i", "when", "and", "and", "cause", "same", "but", "waken", "another", "cause", "and", "if", "you", "and", "you", "cus", "open", "dont", "well", "i", "oh", "girl", "and", "you", "but", "girl", "didnt", "i", "you", "well", "theres", "need", "i", "and", "and", "baby", "just"], "unforgiving": [" "], "lyrics": ["submitted", "submitted", "submitted"], "zone": [" "], "everything": ["you", "you", "your", " ", "you", "he", "you", "you"], "imma": ["give", "feen", "feen", "feen", "give", "give", "give", "give", "give", "give", "make", "make", "give", "give", "give", "give", "give", "give"], "young": ["and", " ", "and", "and", "hoe", "god"], "thursday": ["x2lyrics"], "crews": ["back"], "to": ["bitches", "say", "bitches", "say", "try", "try", "run", "say", "talk", "love", "the", "embrace", "weak", "break", "be", "see", "debauchery", "escape", "be", "be", "come", "come", "blind", "see", "start", "town", "go", "go", " ", "me", "the", "love", "return", "love", "being", "being", "go", "me", "do", "us", "see", "pass", "yours", "breathe", "relieve", "the", "be", "relieve", "relieve", "you", "the", "where", "pass", "meet", "concentrate", "breathe", "sleep", "meet", "let", "fucking", "meet", "show", "tease", "please", "roll", "have", "get", "them", "make", "me", "slow", "tease", "be", "ya", "ya", "me", "ya", "ya", "ya", "ya", "ya", "ya", "spend", "good", "let", "win", "let", "prove", "stop", "do", "lose", "prove", "let", "prove", "sleep", "do", "change", "go", "do", "do", "do", "anything", "burn", "the", "pluck", "the", "the", "pluck", "the", "you", "mama", "let", "you", "me", "play", "fall", "warn", "the", "do", "rehab", "feel", "judge", "judge", "trust", "the", "pluck", "the", "the", "pluck", "the", "you", "mama", "let", "you", "get", "find", "love", "live", "him", "me", "push", "be", "be", "hide", "have", "me", "hide", "have", "you", "go", "describe", "stay", "pick", "let", "let", "tell", "tell", "let", "let", "go", "let", "let", "let", "let", "know", "lie", "know", "never", "trust", "trust", "know", "know", "say", "say", "heaven", "you", "you", "you", "you", "waste", "you", "you", "you", "you", "you", "you", "you", "you", "you", "you", "you", "you", "you", "you", "you", "the", "remind", "confine", "remind", "remind", "remind", "her", " ", "myself", "watch", "myself", "your", "window", "find", "find", "pass", "meet"], "pov": [" "], "chewing": [" "], "present": ["and"], "smile": ["again", "again", "upon", "again"], "must": ["take", "do", "say"], "worth": ["it"], "sent": ["your"], "town": [" ", " ", "in"], "woman": [" "], "wished": ["me"], "song": ["when", "on", " ", " ", " ", " "], "far": [" ", "in", "in", " ", " ", "i", " "], "void": ["now"], "carefree": [" "], "subject": ["of"], "wave": ["not", "not", "not"], "every": ["time", "move", "man", "musician\u2019s", "day", "day", "day", "last", "time"], "decide": ["to"], "fall": [" ", " ", " ", "in", "in", "in", "in", "in", "in", "in", "in", "in", " ", " "], "mixing": ["up"], "ma": ["ill", "ill", "ill"], "drinking": ["out"], "month": [" "], "screaming": ["that"], "minute": [" ", "baby", "baby", "baby", "baby"], "room": ["trying", " ", "i", "i", "you"], "four": [" ", " "], "heaven": ["will", " "], "magic": [" ", " "], "went": ["so", "so", "did", "and", "on"], "level": [" "], "did": [" ", "i", "it", "her", "many", "many", "you", "you", " "], "die": ["tonight"], "notes": [" "], "wednesday": ["friday"], "gum": ["chewing"], "things": ["that", "that", "that", "that", "you"], "try": ["to", "to", "to", "to", "to", "to", "to"], "sang": ["a"], "oroxco": [" "], "settle": ["with", "with"], "oooh": [" ", " ", " ", "the"], "you\u2019ll": ["never", "be"], "havent": ["been"], "round": ["dont"], "clothes": ["off", "off", "the", "the", " ", "you"], "ahead": ["and"], "unexpected": [" ", " "], "says": ["there\u2019s"], "regret": ["are", " "], "tired": ["you"], "harder": ["tonight"], "feathers": ["off", "of", "off", "of"], "direct": ["with"], "boots": [" ", "off"], "cash": ["on", "on", " "], "past": ["five", "five", "five"], "louder": [" "], "video": ["feed"], "pass": ["around", "around", "so", "around"], "denims": [" "], "patient": [" "], "\u2018cuz": ["baby", "baby"], "even": ["though", "though", "though", "better", "though", "though", "though", "though"], "90s": ["are", "are"], "what": ["you", "the", "anyone", "went", "you", "you", "you", "burn", "youre", "you", "you", "youre", "youre", "ya", " ", "you", "we", "you", "you", "you", " ", "you", "you", "you", "he", "you", "you", "the", "im", "makes", "makes", "you", "you", "the", "im", "we", "i", "you", "i", "i", "you", "i", "you"], "hide": ["it", "your", "your", " ", " "], "pace": [" "], "filles": [" "], "pleased": [" "], "ringin": ["up"], "waiting": ["home"], "stuffed": ["in"], "eventually": [" "], "cars": ["the", "the"], "reply": ["i"], "falling": ["down", "down", "down", "to"], "order": [" "], "ever": ["since", "fuckin", "your", "since", "got", "go", "do", "go", "do", "call", "call", "call", "got", "see", "do", "do"], "bird": [" ", " ", " "], "filled": ["with"], "told": ["me", "me", "me", "me", "me", "me", "me", "me", "me"], "body": [" ", " ", " ", " ", " ", " ", " ", " ", " ", " ", " ", " ", " ", " ", "body", " ", "body", " ", "moves", "wants", "wants", " ", "yeah", "baby", "baby"], "unrestrainted": ["touch"], "million": ["bucks", "bucks"], "hash": [" "], "months": ["ago"], "seethat": ["im"], "doing": ["this", "promo"], "never": ["be", "be", "be", "make", "fuckin", "walk", "walk", "walk", "walk", "walk", "walk", "get", "ever", "falls", "sour", "ever", "thought", "last", "thought", "thought", "last", "thought", "ever", "thought", "felt", "felt", "felt", "felt", "thought", "know", "thought", "fucking"], "sins": [" ", "and"], "here": ["times", " ", "for", " ", "and", "and", "and", "but", "comes", "comes", "comes", "to", " ", "like", " ", " ", " ", " ", "and"], "motherfucker": ["im"], "arms": [" ", " ", " "], "met": ["you"], "protection": [" "], "let": ["me", "it", "go", "go", "go", "go", "go", "go", "go", "go", "you", "you", "you", "you", "me", "you", "you", "me", "you", "you", "you", "you", "you", "you", "you", "you", "you", "the", "it", "it", "it", "it", "it", "it", "it", "me", "my", "me", "me", "me", "me", "you", "you"], "smokin": ["somethin"], "meet": ["my", "my", "my", "my"], "alone": [" ", " ", "she", " ", "na", " ", " ", "for", "for", "for", " ", " ", " "], "sing": ["no"], "strong": ["on", "on"], "touchin\u2019": ["me"], "change": ["bladder", "my"], "celebration": [" "], "box": ["we", "we"], "waste": ["this"], "kids": ["who"], "flames": [" "], "credits": [" "], "didnt": ["know", "have", "think"], "k": ["special"], "highheeled": ["shoes"], "experience": ["some"], "goin\u2019": ["hard"], "outsidelyrics": ["submitted"], "melyrics": ["submitted", "submitted"], "smoke": ["choking", "up"], "misery": ["was"], "x8lyrics": ["submitted"], "priceless": ["to"], "share": [" ", " "], "makes": ["you", "that"], "sayin": ["nothin\u2019", "nothin\u2019"], "thats": ["real", "real", "for", "the", "the", "the", "the", "the", "the", "the", "the", "the", "the", "the", "the", "for", "my", "my"], "friendzone": [" "], "motherfucking": ["weed", "words", "love", "word", "love"], "love": ["is", "is", "is", "you", " ", "in", "no", "oh", "it", "it", "it", "it", " ", "oh", "it", "it", "it", "it", "oh", "it", "it", "it", "it", "what", "pain", "when", "would", " ", "when", "would", " ", "the", "us", "to", " ", " ", "sleeping", " ", " ", " ", " ", " ", " ", "with", " ", "with", " ", " ", "with", "with", "it", "it", "it", "it", "it", "it", " ", " ", " ", " ", " ", "just", "with", " ", "you", "you", "you", "you", "with", " ", "with", " ", "with", " ", "with", " ", "you", "it", "you", "with", "her", "baby", "you", "me", "me", "me", "me", "to", "baby", "you", "me", "me", "me", "melyrics", " ", " ", "it", " ", " ", "to"], "morals": ["girl"], "extra": ["packs"], "win": ["a", "your", "my"], "confession": ["to"], "feelings": ["behind"], "ask": ["why", "me", "how", "me", "how", "me", "how", "me", "me", "me", "me", "me"], "you\u2019re": ["finished", "rolling", "rolling", "rolling", "rolling"], "send": ["me", "me"], "x2lyrics": ["submitted"], "passin": ["you"], "ain\u2019t": ["the", "sayin", "sayin", "makin", "nobody"], "cloud": ["yet"], "woah": [" "], "yourself": ["lady"], "retarded": [" "], "use": ["to", "to"], "wanted": ["to"], "from": ["me", "the", "the", "another", "you", "the", "you", "you", "my", "my", "you", "me", "your", "that", "the", "you"], "hears": ["him", "him", "him"], "would": ["be", "be", "end", "get", "end", "you", "give", "ever", "ever", "give", "you"], "gere": ["i", "i", "i", "i"], "tears": ["and", "keep", "keep", "keep"], "next": ["man", "man", "man", "mans", " ", "baby", " ", " ", "baby", " ", " ", "ooh", " ", " ", " ", " ", " ", " ", " ", " ", " ", " ", " ", " ", " ", " "], "wrongs": ["she"], "live": [" ", "with", "with", "life", "for"], "call": ["on", "your", "unexpected", "unexpected", "one", " ", " ", "it", "you", "you", "you", "you", "you", "you", "you", "you", "you", " ", " ", "it", "away", "you", "away", "you", "me", "me"], "until": ["the", "you", "the"], "teeth": ["and"], "he\u2019s": ["not", "slepping", "still"], "type": ["girl"], "tell": ["me", "that", "em", "us", "that", "me", "me", "me", "myself", "that", "your", "the", "me", "me", "me", "me"], "emptied": ["out"], "more": ["inside", " ", " ", " ", "to", "crying", "i", "i", " ", "lost", "bread"], "breathe": [" ", " ", " "], "plug": ["any"], "popped": ["that"], "diamond": ["glow", "rings", "rings"], "door": [" ", "before", " ", " ", "blame"], "knows": ["when"], "lungs": ["so"], "sessions": ["are", "are"], "club": [" ", " ", " "], "oscar": [" "], "jai": ["pleure", "pleure"], "laundry": [" "], "ageless": [" "], "downtown": ["for", "and"], "phone": ["to", " ", "would", " ", " "], "everywhere": [" "], "complacent": [" ", " ", " "], "rushin": ["throughout"], "baby": ["do", "do", "i", "dont", "touch", " ", " ", "touch", " ", " ", "breathe", "girl", "get", "you", "now", " ", "close", " ", "if", "i", "you", "come", "you", "come", "come", "take", "the", " ", " ", " ", "its", "i", "i", "you", "you", "you", "you", "you", "you", "you", "you", "you", "youre", "cream", "like", "just", "waiting", "keep", "i", "i", "i", "who", " ", " ", "girl", "what", "keep", "i", "i", "i", "who", "i", "i", "i", "girl", "i", "when", " ", "when", "when", "when", "right", " ", "dont", "just", " ", "ride", " ", "ill", " ", "dont", "just", "livin", "if", "bet", " ", "ive", "ive", "girl", "i\u2019m", "right", " ", "dont", "just", " ", "ride", " ", "ill", " ", "dont", "just", "livin", "if", "girl", "if", "but", " ", "leave", " ", "i", "i", "i", "i", " ", "i", "i", "i", "i", "you", "come"], "hold": ["you", "of", "tight", "your", "your", "of", "of", "your", "your", "onto"], "bathroomla": ["oooooh"], "glad": ["were", "were", "were", "were", "were", "were"], "creeping": ["out"], "me": ["bout", "puttin", "feeling", "touchin", "touchin", "puttin", "feeling", "touchin", "touchin", "cryin", "shit", "babe", "babe", " ", "for", "is", "to", "for", "is", " ", "for", "is", "for", "is", "at", "the", "dont", "dont", "youll", "at", "the", "dont", "dont", "youll", "dont", "dont", "youll", "stay", " ", "be", " ", "deep", "so", "in", "a", " ", " ", " ", "what", "on", "here", "feel", " ", "all", "to", "while", "feelin", "gum", " ", " ", " ", "right", " ", "doinq", "in", "all", "cause", "cause", "cause", "cause", "cause", "cause", "cause", "cause", "cause", "cause", "cause", "smoke", "pop", " ", "cause", "cause", "cause", "cause", "cause", "cause", "cause", "cause", "cause", "cause", "cause", "with", "redder", "if", "if", "if", "his", "show", " ", " ", "drowning", "drowning", "she", "fucking", "now", "now", "now", "right", "how", "how", "now", "playin", "right", " ", "make", "make", " ", "make", " ", " ", "make", "make", " ", "make", " ", "the", "not", " ", " ", "yeah", "not", " ", " ", "babe", "off", "not", " ", " ", "yeah", "not", " ", " ", "babe", "not", " ", " ", "yeah", "not", " ", " ", "babe", " ", " ", "drowning", "drowning", "she", "fucking", "feel", " ", "good", " ", " ", "in", "in", "in", "in", "in", "in", "feel", "off", "to", "on", "talking", " ", " ", "on", "on", "on", " ", " ", "baby", " ", " ", "take", " ", " ", "knock", "your", "your", "see", "motherfucking", "off", " ", "you", " ", " ", "you", " ", " ", " ", "see", "motherfucking", "off", " ", "all", "you", " ", " ", "you", " ", " ", "that", "cause", " ", " ", " ", " ", " "], "topic": ["of"], "fore": ["i"], "anything": ["its", "its", "you", "that\u2019ll"], "hour": [" "], "niggas": ["think", "out", "these"], "this": ["way", "way", "hell", " ", "is", "my", "i", "i", "i", "time", "would", "but", "would", "real", "ride", " ", " ", " ", " ", " ", "shit", "little", "piff", "motherfucking", "cognac", " ", "game", "for", "game", "time", "every", "often", "often", "every", "often", "often", "every", "often", "often", "ain\u2019t", " ", "feeling", "aint", "far", "long", "far", "far", "long", "too", " ", "feeling", "money", "aint", "house", "kind", "than", "precious", "idea", " ", "cash", " ", " ", " ", "far"], "indifference": [" "], "ride": [" ", "it", "it", "it", "it", "it", "inside", "baby", "baby", "with", "with", "baby", "baby", "with", "with", "it", "itlyrics"], "work": ["it", "it", "you", "you", "that", "you"], "soul": ["grew"], "pour": ["it"], "offended": ["when"], "sour": ["im"], "can": ["taunt", "read", "see", "take", "win", "have", "have", "make", "have", "make", "do", "talk", "be", "fuck", "have", "have", "have", "be", "have", "have", "have", "be", "do", "make", "have", "make", "make", "slowly", "see", "tell", "have", "share", "just", "have", "take", "have", "share", "just", "have", "provide", "provide", "always", "provide", "provide", "get", "tell", "hear", "see", "see", "always", "find", "we", "we", "always", "find", "have", "make"], "cam": ["can"], "learn": ["to", "to"], "im": ["lying", "used", "so", "so", "crazy", "thinkin", "lying", "used", "so", "so", "so", "so", "not", "trying", "killing", "in", "not", "killing", "not", "killing", "not", "killing", "with", "with", "with", "with", "with", "with", "so", "so", "ugly", "faded", "only", "numb", "gone", "creeping", "livin", "better", "only", "raw", "raw", "your", "not", "not", "too", "next", "next", "next", "next", "next", "next", "next", "next", "next", "next", "next", "too", "next", "next", "next", "next", "next", "next", "next", "next", "next", "next", "next", "a", "never", "just", "fucking", "sittin", "poppin", "just", "fucked", "fucked", "fucked", "fucked", "just", "fucked", "fucked", "fucked", "fucked", "fucked", "fucked", "fucked", "fucked", "fucking", "sittin", "everything", "not", "so", "so", "so", "so", "so", "so", "so", "so", "so", "so", "so", "on", "the", "looking", "the", "always", "with", "in", "inside", "staring", "fucking", "warning", "on"], "my": ["niggas", "soul", "heart", "goodbye", "face", "face", "face", "face", "face", "face", "baby\u2019s", "favorite", "favorite", "little", "side", "lungs", "denims", "black", "eyes", "brim", "niggas", "heart", "boys", "writings", "peak", "heart", "boys", "mouth", "heart", "boys", "brain", "niggas", "face", "mind", "dairy", "baby", "cash", "cash", "baby", "baby", "love", "city", "god", "pocket", "eyes", "sessions", "love", "potential", "attention", "wrist", "phone", "life", "life", "life", "tempo", "sessions", "love", "potential", "attention", "wrist", "face", "arms", "denial", "waist", "sheets", "arms", "denial", "arms", "denial", "fate", " ", "home", "name", "number", " ", "home", "sheets", " ", "home", " ", "home", "hand", "lies", "skin", "need", "girl", "cards", "shame", "pain", "heart", "scares", "motherfucking", "shame", "pain", "hear", "scars", "motherfucking", "cloud", "heart", "boys"], "coulda": ["been", "simply"], "unconditional": [" ", " "], "pick": ["up", "up", "my"], "beautiful": ["and"], "heart": ["is", "turn", " ", "rates", " ", " ", " ", " ", " ", "right", " "], "crazy": ["cause", " "], "od": ["before", "before"], "baby\u2019s": ["at"], "give": ["you", "it", "it", "it", "it", "it", "it", "it", "it", "it", "it", "it", "it", "it", "me", "it", "to", "to", "to", "to", "you", "you", "a", "you", "me", "me", "you", "you", "you", "you", "you", "you", "me", "you", "you"], "rode": ["the", "the", "the"], "fuck": ["you", "what", "me", "you", "with", "faces", "you", "these", "it", "these", "it", " "], "now": ["she", "you", " ", "ride", "i", "you", "you", "baby", "baby", "im", " ", "ive", " ", "im", " ", "i", "i", " ", " ", "you", "you", "your", "you", "you", "you", "you", "you", "you", "im"], "days": [" ", " ", "did"], "high": ["for", "for", "for", "for", "for", "for", "off", " ", " ", " "], "heard": ["baby", "me", "that"], "stared": ["into"], "something": [" ", "i", "i", "i", "to", "bigger", "stronger", "bigger", "stronger", "bigger", "stronger", "from", "that"], "want": ["me", " ", " ", "to", "to", "my", "my", "my", "the", "it", " ", "you", "you", "you", " ", "me", "me", "me", "me", "me", "me", "me", "me", "me", "me", "me", "you", "you", "you", " ", "me", "me", "me", "me", "me", "me", "me", "me", "me", "me", "me", "it", "it", "it", "it", "it", "it", "we", "what", "my", "my", "a", "we", "what", "my", "my", "me", "you", "you", "in", "you", " ", "me", "my"], "bucks": ["before", "before"], "times": ["before", "in", "she", "she", "she", "three"], "robinson": [" "], "simple": ["baby", " ", " ", "baby"], "dairy": ["queen"], "exman": ["hollering"], "needs": ["to"], "sip": ["slow"], "end": ["of", "of", "of", "up", " ", "how", "your", "or", "of", " ", "of", "of"], "turn": ["dead"], "rather": ["be", "be", "be", "this"], "comfort": ["me"], "moves": ["on", " "], "stayed": [" "], "id": ["rather", "forget", "rather", "rather", "go", "ever", "ever", "ever", "feel", "go"], "till": ["you", "im"], "sunday": [" "], "responsibility": [" "], "answer": ["your"], "quon": [" ", " "], "that\u2019s": ["so"], "shouldnt": ["have"], "okay": ["girl", "cause", "we"], "tried": ["to"], "may": ["cry", "cry", "cry", "cry", "cry", "cry", "never"], "stop": [" ", "calling", "calling", "until", "us", "us", "us", "us"], "sacrifice": ["your"], "after": ["the", "the", "four", "four", "time", "me"], "sneak": ["pictures"], "wrong": ["reasons", "reasons", "with", "reasons", "reasons", "so", "im", "to", "im", "to", "im", "im", " ", "im", "to", "im", "to"], "hoe": ["you"], "wrist": [" ", " "], "floor": ["loft", "loft", " ", " ", " ", " "], "numb": ["the", " ", " ", "from", "and", "to"], "coming": ["back", "sent", " "], "date": [" "], "such": ["a"], "ovo": ["and"], "repeat": ["after"], "man": [" ", " ", " ", " ", "ooh", "on", "went", "it", "on", " "], "a": ["flame", "last", "life", "star", "smile", "masochist", "hold", "seat", "seat", "fuckin", "world", "song", "woman", "fucking", "test", "lot", "week", "test", "lot", "puff", "shot", "test", "lot", "chance", "dream", "buzz", "problem", "loft", "star", "star", "date", "kiss", "nigga", "ring", "nigga", "ring", "taste", "taste", "monday", "young", "whole", "pro", "big", "minute", "room", "minute", "million", "brand", "thing", "nigga", "bird", "nigga", "hold", "hold", "nigga", "bird", "nigga", "relapse", "big", "minute", "room", "minute", "million", "brand", "crown", "throne", "long", "couple", "thing", "frozen", "crown", "throne", "box", "call", "day", "box", "call", "home", "month", "time", "mans", "shame", "damn", "mark", "shot", "nigga", "goddess", "thing", "brand", "mess", "thing", "test", "lot"], "somethin": ["much"], "remember": ["the", "on", "who"], "third": ["man"], "light": ["will", " "], "noises": ["in"], "lines": [" "], "lost": ["some", " ", "your"], "slepping": ["with"], "motherfuckers": ["want"], "provide": ["i", "for", "i", "for"], "so": ["glad", "glad", "glad", "glad", "comfort", "glad", "glad", "much", "young", "wrong", "blind", "take", "won\u2019t", "to", "carefree", "use", "i", "ima", "you", "use", "i", "ima", "you", "baby", "muddy", "i", "ill", "codependent", "unforgiving", "potent", "wet", "baby", "amy", "she", "keep", "let", "let", "baby", "keep", "let", "let", "vicious", "often", "often", "often", "you", "mama", "long", "don\u2019t", "don\u2019t", "simple", "mama", "good", "priceless", "good", "well", "well", "well", "well", "wrong", "wrong", "damn", "wrong", "wrong", "damn", "wrong", "wrong", "wrong", "wrong", "wrong", "damn", "wrong", "wrong", "damn", "hard", "weak", "tell", "put", "let", "tell", "much", "much"], "goodbye": ["with"], "keeps": ["gaining", "me", "me", "me", "calling"], "fan": ["after", " "], "dream": ["world"], "thinkin": ["bout", "that"], "talk": ["at", "about"], "feed": ["can"], "six": ["feet", "feet", "feet", "feet"], "shoes": ["make", " ", "make", "make", " ", "make", " "], "torturous": ["love"], "over": ["here", "here", "here", "now", "you", "my", "here"], "move": [" "], "denial": ["keeps", "keeps", "keeps"], "years": ["of"], "brain": [" ", "meltin", "all", " "], "already": ["gone"], "through": ["the", "my", "the", "my", "the", "your", "the", "the", "your", "the", "the", "the", "me", "my", "the", "the"], "debauchery": [" "], "brim": ["low"], "committed": [" "], "hell": ["im"], "cold": ["and", "and"], "still": ["in"], "its": ["gonna", "kinda", "okay", "riveting", "riveting", "fucking", "keys", "okay", "okay", "like", "your", "half", "halfpast", "decaf", "half", "halfpast", "half", "halfpast", "your", "over", "true", "true", "true", "a", "my"], "wayslyrics": ["submitted"], "before": [" ", "you", "and", "and", " ", "i", " ", "i", "i", "i", "i"], "perfect": ["til", " "], "laced": [" "], "unshackled": ["bind"], "20": ["girl", "different"], "21": ["so", "but", "but"], "mais": ["ce", "ce"], "how": ["all", "this", "you", " ", "to", "to", "many", "i", "i", "many", "i", "i", "many", "i", "i", "you", "you", " ", "you", "you"], "talkin": ["bout"], "dancin": ["baby", "dancin", " ", "dancin", "keep", " ", "baby", "dancin", " ", "dancin", "keep", " "], "expectations": ["were"], "edge": ["of", "of", "of"], "better": ["keep", "than", "than"], "window": ["shop"], "choose": ["to"], "decaf": [" "], "bout": ["your", "us", " ", "to", "it", "it", "me", "it", "it", "me", "us", "a", "a"], "talkin\u2019": ["\u2019bout", "\u2019bout"], "might": ["be", "be", "get", "get", "be", "know"], "lowlow": [" "], "fool": [" ", " "], "then": ["pour", "sip", "tip", "i", "we", "girl", "i", "i", "you", "the"], "them": ["call", "white", "teeth", "keys", "right", "sneak", "all", "shoes", "stairs", "all", "all", "shoes", "stairs", "all", "highheeled"], "lonely": ["night"], "somebody": ["thats", "thats", "to", "else"], "ya": ["clothes", "talking", "fuckin", "brain", "got", "finger", "to", " ", "hand", "finger", "to", " ", "to", " ", "to", " ", "you", "you", "body", "mind", "face", "side", "mind"], "zoning": ["for"], "feelin": ["kinda"], "break": ["it", "this", "it", "it"], "band": [" "], "promis": ["you"], "they": ["warned", "got", "want", "know", "not", "come", "will", "will", "high", "love", "want", "want", "want", "dont", "just", "want", "dont", "just", "dont", "wont"], "party": ["won\u2019t", " ", " ", " ", " ", " ", " ", " ", " ", " ", " "], "not": ["trying", "the", "the", "the", "the", "coming", "in", "down", "on", "as", "tryna", "so", "so", "so", "beg", "beg", "feel", "feel", "feel", "feel", "feel", "feel", "beg", "beg", "embarrassed", "a"], "spend": ["tonight", "my", "my", "it"], "day": [" ", " ", "all", " ", "i", "need", "i", "i", " ", "took", " ", "shift"], "bigger": ["than", "than", "than"], "bread": ["\u200enow"], "wont": ["find", "be", "know", "ever", "you", "you", "stop", "care", "care", "let"], "embarrassed": ["to"], "name": [" ", "on", "on", " "], "everytime": ["you"], "warned": ["me"], "drop": ["it", "it"], "mistrust": [" "], "ambistaytrue": [" "], "sin": [" "], "victory": [" ", " "], "rock": ["it"], "veins": [" ", " "], "found": ["out", "your"], "ducking": ["left"], "bills": ["and", "and", "and"], "side": ["tonight", " ", " ", " ", " ", "wet"], "mean": ["a"], "em": ["thinkin", "wanting", "out", "is", "where", "through", "the", " ", "and"], "status": [" "], "oui": ["jai", "jai"], "evictions": ["on"], "weight": ["off"], "diana": ["walked", "no"], "house": [" ", " ", "send", "is"], "hard": ["to", "baby", "to", "to", "as", "since", "with", "with", "to"], "yeah": ["this", " ", " ", "yeah", "yea", "all", "all", "ooh", "ooh", " ", "ooh", "ooh", " ", "we", "i", " ", " ", "you", "you", " ", " ", " ", " ", "oh", "oh", "x4", " ", " "], "lights": ["passin"], "unlock": ["the"], "finish": ["it\u2019s"], "begun": [" "], "forgot": ["the"], "our": ["love", "love", "credits", "business", "souls"], "girl": [" ", "im", "im", "im", "im", "im", "im", "youre", "you", "you", "you", "i", "youre", "i", "i", "was", "i", "what", " ", "i", "imma", "imma", "you", "i", "you", "i", "i", "i", "been", "i", "i", "i", "i", "i\u2019m", "you", "i\u2019ll", "and", "alright", "oh", " ", "i", "pick", "bring", "oh", " ", "i", "oh", " ", "oh", " ", "oh", " ", "oh", " ", "oh", " ", "call", "oh", " ", "oh", " ", " ", "i\u2019ve", "i\u2019m", "i\u2019m", "hide", "and", "alright", "oh", " ", "i", "pick", "bring", "oh", " ", "i", "oh", " ", "oh", " ", "oh", " ", "oh", " ", "oh", " ", "call", "oh", " ", "oh", " ", "lyrics", "its", "i", "i", "i", "i", "i", "i", "you", "ooh", "dont", " ", " ", " ", " ", "back", "the", "it"], "perfume": [" "], "thick": ["smoke"], "doinq": ["anything"], "really": ["if", "going"], "leave": ["me", "my", "the", "cause", "you", "that", "now", "it", "it", "it", "it", "it", "it", "it", "it", "it", "it", "it", "it", "them", "a"], "shown": ["you"], "gon": ["play", "seethat", "make", "make", "have", "stop", "stop"], "nigga": ["thatll", "buy", "buy", "like", "like", "like", "like", "like", "like"], "driving": ["through"], "twice": ["a"], "god": [" ", "white"], "since": ["i", "your", "last", "you"], "confine": ["you"], "looking": ["for", "for", "down", "up"], "promo": [" "], "race": ["your", "your"], "cest": ["toi", "toi"], "hollering": ["keep"], "got": ["me", "me", "me", "me", "me", "me", "me", "me", "you", "you", "you", "you", "you", "accustomed", "em", "em", "a", "the", "me", "her", "you", "a", "a", "me", "a", "a", "a", "a", "your", "if", "him", "him", "a", "a", "everything", "my", "memories", "alot", "to", "memories", "you", "it", "what", "your", "it", "you", "it", "what", "your", "it", "you", "it", "you", "you", "it", "it", "me", "me", "it", "it", "it", "it", "a", "no", "her", "it", "it", "it", "it", "it", "a", "a", "you", "it", "what", "your", "it", "you", "it", "what", "your", "it", "you", "it", "you", "you", "it", "it", "me", "me", "it", "it", "it", "it", "a", "no", "her", "it", "it", "it", "it", "it", "a", "nothing", "a", "you", "nothing", "a", "you", "everything", "my", "my", " ", "my", "my", " ", "no", "a", "a", "a"], "we\u2019re": ["all", "all"], "cause": ["they", "im", "every", "im", "your", "i", "i\u2019m", "i", "i", "girl", "girl", "i", "i", "girl", "we", "you", "i", "ive", "this", "you", "im", "everything", "i", "in", "her", "im", "im", "im", "im", "im", "im", "im", "im", "im", "im", "im", "im", "im", "im", "im", "im", "im", "im", "im", "im", "im", "im", "i", "you", "i", "you", "unlike", "unlike", "i", "i", "i", "tonight", "i", "i", "if", "all", "i", "these", "she"], "red": ["but", " ", " "], "ass": ["pills", "up", "up", " "], "what\u2019s": ["in"], "unless": ["you", "its"], "turning": ["23"], "conchas": [" "], "crawling": [" ", " ", " "], "mist": [" ", " "], "buzz": ["mix"], "friday": ["saturday"], "tempo": [" "], "little": ["life", "room"], "vicious": [" "], "control": ["when"], "taught": ["you"], "put": ["some", "a", "that", "your", "all", "all", "you", "your", "down"], "teach": ["you"], "pretend": ["you", "then", " ", "to", "to", "to"], "beginning": ["heartbeats", " "], "care": ["what", "what", "for", "for", "for", "for", "enough", " ", " "], "renee": ["robinson"], "drowning": ["in", "in", "from", "in", "in", "from"], "miss": ["me"], "spill": ["it", "it"], "could": [" ", "tell", "teach", "have", "have", "have", "keep", "play", "never", "ever", "never", "last", "ever", "keep", "play", "put", "put", "let", "bring", "bring", "bring", "bring", "bring", "bring", "bring", "bring"], "scars": ["painted", "right"], "count": ["on"], "keep": ["on", "on", "touchin", "up", "up", "falling", "falling", "falling", "em", "him", "dancin", "dancin", "dancin", "dancin", "dancin", "dancin", "dancin", "dancin", "it", "our", "on", "it", "it", "it", "saying"], "thing": ["that", " ", "i", "to", "with", " ", " ", " ", " "], "lie": ["with", "with", " ", " ", "with", "with", " "], "place": [" ", "i", "i"], "onto": ["your"], "think": ["i", "im", "im", "im", "you", "you", "you", "you", "you", "you", "you", "you", "im", "that", "you", "im", "i", "id"], "fuckin": ["oscar", "hid", "know", "show", "seat", "20", "goons"], "first": ["place"], "blind": ["and", "to"], "frozen": ["heart"], "dont": ["worry", "worry", "worry", "worry", "worry", "worry", "pay", "pay", "pay", "pay", "need", "you", "go", "wanna", "you", "you", "you", "you", "you", "you", "know", "need", "roll", "roll", "mind", "mind", "mind", "mind", "think", "think", "think", "think", "think", "think", "think", "wanna", "work", "work", "mind", "you", "exist", "know", "need", "get", "answer", "need", "rush", "make", "make", "matter", "be", "you", "gotta", "be", "you", "gotta", "be", "want", "seem", "be", "you", "gotta", "be", "you", "gotta", "be", "want", "pretend", "you", "you", "pretend", "belong", "know", "know", "hold", "gotta", "gotta", "give", "have", "have", "have", "love", "love", "love", "love", "love", "wanna", "blame", "know", "let", "you", "you", "you"], "simply": ["kept"], "feel": ["my", "my", "my", "my", "my", "my", "like", "this", "it", "it", "that", "it", "it", "you", "me", "me", "like", "me", "me", "me", "me", "so", "so", "this", "the", "our", "like"], "feen": ["imma", "imma", " "], "number": ["one", "twice"], "one": ["and", "of", "night", "fan", " ", " ", " ", "call", "will", "call", "night", "call", "will", "call", "night", " ", " ", " ", " ", "gon", "gone", "gon", "gone"], "feet": ["tall", "tall", "tall", "tall"], "andit": ["could"], "pop": ["your"], "pleure": ["mais", "mais"], "done": [" ", "with", "with", " ", " ", " "], "bitch": ["wants"], "another": ["cup", "round", "shot", "bird", "girl", "level", "hundred", "room"], "comin": ["right", "right"], "sounds": ["foreign"], "cups": ["sodas", "baby", "baby"], "open": ["to", "up", "up"], "tomorrow": ["you", "you"], "blunts": ["to"], "specially": ["when"], "city": ["on", " ", "have", "with", "im"], "story": ["you"], "long": [" ", " ", " ", " ", "while", " ", "ago"], "needed": ["you"], "top": ["forget", "that"], "night": ["lovin\u2019", " ", " ", " ", " ", " ", " ", "with", "she", "shes", "when", "she", "shes", "when", "she", "shes", "when", "til", "trying", " ", " ", " ", " ", " ", " ", " ", "long", " ", " ", "life"], "girls": ["keep", "born", "born", "that", "tryna", "never", "tryna", "never", "all", "go", "go"], "least": ["well", "well", "well"], "anyone": ["said"], "their": ["body", "sins", "faces"], "toi": ["quon", "quon"], "tragic": [" ", " "], "too": ["far", " ", "high", "high", "raw", "far", "far", "long", "good", "shy", " ", "high"], "passed": ["my"], "mama": [" ", "please", " ", "please"], "rates": ["low"], "white": ["cups", "he"], "legs": ["around"], "store": [" ", " ", " ", " "], "listen": ["ma", "ma", "maill", "ma"], "curtains": ["comes"], "eyes": [" ", " ", "red", " ", " ", "the", " ", " ", "that", "are"], "shell": ["be", "always", "be", "always", "never", "never", "never", "never", "never", "never", "probably", "probably", "never"], "lot": ["you", "of", "of", "of"], "that": ["were", "were", "were", "they", "im", "ive", "you", " ", "im", "we", " ", "im", "im", "you", "you", "i", "lonely", "talking", "you", "through", "i", "shes", "shes", "xo", "rum", "door", "two", "all", "xo", "back", "weed", "lean", "im", "north", "up", "ovo", "xo", "two", "we", "they", "diamond", "i", "youll", "you", "pussy", "ive", "ive", "pussy", "pussy", "pussy", "pussy", "nigga", "girl", "the", "pussy", "pussy", "pussy", "pussy", "pussy", "pussy", "zone", "we\u2019re", "shit", "you", "we", "unconditional", "this", "i", "you", "i", "you", "ill", "ill", "ill", "unconditional", "i", "i", "youre", "youll", "i", "i", "ill", "i", "i", "youll", "youve", "i", "i", "youll", "youll", "he", "he", "theyll", "i", " ", "im", "ass", " ", "shit", "you", "you", "k", "money", "i"], "patron": [" "], "slingin": ["i"], "bliss": ["got", "got"], "nobody": ["got", "got", "nobody", "but", "nobody", "but", "here", "showed", "gonna", "needs", "gonna"], "took": ["your", "the"], "serotonin": [" "], "because": ["i", "he\u2019s"], "x2": [" ", " "], "kept": ["me"], "believe": ["what", "that", "it", "it", "i", "i", "in", "in", "it", "in", " "], "convinced": ["we", "we"], "than": ["your", "the", "beefer", "the", "the", "be", "love", "trust", "love", "trust", "love", "trust"], "x4": [" "], "neck": ["down", "when"], "loved": ["me", "me", "me", "me", "you"], "kind": ["of", "of", "before", "before", "of"], "grew": ["cold"], "i\u2019ll": ["be", "be", "let", "pretend"], "matted": [" "], "gotta": ["taste", "keep", "taste", "keep", "wait", "check", "check", "confession", "ask", "ask", "ask", "ask", "change", "know", "know", "go"], "beg": ["you", "you", "you", "you"], "submitted": ["by", "by", "by", "by", "by", "by", "by", "by", "by", "by", "by", "by", "by", "by", "by", "by"], "don\u2019t": ["care", "you", "you", "make", "make", "make", "lie", "lie", "you", "make", "make", "make"], "future": ["dont"], "flame": [" "], "friend": [" ", "with"], "were": ["in", "acquainted", "acquainted", "in", "acquainted", "acquainted", "acquainted", "in", "acquainted", "acquainted", "acquainted", "perfect", "deep", "broken", "broken", "not", "scared", "goin", "you", "lost"], "cards": ["to"], "feeling": ["this", "this", " ", " ", " ", "like", "i", "ima", "like", "i", "ima"], "bet": ["you", "youd", "youll", "youll"], "and": ["right", "drink", "torturous", "mistrust", "the", "in", "my", "fucking", "gave", "i", "shell", "stay", "i", "shell", "i", "fame", "i", "learn", "gather", "the", "heaven", "home", "the", "be", "the", "you", "baby", "expectations", "i", "you", "its", "you", "all", "she", "all", "i", "tears", "he", "it", "she", "i", "tears", "tears", "they", "the", "the", "ill", "all", "i", "its", "we", "if", "ride", "we", "if", "ride", "ride", "that", "the", "the", "if", "the", "then", "we", "if", "find", "regret", "baby", "your", "nothings", "play", "imma", "imma", "imma", "imma", "thought", "you", "i", "i", "understand", "i\u2019ve", "i\u2019mma", "i", "i\u2019mma", "you", "i\u2019mma", "its", "ima", "all", "if", "i", "now", "you", "fucked", "keep", "all", "its", "ima", "all", "if", "you", "you", "you", "oh", "you", "it", "you", "you", "i", "youre", "my", "i", "i", "youre", "my", "youre", "my", "lay", "theres", "nobodys", "nobodys", "nobodys", "i", "nobodys", "i", "i", "i", "nobody", "youre", "let", "repeat", "bad", "tonight", "tomorrow", "tomorrow", "ima", "ima", "he", "i", "ima", "ima", "i", "shell", "i", "thats", "get", "thats", "party", "it", "your", "woah", "youre", "you", "the", "if", "who", "we", "if", "ride"], "halfpast": ["five", "five", "five"], "piff": ["so"], "ran": ["to"], "codeine": ["methazine"], "pro": ["baby"], "turned": ["around"], "lovin\u2019": ["thing"], "tonight": [" ", "alone", "tonight", " ", " ", "and", " ", " ", "i", "ill"], "talking": ["dirty", "bout", " "], "say": ["that", "that", "that", " ", "you", "you", "you", "you", "you", " ", "the", "the"], "buy": [" ", " "], "torment": ["and"], "ras": ["slides"], "have": ["stayed", "the", "prestige", "to", "it", "it", "it", "to", "20", "it", "it", "the", "it", "it", "the", "persuaded", "had", "took", "went", "her", "them", "them", "to", "eyes", "eyes", "them", "them", "become", "any", "any", "to", "to", "to", "each", "to", "to", "to", "it"], "need": [" ", "to", " ", "no", "from", "from", "from", "em", "no", "to", "to", "to", "in", " ", " ", "more", "yours", " ", " ", "more", "yours", "you", "you", "you", "to", "confidence", "all", " ", "confidence", "all", " ", "more", "just", "money", " ", "i", "something", "for"], "seen": ["your", "your"], "seem": ["to", " ", "like", "so", "to"], "waken": ["up"], "saw": ["it", "you"], "any": ["longer", "nigga", "shame", "shame", "love"], "forced": ["to"], "nights": ["downtown", "pass", "almost"], "jour": ["cest", "cest", "la", "la"], "relapse": [" "], "dancing": ["to", "to", "to", "with"], "there\u2019s": ["no"], "trapped": ["me"], "needlyrics": ["submitted"], "lit": ["you"], "mix": ["it"], "potential": [" ", "could", "could", " "], "take": ["your", "a", "a", "me", "your", "a", "a", "ya", "ya", "off", "it", "it", "another", "me", "me", "me", "me", "me", "me", "you", "what", "responsibility", "you", "the", "you", "a"], "doors": [" "], "bus": ["back"], "wanting": ["to"], "many": ["times", "times", "times", "things", "things"], "coke": [" "], "play": ["it", "all", " ", "all", "your", "all"], "exactly": ["what", "what"], "pain": [" ", "left", "left", "left", "left", "and", " ", " ", " ", "that", " ", " ", " ", " "], "swayed": ["the"], "though": ["you", "you", "they", "sippin", "sippin", "you", "you", "you", "you"], "\u200enow": ["you"], "doin": ["in", "things"], "knew": ["we", "we", "we", "that", "how", "the", "the", "youd"], "falls": ["in"], "most": ["of", "of"], "mouth": [" "], "girlfriends": ["talkin"], "sheets": [" ", " "], "tall": [" ", " ", " ", " "], "nothing": ["but", "but", "but", "but", "to", "to", "to"], "hesitation": ["tonight"], "prestige": [" "], "why": ["did", "was", "don\u2019t", " ", "dont", "she", "cuz", " ", " ", "youve", "pretend", "you", "would"], "glow": ["ya"], "slides": ["in"], "won\u2019t": ["you", "seduce", "finish", "wanna", "wanna", "mean"], "especially": ["since"], "flor": [" ", " "], "gather": ["courage"], "stronger": ["than", "than", "than"], "face": ["when", "when", "when", "when", "when", "when", " ", " ", " ", " ", "again", "every", "you", "lift"], "looked": ["me"], "xo": ["she", "baby", "x8lyrics", "ohh", "dont", "well", "yea", "and"], "pictures": [" "], "voodoo": ["got"], "jordan": ["kennedy"], "left": ["and", "gere", "gere", "gere", "gere", "this", "on", "you", "you", "on", "you"], "away": ["i", "i", "i", "i", "i", "i", " ", " ", "from"], "lying": ["lying", " ", "lying", " "], "shop": ["you"], "saying": ["theres"], "shot": ["of", "everytime", "of"], "didn\u2019t": ["call"], "show": ["is", "it", "off", "off", "off", "off", "me", "off", "her", "her"], "rings": [" ", " "], "lay": ["down", "down"], "queen": [" "], "cheap": ["ass"], "friction": ["from"], "ending": ["of"], "bring": ["your", "your", "your", "your", "my", "the", "my", "the", "the", "your", "you", "your", "my", "the", "my", "the", "the", "your", "you"], "bright": ["as"], "saturday": ["sunday"], "fear": ["and"], "find": ["somebody", "us", "your", "somebody", "me", "the", "me", "the"], "ground": [" "], "aint": ["no", "taking", "gotta", "gotta", "gotta", "left", "tryna", "nobody", "nothin", "really", "gonna", "matter", "looking", "nothin", "nobody", "looking", "nothing", "no", "no", "no", "no", "ready"], "slow": ["then", "down"], "\u2019bout": ["it", "it"], "tire": ["out"], "earned": ["it", "it", "it"], "stairs": [" ", " "], "stained": ["with"], "poppin": ["do", "do", "do", "do", "do", "do", "yea", "yeah"], "enough": ["to", "to", " "], "highheel": ["shoes", "shoes", "shoes", "shoes"], "should": ["have"], "reminisce": ["how"], "moments": ["expected", "expected"], "only": [" ", "us", "us", "21", "thing", "fuckin", "girls", "just", "call", "time", "love", "call", "time", "love", "call", "time", "love", "call", "time", "love", "call", "time", "love", "call", "time", "love", "want", "want", "time"], "going": ["all", "hard", "to", "to", "to", "to", "to"], "black": ["boots", "voodoo"], "touched": ["my"], "pretty": ["ill", " ", "ill", " ", "ill", " ", "ill", " "], "fiend": [" "], "blinds": ["dont"], "lips": ["touched", " "], "hope": ["i"], "do": ["you", "what", "what", "this", "it", "is", "it", "leads", "what", "what", " ", "this", " ", "this", "it", "this", "it", "this", "it", "this", "it", "this", "it", "this", "it", "this", "it", "this", "it", "this", "it", "what", " ", "it", "me", "me", "it", "it", "it", " ", "what", " ", "everything", " ", "is", "is"], "his": ["moves"], "wheezy": ["from"], "get": ["you", "you", "about", "about", "the", "the", "me", "familiar", "too", "so", "too", "to", "dumber", "a", "offended", "you", "me", "you", "on", "violent", "you", "on", "violent", "this", "from", "me", "you", "me", "it", "too"], "familiar": ["with"], "watch": ["us", "us", "that", "you", "me", "you"], "wash": ["your"], "pocket": [" "], "goons": ["in"], "feels": ["so"], "courage": ["to"], "hid": ["it"], "christine": [" "], "words": ["to", "to"], "new": ["girl", "girl", "cam"], "cryin": ["cryin", "cryin", "cryin", " ", " "], "trade": ["places"], "him": ["calling", "calling", "calling", "out", "yeah", " ", " ", "all"], "enemy": ["to"], "showed": ["me"], "shy": ["pretty", "baby", "pretty", "pretty", "baby", "pretty", "away"], "cry": [" ", "at", " ", "at", " ", "at"], "meltin": [" "], "throughout": ["ya"], "calling": [" ", " ", " ", " ", " ", "on"], "bag": [" ", "i", " ", "i", " ", "i", " ", "i", "stuffed"], "bad": ["girls"], "stuff": ["the"], "she": ["wants", "told", "told", "told", "told", "told", "told", "told", "told", "told", "looked", "says", "trapped", "likes", "knows", "waits", "said", "said", "said", "was", "committed", "was", "was", "was", "had", "hears", "comes", "dances", "hear", "was", "was", "hears", "comes", "hears", "comes", "climbing", "there", "popped", "never", "heard", "wanna", "used", " ", "been", "rode", "wanna", "leave", "rode", "rode", "aint", "got", "stops", "aint", "got", "stops", "found"], "shots": ["of"], "wish": ["you", "i", "i"], "grab": ["a", "a"], "wouldve": ["left"], "where": ["i\u2019m", "were", "were", "i", "i", "i", "i", "to", "i", "i", "i", "i", " ", "you", "to", "to"], "mess": [" "], "mom": ["cryin"], "potent": ["killing"], "seat": ["take", " ", "baby"], "see": ["that", " ", " ", " ", "nobody", "nobody", " ", "for", "my", "the", "your", "you", "my", "your", "through", "through", "the", "your", "that", "that", "you"], "dumb": ["to"], "are": ["dangerous", "dangerous", "your", "the", "you", "you", "you", "you", "the", "done", "done", "no", "certain", "red", "you", " "], "sleeping": ["all", "with"], "close": ["that"], "angie": ["nava"], "henny": ["bottles"], "best": ["of", "of", "friends", "friends", "friend", "friends", "friends", " "], "seems": ["like", "like"], "knees": ["like"], "said": ["theres", " ", "i", "my", "i\u2019m", "unlock", "he\u2019s", "it", "it", "you", "im", "often", "often", "often", "potential", "potential", "keep", "we", "it", "you", "you", "you"], "matter": [" ", " "], "heartbeats": ["one"], "landry": [" ", " "], "please": ["let", " ", "baby", "dont", " ", " ", "stop", " ", " ", "stop"], "birds": [" ", " ", " ", " "], "behind": [" ", "you"], "un": ["jour", "jour"], "finger": [" ", " "], "routine": [" ", " ", " ", " "], "probably": ["think", "think", "od", "went", "od"], "youll": ["never", "never", "never", "put", "be", "always", "take", "take", "take", "take", "take", "take", "stay", "stay", "stay"], "corruption": ["will"], "anayelli": ["oroxco"], "ima": ["care", "care", "care", "care", "let", "give", "let", "let", "give", "love", "give", "love", "give", "leave"], "we": ["live", "were", "both", "cant", "both", "cant", "both", "cant", "live", "said", "felt", "were", "live", "said", "felt", "were", "both", "dont", "be", "be", "can", "can", "gon", "can", "fuck", "trade", "fuck", "know", "got", "dont", "can", "aint", "ain\u2019t", "need", "can", "could", "can", "could", "can", "could", "can", "could", "couldnt", "have", "could", "could", "ever", "video", "pov", "ever", "can"], "attention": ["or", "or"], "hundred": [" "], "dumber": ["than"], "weak": ["for", " ", "when", " ", " ", " ", " ", "to"], "pluck": ["the", "the", "the", "the"], "killing": ["me", "you", "me", "you", "me", "you", "me", "you", "serotonin"], "blame": ["it", "it", "it", "it", "it", "it"], "job": [" ", " "], "concentrate": ["to"], "key": [" "], "je": ["ne", "ne"], "precious": ["time"], "interfere": [" ", " "], "come": [" ", " ", "to", "with", "down", "over", "over", "over", "and", "around", "to", "to", "to", "to", "to", "to", "to", "to", "to", "to", "to", "to", " ", "to", "to", "to", "and", "over"], "staring": ["at"], "both": ["be", "be", "knew", "be", "knew", "knew", "wanted"], "c": ["notes"], "mans": ["bitch", "life"], "last": ["kiss", "night", "this", "this", "so", "time", "inhibition", "party"], "wasnt": ["long"], "money": [" ", "like", "money", " ", "for"], "fault": [" "], "ill": ["keep", "keep", "fuck", "never", "experience", "plug", "supply", "race", "supply", "supply", "get", "start", "be", "be", "be", "supply", "race", "supply", "supply", "get", "start", "give", "take", "be", "be", "be", "put", "give", "give", "give", "give", "give", "give", "give"], "23": ["so"], "quiet": ["this"], "foreign": ["to"], "musician\u2019s": ["fan"], "tour": [" "], "les": ["filles"], "grain": ["matted"], "alot": ["to"], "faces": ["in", "in", " ", "in", " "], "puff": ["of"], "drugs": ["the", "the", "start", "in", "in", "baby", "baby"], "whole": ["city", "hour"], "asked": ["for"], "comes": ["down", "crawling", "crawling", "crawling", "the", "the", "the", "a"], "i\u2019mma": ["go", "work", "give"], "liked": ["that", " ", "that", " "], "songlyrics": ["submitted"], "supply": ["pretty", "baby", "pretty", "pretty", "baby", "pretty"], "reasons": [" ", " ", " ", " "], "sky": [" "], "vain": [" "], "each": ["other"], "makin": ["no"], "ce": ["jour", "jour"], "except": ["when"], "dances": ["to"], "yelling": ["at"], "non": ["je", "je"], "likes": ["the"], "ohh": [" ", "dont"], "trust": ["who", "in", "in", " ", " ", " "], "quit": ["take"], "bathroom": ["la", "floor"], "devil": ["may", "may", "may", "may", "may", "may", "til", " "], "alllyrics": ["submitted"], "capable": ["of", "of"], "muddy": [" "], "we\u2019ll": ["head"], "three": ["years", " "], "been": ["ducking", "here", "on", "gone", "gone", "gone", "gone", "on", "gone", "gone", "gone", "gone", "gone", "gone", "gone", "gone", "going", "zoning", "leaning", "fiending", "to", "drinkin", "goin\u2019", "talkin\u2019", "talkin\u2019", "alone", "alone", "alone", "doing", "around", "trying", "yelling", "coming", "the", "stressin"], "mark": ["just"], "shame": [" ", " ", "that", " ", " "], "throne": [" ", " "], "much": ["love", "louder", "quicker", "love"], "slowly": ["take"], "tina": ["marie", "marie"], "oooooh": [" "], "expected": [" ", " ", "girl"], "wait": ["in"], "whoa": [" "], "wants": ["somebody", "the", "it", "you", "you", "it", "you", "you"], "life": ["keeps", "we", "that\u2019s", " ", "for", " ", " ", " ", "for", " ", "lights"], "loft": ["in", "in", "right"], "packs": ["a"], "fire": ["out"], "mind": [" ", " ", " ", "i", " ", "i", " ", "all", "in", "your", "you", "you"], "wet": ["when", "dreams", " "], "bladder": [" "], "mine": [" ", " ", " "], "photos": [" "], "finished": ["we\u2019ll", "with", "with"], "lift": [" "], "wake": ["up", "up"], "ooh": ["yeah", "yeah", "yeah", "yeah", "yeah", "yeah", "ooh", "ooh", "ohh", "whoa", "yeah", "yeah", "i\u2019m", "baby", "baby", " ", " ", " ", " "], "catch": ["me", "you"], "smoking": ["extra"], "those": ["who"], "myself": ["that", " ", " ", " ", " "], "look": ["like", "like", "even", "at"], "unlike": ["you", "you"], "raw": ["quit", "motherfucker", " "], "these": ["girls", "girls", "girls", "bitches", "bitches", "girls", "girls", "motherfuckers", "bitches", "girls", "girls", "fucking", "nights"], "straight": ["to"], "sex": ["the", "the"], "tastes": [" "], "choices": ["he"], "will": ["smile", "shine", "hear", "feel", "fill", "smile", "parade", "parade", "be", "be", "smile", "stay", "not", "interfere", "not", "not", "interfere", "not", "be", "always", "be", "always", "love", "come"], "ugly": ["baby"], "while": ["im", " "], "warning": ["you", "you"], "leaning": [" ", "on"], "voice": ["just", "now"], "taking": [" ", "off"], "milagros": [" "], "theres": ["nothing", "so", "nothing", "nothing", "nothing", "enough", "enough", "just", "just", "just", "no", "no", "so", "just"], "ive": ["been", "made", "been", "been", "been", "been", "been", "been", "been", "been", "been", "been", "been", "seen", "seen", "been", "been", "been", "heard"], "thatll": ["step"], "freeman": [" "], "almost": ["all", "all", "dead", "done"], "is": ["dangerous", "dangerous", "dangerous", "that", "to", "that", "your", "that", "that", "yet", "yet", "done", "to", "leave", "to", "to", "im", "not", "the", "love", "love", "already", "to"], "it": ["again", " ", " ", "but", " ", "but", " ", " ", " ", "but", " ", "but", " ", " ", " ", "but", " ", "but", " ", "wont", "look", " ", " ", " ", " ", " ", "dont", "no", "wouldnt", "made", "was", "look", " ", " ", "dont", "no", "wouldnt", "made", "was", "in", "drop", "drink", "spill", " ", "feel", "ive", "baby", "drop", "drink", "spill", " ", "feel", "ive", "baby", "home", " ", "out", "tastes", "till", "when", " ", " ", " ", "too", "be", " ", "make", " ", "got", "then", "then", "all", "on", "all", "out", "out", "all", "out", "out", "out", "all", "in", "with", " ", " ", " ", "seems", "all", "all", "on", "all", "all", "to", "all", "all", "to", "to", "all", "all", "rain", "rain", "to", "all", "all", "to", "all", "all", "seem", "all", "either", "how", " ", "how", " ", "dont", "either", "how", " ", "how", " ", "either", "how", " ", "how", " ", "like", "like", "like", " ", " ", " ", "seem", " ", "bout", " ", "how", " ", "girl", "all", "simple", " ", "girl", "all", "ride", " ", " ", "girl", "lie", " ", "girl", "girl", "after", "but", "thats", "though", "girl", "girl", "girl", "girl", "rudolph", "just", "girl", "girl", "girl", "girl", "girllyrics", "big", " ", "could", "won\u2019t", "all", "don\u2019t", " ", "don\u2019t", " ", "but", "when", "when", "simple", "up", "at", "when", "when", "when", "when", " ", "bout", " ", "how", " ", "girl", "all", "simple", " ", "girl", "all", "ride", " ", " ", "girl", "lie", " ", "girl", "girl", "after", "but", "thats", "though", "girl", "girl", "girl", "girl", "rudolph", "just", "girl", "girl", "girl", "girl", "girl", "again", "was", "feels", "in", "was", "all", "come", "all", "come", "all", "all", "come", "all", "all", "come", "will", "all", "all", "come", "all", "all", "come", "all", "all", "come", "when", "to", " ", "to", "on", "on", "on", "on", " ", "seems", "when", "wasnt", "all", "out"], "tease": ["baby", "and"], "middle": ["we", "of"], "cant": ["hold", "believe", "see", "go", "feel", "feel", "go", "feel", "feel", "go", "feel", "feel", "feel", "touch", "settle", "settle", "pay", "believe", "find", "believe", "you", "smell"], "good": ["i", "young", "to", " ", "luck", "for", " ", "girls"], "embrace": ["their"], "la": ["ooh", " ", " "], "in": ["time", " ", "love", "time", " ", "love", "love", "the", "the", "this", " ", "you", "love", "to", "love", "love", "love", "love", "the", "her", "the", "vain", "the", "the", "the", "your", "sight", "store", "a", "the", "the", "the", "the", "the", "the", "the", "the", "the", "the", "line", "that", "the", "that", "the", "a", "the", "the", "the", "em", "em", "em", "my", "love", "the", "this", "this", "my", "my", "town", "store", "your", "the", "a", "a", "your", "the", "the", "love", "love", "love", "love", "love", "love", "love", "love", "love", "a", "a", "your", "the", "a", " ", " ", "now", " ", " ", "i", " ", " ", "love", " ", "my", "your", " ", "my", "my", "my", "my", "my", "my", "my", "the", "my", "my", "my", "my", "a", "me", "me", "love", "something", "love", "something", "love", "love", "something", "your", "me", "your", "love", "control", "myself", "myself", "the", " ", "the", " "], "ready": ["for"], "shayla": ["struve"], "shift": [" "], "fame": [" ", "status", " ", " "], "worry": ["about", "no", "about", "no", "about", "no", "you", "dont", "you", "bout", "bout", "bout", "bout"], "if": ["i", "you", "you", "you", "you", "theyre", "you", "he", "they", "you", "i", "i", "i", "i", "you", "you", "you", "she", "you", "you", "you", "she", "i", "its", "its", "its", "they", "you", "they", "you", "you"], "different": ["pills"], "pas": [" ", " "], "bottles": ["of"], "choking": [" ", " "], "seduce": ["every", "me"], "pay": ["it", "it", "it", "it", "to"], "make": ["me", "me", "it", "it", "me", "it", "her", "you", "you", " ", "a", "my", "a", "it", "it", "it", "me", "me", "that", "that", "that", "that", "that", "that", "that", "that", "that", "me", "it", "you", "you", "me", "you", "me", "you", "me", "you", "me", "you", "me", "you", "me", "you", "you", "you", "when", "when", "you"], "belong": [" ", "baby"], "same": ["i", " ", "as", "as", " ", "old", "old", "old", "old", "place", "place", "thing", "thing", "clothes"], "adry": ["conchas"], "maill": ["give"], "big": ["boys", "girl", "poppin", "girl"], "i\u2019ve": ["been", "been", "been", "felt"], "puttin": ["time", "time"], "cream": [" "], "couple": ["kids"], "\u2018bout": ["to"], "week": [" "], "used": ["to", "to", "to", "to", "to", " ", " ", "to", "to", "to"], "kush": [" "], "keys": ["then", "we"], "drink": ["till", "it", "it", "it", "baby", "baby", "baby", "baby"], "upon": ["your", "your", "their"], "hooklyrics": ["submitted"], "rain": [" ", " ", " ", "often", "often", "often"], "weed": ["blow", "for", "blame"], "usually": ["like", "love"], "moment": [" "], "fiending": [" "], "louis": ["v", "v", "v", "v"], "fucked": ["the", "up", "up", "up", "up", "two", "up", "up", "up", "up", "up", "up", "up", "up"], "climbing": [" "], "single": [" "], "built": ["like"], "amy": ["wayslyrics"], "off": ["of", "my", "shakespeare", "baby", "baby", "a", "show", "show", " ", "your", " ", "all", "bliss", "to", "all", "bliss", " ", " ", "of", "of"], "masochist": ["and"], "blood": ["rushin"], "i": ["fell", "fell", "fell", "get", "get", "know", "could", "got", "got", "know", "wont", "try", "met", "couldnt", "got", "got", "know", "got", "got", "got", "know", "cant", "cant", "used", "know", "break", "so", "turned", "know", "used", "know", "used", "know", "know", "know", "know", "cant", "love", "love", "cant", "love", "love", "know", "know", "know", "know", "cant", "love", "love", "cant", "love", "love", "cant", "love", "love", "cant", "love", "love", "know", "was", "have", "am", "don\u2019t", "want", "have", "hate", "said", "didn\u2019t", "ran", "said", "forgot", "see", "love", "hate", "see", "love", "hate", "saw", "can", "could", "ask", "like", "dont", "got", "been", "been", "been", "been", "lit", "hope", "make", "got", "love", "do", "wanna", "aint", "cant", "can", "fuckin", "be", "know", "feel", "swear", "am", "promise", "dont", "dont", "dont", "dont", "know", "dont", "dont", "know", "dont", "dont", "dont", "dont", "dont", "promise", "got", "need", "passed", "wanna", "aint", "been", "been", "got", "need", "got", "tire", "eat", "could", "got", "need", "got", "tell", "know", "get", "play", "think", "promis", "hear", "got", "got", "can", "can", "got", "gotta", "dont", "usually", "need", "wanna", "guess", "make", "got", "aint", "want", "know", "know", "know", "know", "know", "want", "want", "might", "got", "know", "used", "know", "see", "can", "want", "know", "know", "know", "know", "know", "want", "want", "might", "got", "know", "usually", "go", "do", "said", "can", "do", "want", "do", "want", "come", "had", "do", "said", "can", "do", "want", "do", "want", "see", "do", "said", "can", "do", "want", "do", "want", "will", "know", "know", "understand", "know", "know", "got", "got", "got", "got", "got", "will", "swear", "know", "know", "got", "got", "got", "got", "got", "will", "know", "know", "got", "got", "know", "know", "got", "got", "got", "got", "think", "walk", "walk", "made", "made", "need", "need", "would", "got", "got", "got", "got", "got", "show", "might", "got", "got", "got", "got", "got", "needed", "only", "would", "made", "swear", "loved", "would", "made", "been", "swear", "know", "know", "know", "know", "know", "know", "cant", "was", "only", "only", "only", "only", "just", "saw", "only", "only", "only", "only", "only", "only", "only", "only", "understand", "know", "know", "got", "got", "got", "got", "got", "will", "swear", "know", "know", "got", "got", "got", "got", "got", "will", "know", "know", "got", "got", "know", "know", "got", "got", "got", "got", "think", "walk", "walk", "made", "made", "need", "need", "would", "got", "got", "got", "got", "got", "show", "might", "got", "got", "got", "got", "got", "liked", "liked", "can", "can", "left", "havent", "got", "remember", "went", "bet", "know", "left", "bet", "know", "know", "left", "liked", "liked", "can", "can", "left", "tell", "understand", "know", "was", "just", "can", "got", "dont", "got", "will", "know", "will", "can", "can", "know", "wont", "got", "dont", "got", "will", "know", "will", "know", "know", "know", "know", "know", "know", "know", "see", "sleep", "sleep", "got", "sleep", "sleep", "knew", "wouldntve", "wouldve", "sleep", "sleep", "sleep", "sleep", "never", "wish", "didnt", "wish", "could", "know", "know", "do", "do", "dont", "think", "might", "only", "love", "need", "only", "love", "love", "need", "need", "will", "leave", "leave", "leave", "leave", "leave", "leave", "leave", "leave", "leave", "leave", "leave", "leave", "just", "got", "do", "love", "dont", "feel", "fell", "dont", "see", "want", "dont", "feel", " ", "let", "dont", "emptied", "could", "could", "got", "got", "could", "could", "got", "need", "need", "need", "love", "could", "could", "got", "got", "could", "could", "got", "need", "need", "get", "love", "got", "wanna", "need", "need", "remember", "got", " ", "got"], "youre": ["perfect", "always", "my", "my", "feeling", "such", "turning", "here", "feeling", "grinding", "my", "alone", "a", "the", "the", "the", "the", "a", "single", "almost", "sleeping", "all", "in", "all", "in", "in", "so", "in", "too", "in", "in", "looking", "built", "out", "filled"], "well": ["both", "both", "both", "take", "be", "baby", "baby", "baby", "baby", "blame", "baby", "baby", "you", "baby", "baby", "here", "here", " ", " ", " ", " ", "here", "have", "be", "be", "baby"], "kyle": [" "], "nothin": ["i", "and"], "thought": ["there", "i", "of", "that", "that", "id", "it", "youd", "id", "you"], "without": ["it", "it", "it", "an"], "na": ["na", "na", "na", " "], "five": [" ", " ", " ", " ", " ", " "], "the": ["fast", "pain", "life", "90s", "only", "90s", "wrong", "mistakes", "fuck", "wrong", "same", "beginning", "same", "wrong", "same", "wrong", "same", "death", "best", "worst", "death", "best", "worst", "misery", "stuff", "you", "thing", "eyes", "boys", "band", "curtains", "freak", "phone", "phone", "door", "key", "crowd", "devil", "devil", "end", "night", "light", "rain", "crowd", "devil", "devil", "end", "night", "world", "taking", "story", "crowd", "devil", "devil", "end", "night", "moments", "way", "rush", "moments", "way", "rush", "phone", "thrill", "whole", "ground", "show", "way", "codeine", "neck", "way", "feeling", "wrongs", "city", "night", "night", "pain", "night", "song", "minute", "time", "time", "time", "time", "night", "night", "pain", "night", "night", "night", "pain", "night", "order", "top", "first", "party", "clocks", "time", "blinds", "sky", "wall", "middle", "come", "fire", "only", "present", "future", "reality", "next", "middle", "city", "city", "bathroom", "noises", "bathroomla", "living", "only", "next", "next", "third", "hash", "ending", "cars", "clothes", "drugs", "sex", "house", "cars", "clothes", "drugs", "sex", "house", "pace", "club", "one", "thrill", "way", "pole", "devil", "wave", "fame", "gclass", "crews", "wave", "suns", "wave", "same", "pain", "end", "party", "feathers", "birds", "party", "party", "feathers", "birds", "party", "strong", "store", "fuck", "mist", "feeling", "same", "same", "same", "same", "world", "club", "point", "road", "lowlow", "friendzone", "photos", "info", "gated", "only", "real", "real", "only", "real", "real", "moment", "only", "real", "real", "only", "real", "real", "hills", "only", "real", "real", "only", "real", "real", "party", "feathers", "birds", "party", "party", "feathers", "birds", "party", "strong", "store", "fuck", "mist", "feeling", "road", "town", "bathroom", "lies", "same", "same", "road", "last", "end", "call", "one", "sun", "edge", "chance", "night", "void", "end", "call", "one", "sun", "edge", "chance", "night", "sun", "edge", "chance", "night", "depth", "way", "world", "one", "down", "club", "choices", "same", "same", "wildfire", "only", "friction", "drugs", "pain", "floor", "drugs", "pain", "blood", "scars", "topic", "subject", "drugs", "cups", "drank", "devil", "drugs", "cups", "drank", "henny", "bus", "weed", "booze", "night", "day", "love", "days", "laundry", "bacardi", "last", "love", "nights"], "yours": ["tonight", "for", " ", " ", " "], "she\u2019s": ["touchin\u2019"], "i\u2019m": ["real", "all", "living", "open", "tellin\u2019", "\u2018bout", "finished", "done", "done", "finished", "just", "just", "warning", "just"], "sleepin\u2019": ["alone"], "rudolph": [" ", " "], "kiss": [" ", "my", "was", "me"], "just": ["learn", "crack", "something", "something", "one", "something", "how", "replays", "picture", "want", "want", "want", "want", "want", "want", "want", "want", "want", "want", "want", "want", "want", "want", "want", "want", "want", "want", "want", "want", "want", "want", "happy", "smokin", "one", "grab", "ride", "one", "want", "takes", "begun", "a", "another", "a", "tryna", "fucked", "tryna", "one", "grab", "ride", "one", "want", "takes", "swayed", "might", "take", "wanna", "wrap", "choose", "dont", "sacrifice", "wanna", "fight", "fight", "to", "let", "tell", "tell", "dont", "believe", "something", "ride"], "itlyrics": ["submitted"], "being": ["used", "used"], "tip": ["low"], "half": ["past", "past", "past"], "livin": ["for", "off", "off"], "violent": [" ", " "], "mistakes": ["that"], "kill": ["be"], "gated": ["residential"], "world": ["will", "without", " ", " ", " ", " ", " "], "touch": ["your", "your", "what", "me", "me", "me", "me", "me", "me", " ", "you"], "yes": ["i", "i", "i", "i", "i", "i", "i", "i", "i", "i"], "reality": ["you"], "yet": ["to", "to", " "], "blow": ["the", "job", "job", "that", "another"], "death": ["of", "of"], "cus": ["im", "all"], "hills": ["have", "have"], "let\u2019s": ["make"], "cup": [" ", "of", "of"], "thinking": ["of"], "residential": [" "], "ease": ["you"], "point": ["of"], "had": ["was", "no", "me", "her", "a"], "cuz": ["i", "im", "ill", "you", "girl"], "it\u2019s": ["magic", "magic", "a", "got", "got"], "wall": [" "], "cognac": ["ease"], "crying": ["heart"], "crack": ["it"], "ohhh": [" ", " "], "has": ["made"], "tuesday": ["wednesday"], "gave": ["in"], "real": ["she", " ", "tired", " ", "me", "me", "me", "me", "me", "me", "me", "me", "me", "me", "me", "me"], "mystery": [" "], "lovie": ["shit"], "around": ["and", " ", "you", "bring", "she", "the", "my", " "], "fate": ["oh"], "read": ["your"], "taunt": [" "], "nothin\u2019": [" ", " "], "sittin": ["on", "on"], "gonna": ["end", "make", "catch", "care", "know"], "yea": ["yea", "yea", "yea", " ", " ", " ", "xo", "are"], "game": ["to", "to"], "inhibition": [" "], "yeh": ["you"], "know": ["id", "id", "id", "they", " ", " ", "deep", "that", " ", " ", "shell", "yeah", " ", "shell", "yes", "and", " ", "your", "our", "our", " ", "that", " ", "whats", "what", "what", "that", "that", "how", "you", "just", "you", "yes", "yes", "yes", "yes", " ", "exactly", "you", "yes", "yes", "yes", "yes", " ", "exactly", "what\u2019s", "he\u2019s", "you", "you", "i", "you", "you", "i", "you", "you", "i", "you", "you", "i", "you", "that", "you\u2019re", "it\u2019s", "you\u2019re", "you\u2019re", "it\u2019s", "you\u2019re", " ", "and", "you", "i", "you", "you", "i", "you", "you", "i", "you", "you", "i", "you", "youll", "youll", "youll", "your", "that", "that", "why", "that", "that", "you", "you", "your", "your", "you", "you", "your", "where", "where", "where", "where", "where", "where", "where", "where", " ", " ", "if", "you", "you", " ", "what", "why", " ", "if", "if", "ooh", "where", " ", "youre", "where", "where"], "birth": ["will"], "judge": ["who", " "], "fortune": ["and"], "walk": ["away", "away", "away", "away", "away", "away", "through", "through", "through", "through"], "lady": [" "], "dreams": ["on"], "thrill": [" ", "ooh"], "painted": ["over"], "knock": ["your"], "acquainted": [" ", " ", " ", "were", " ", " ", "were", " "], "necessary": ["when"], "like": ["home", "it\u2019s", "it\u2019s", "the", "religion", "this", "to", "them", "fear", "a", "to", " ", "he", "a", "one", "one", "you", "we\u2019re", "a", "me", "me", "me", "me", "me", "melyrics", "its", "a", "diamond", "i", "diamond", "this", "me", "a", "you", "you"], "turnin\u2019": ["back"], "kennedy": [" "], "tomber": ["les"], "ring": ["for", "for"], "pole": [" "], "theyre": ["not", "in"], "lose": ["ya", " "], "remind": ["you", "you", "you", "you"], "gimme": ["my", "my"], "loud": ["as"], "either": ["way", "way", "way"], "always": ["said", "get", "get", "worth", "gone", "gone", "put", "come", "come", "come", "come", "tryna", "come", "come", "come", "come", "count", "be", "be", "numb", "call", "call"], "become": [" "], "sippin": ["on", "on"], "right": [" ", "way", "way", "here", " ", " ", "now", "right", " ", " ", " ", "baby", " ", " ", "baby", "here", "here", "here", "here", "here", " "], "old": ["song", "song", "song", "song"], "parade": ["upon", "upon"], "crowd": ["will", "will", "will"], "fucking": ["dumb", "celebration", "clothes", "hard", "leave", "gone", "prove", "gone", "prove", "no", "eyes", "leaning"], "scared": [" "], "pills": ["in", " "], "some": ["more", "big", "fall", "morals", "times", "other"], "back": [" ", " ", "from", "til", "in", "home", "home"], "dead": [" ", "to"], "ah": ["yea"], "born": ["in", "in"], "eddie": ["lovie"], "sure": [" ", "loving", " ", "loving"], "wouldntve": ["shown"], "shes": ["capable", "always", "dancing", "capable", "always", "dancing", "dancing", "just", "bout", "fuckin"], "sight": [" "], "escape": ["this"], "home": [" ", " ", "will", "again", " ", " ", " ", " ", "to", "now", "now", "now", "now", " ", " ", " "], "guess": ["you"], "scares": ["right"], "gclass": ["grain"], "pleurerai": ["pas", "pas"], "wetter": ["than"], "for": ["you", "you", "you", "all", "me", "all", "all", "all", "those", "the", "you", "you", "you", "you", "yourself", " ", "this", "this", "this", "this", "this", "this", "thislyrics", "the", "my", "you", "a", "another", "you", "now", "you", "the", "ya", "ya", "the", "a", "it", "sure", "sure", "that", "almost", "almost", "most", "the", "sure", "sure", "that", "you", " ", "you", "you", "the", "the", "us", "us", "your", "ya", "you", "you"], "riveting": [" ", " "], "memories": ["to", "to"], "daddy": ["dont"], "lean": [" ", "when"], "grinding": ["up"], "religion": [" "], "does": ["he", "times"], "hipster": ["nights"], "shakespeare": ["lines"], "struve": [" "], "bacardi": ["from"], "nose": ["red"], "cabbed": ["all"], "be": ["complacent", "complacent", "complacent", " ", " ", " ", "the", "numb", "beautiful", "in", "the", "numb", "in", "in", " ", "your", "the", "in", "yours", "ageless", "patient", "tragic", "love", "tragic", "love", "thinking", "wheezy", "high", "baby", "good", "high", "high", "high", "high", "high", "a", "going", "choking", "your", "a", "a", "direct", "the", "21", "21", "so", "shy", "there", "shy", "there", "shy", "falling", "by", "by", "by", "shy", "there", "shy", "there", "shy", "too", "over", "what", " ", "a", "the", "quiet", "a", "the", "living", "alone", "right", "everything", "everything"], "who": ["have", "promise", "you", "you", "are", "are", "are", "are", "rely", "keeps", "you", "you"], "run": [" "], "business": ["on"], "rum": ["down"], "word": ["too"], "burn": [" ", "that"], "confidence": ["in", "in"], "broken": ["inside", "inside"], "step": ["i"], "although": ["they"], "rent": [" "], "by": ["shayla", "tina", "the", "flor", "jordan", "jerome", "angie", "smokedopeshit", "kyle", "the", "tina", "christine", "renee", "anayelli", "your", "your", "your", "milagros", "flor", "adry", "ambistaytrue"], "thislyrics": ["submitted"], "takes": ["one", "one"], "shine": ["through", " "], "on": ["your", "your", "your", "your", "your", "your", "your", "your", "me", "touchin", "your", "touchin", "your", "your", "your", "your", "their", "the", "that", "the", "it", "it", "my", "the", "her", "the", "that", "me", "ya", "your", "monday", "thursday", " ", "my", " ", "a", "the", "them", "it", "your", " ", " ", "this", "the", "the", "tryna", "them", "it", "your", " ", " ", "this", "the", "a", "a", "me", "the", "tour", "me", "the", "a", "a", "the", "the", "the", "the", "your", "another", "your", "the", "that", "that", "your", "the", "the", "the", "me", "my"], "about": ["you", "you", "you", "it", "it", "it", "it", "it", "the"], "nothings": ["gonna", "never"], "wouldnt": ["be", "be"], "oh": ["oh", "oooh", "oh", "oooh", "oh", "oooh", "you", "i", "i", "i", "i", "i", "i", "i", "i", "i", "you", "i", "i", "i", "i", "i", "you", "i", "i", "i", "i", "i", "i", "i", "i", "i", "you", "i", "i", "i", "i", "i", "ill", "no", "oh", " ", "oh", "oh", "oh", "oh", "oh", " ", " ", "yeah", "yeah", "yeah", "ohhh", "ohhh", "theres"], "of": ["torment", "me", "me", "me", "me", "me", "the", "the", "the", "night", "night", "this", "you", "it", "potion", "anything", "anything", "your", "that", "boys", "this", "this", "boys", "the", "our", "what", "songlyrics", "all", "my", "no", "you", "you", "all", "days", "the", "days", "the", "the", "your", "hesitation", "love", "loving", "sin", "you", "this", "me", "it", "me", "this", "this", "me", "it", "it", "me", "the", "patron", "ya", "boys"], "waist": [" "], "prove": [" ", " ", " ", "this", "this"], "favorite": ["kind", "kind"], "swear": ["i", "no", "i", "i\u2019m", "no"], "forgave": ["what"], "youve": ["been", "been", "been"], "hairs": ["a"], "eight": ["months"], "goddess": [" "], "luck": [" ", " "], "wanna": ["spend", " ", "be", "be", "be", "be", "be", "be", "die", "show", "do", "scream", "spend", "give", "ride", "go", "go", " ", "with", "with", "line", " ", " ", "with", "with", "line", " ", "fill", "fuck", "take", "sing", "come", "go", "catch", "go"], "or": ["beginning", "we", "ill", "we", "ill"], "road": ["he", " ", " "], "shawty": ["watch"], "nava": [" "], "whats": ["killing", "killing", "killing", "killing", "in", "good"], "burning": ["bright"], "pussy": ["on", "kill", "rain", "poppin", "poppin", "rain", "poppin", "poppin", "rain", "poppin", "poppin"], "into": ["that", "flames", "your"], "youd": ["always", "kiss", "ever", "be", "rather"], "rehab": [" "], "commitment": ["as"], "methazine": ["lean"], "two": ["floor", "floor", "bitches"], "down": ["you", " ", " ", "her", "her", "her", "you", "girl", "better", "the", "to", "to", "to", "lay", " ", "low", "at", "another", "your"], "lies": [" ", " ", "girl", " ", " ", "in", "in", "oh"], "momma": ["called"], "touchin": ["on", "on", "on", "on", "on", "on", "on", "on", "on", "on", "on", "on", "on", "on"], "promise": ["fortune", " ", "when"], "nauseous": [" "], "wrap": ["your"], "couldnt": ["believe", "do"], "your": ["type", "body", "body", "body", "body", "body", "body", "body", "body", "body", "body", "body", "body", "cup", "body", "heart", "chance", "weight", "every", "night", "name", "brain", "victory", "victory", "eyes", "mind", "night", "body", "body", "fucking", "best", "next", "mind", "calls", "best", "best", "sins", "best", "fault", "lips", "voice", "number", "man", "time", "heart", "kind", "kush", "cheap", "body", "kind", "friend", "eyes", "clothes", "brain", "body", "world", "louis", "bag", "drink", "ass", "friends", "louis", "bag", "drink", "floor", "door", "love", "girlfriends", "luck", "man", "house", "friends", "friends", "side", "side", "lies", "lies", "side", "body", "world", "louis", "bag", "drink", "ass", "friends", "louis", "bag", "drink", "floor", "door", "love", "name", "love", "eyes", "unshackled", "everything", "name", "neck", "routine", "mystery", "lies", "voice", "legs", "lies", "routine", "routine", "routine", "indifference", "here", "friends", "girls", "phone", "apprehensiveness", "every", "side", "lips", "veins", "boots", "veins", "face", "feelings", "body", "all", "love", "body", "perfume", "love", "body", "face", "c", "door", "nose", "daddy", "eyes", "best", "hairs", "day", "mom", "bag"], "often": [" ", " ", " ", " ", "often", "girl", " ", "often", "girl", " ", " ", " ", " ", " ", "often", "girl", " ", "often", "girl", " ", " ", " ", " ", " ", "often", "girl", " ", "often", "girl", " "], "wildfire": ["shine"], "codependent": [" "], "rely": ["on"], "marie": ["landry", "landry"], "smokedopeshit": [" "], "her": ["heart", "face", "weak", "on", "knees", "face", "face", "money", "man", "wrong", "you", "man", "to", "blow", "to", "blow", "no", " "], "waits": ["at"], "there": ["was", "in", "aint", "in", "in", "in", "in", "are", "comes", "are", " "], "hey": ["baby", "baby"], "fast": ["life"], "fight": ["through", "through"], "clocks": ["dont"], "start": [" ", "drowning", "to", "drowning"], "drank": [" ", " "], "low": [" ", "that", "put", " "], "way": [" ", " ", " ", " ", "you", "you", "it", "i", "your", "often", "often", "often", "i"], "worst": ["is", "is"], "damn": ["weak", "weak", "weak", "weak", " "], "was": ["i", "necessary", "to", "only", "only", "more", "living", "living", "numb", "so", "young", "the", "cold", "so", "young", "forced", "laced", "coming", "love", "in", "so"], "happy": ["that"], "head": ["to"], "replays": [" "], "north": ["north", "that"], "crown": ["on", "on"], "brand": ["new", "new", "new"], "bitches": ["comin", "comin", "cant", "down", "down", "down", "on", "fore", "on"], "forever": ["young"], "but": ["girl", "girl", "really", "girl", "girl", "ever", "girl", "girl", "pain", "pain", "pain", "pain", "at", "i", "i", "i", "i", "i", "i", "i", "i", "i", "i", "i", "i", "i", "i", "you", "we", "you", "we", "i", "you", "my", "youre", "i", "you", "i", "i", "when", "when", "my", "its", "on", "ever", "girl", "she", "i", "aint", "me", "there", "i", "we", "i", "i", "i", "i", "baby", "your", "i", "i", "i", "your", "you", "who", "i", "im", "you", "i"], "idea": ["that", "of"], "girllyrics": ["submitted"], "boys": ["in", " ", "baby", " ", " ", " ", " ", " ", " "], "nobodys": ["going", "going", "going", "going"], "hear": ["them", "it", "the", "me", "it", "right", "your"], "sun": [" ", " ", " "], "line": [" ", "with", "with"], "trying": ["to", "to", "to", "to", "to"], "with": ["tears", "me", "a", "you", "you", "you", "you", "you", "you", "me", "me", "no", "no", "me", "the", "some", "me", "seem", "the", "you", "a", "a", "you", "them", "ya", "you", "you", "ya", "it", "your", "it", "your", "it", "it", "it", "it", "it", "a", "a", "it", "it", "it", "it", "a", "a", "it", "your", "it", "your", "it", "it", "it", "it", "it", "some", "a", "your", "something", "something", "this", "something", "the", "somebody", "the", "a", "regret", "most", "is"], "eat": ["you"], "he": ["sang", "did", "was", "was", "slingin", "in", "aint", "taught", "doing", "stared", "just", "got", "must", "has", "must", "must", "dont", "touch", "does", "dont"], "info": [" "], "rush": ["from", " ", " ", "a"], "made": [" ", "us", "us", "it", "it", "it", "it", "it", "it", "me", "me", " "], "places": [" "], "dangerous": [" ", " ", " ", " ", " "], "inside": ["your", "inside", " ", "inside", " ", "the", "of"], "up": ["to", " ", " ", " ", "shes", "shes", " ", "them", "top", "all", " ", "all", "them", "on", "my", "thats", "thats", "thats", "thats", "dont", "thats", "thats", "thats", "thats", "thats", "thats", "thats", "thats", "them", "on", "my", "at", "when", "ya", "you", "with", "ya"], "us": ["lately", "believe", " ", "believe", " ", "but", "rock", "leave", "that", "even", "we", "messing", "all", "all", " ", " ", " ", " "], "beefer": [" "], "laisse": ["tomber"], "accustomed": ["to"], "dirty": ["diana", "to"], "hand": [" ", "on"], "faded": [" "], "problem": ["come"], "loving": ["i", "i", " "], "called": ["me"], "gone": ["i", "i", "i", " ", "ive", "ive", " ", "ive", " ", "ive", "ive", " ", "from", "gone", "gone", " ", "gone", "gone", " ", "gone", "gone", " ", " ", " ", "stop", "stop", " "], "v": ["bag", "bag", "bag", "bag"], "freak": ["you"], "persuaded": ["me"], "bind": ["unrestrainted"], "tryna": ["be", "win", "fool", "fool", "tell", "get", "hide", "keep", "send", "live", "tell"], "taste": ["it", "it", "that", " ", " "], "certain": ["things"], "describe": ["the"], "am": ["the", "right"], "deep": ["down", "in", "in"], "an": ["end", "enemy"], "twist": ["some"], "as": ["a", "i", "i", "an", "hard", "i", "loud", "you"], "that\u2019ll": ["get"], "exist": [" "], "at": ["all", "least", "least", "least", "backstage", "home", "that", "the", "the", "the", "all", "my", "him", "me", "you", " ", "all", "your"], "playin": ["in"], "girlfriend": ["screaming"], "babe": ["aint", " ", " ", " ", " "], "burnin": ["up"], "sodas": [" "], "check": ["the", "the"], "shit": [" ", "sounds", "yeah", "into", "that"], "fill": ["your", "the"], "redder": ["than"], "again": [" ", " ", " ", " ", " ", " ", " ", " ", " "], "theyll": ["believe"], "infatuated": ["by"], "no": ["rush", "care", "more", "more", "more", "turnin\u2019", "lyrics", "mind", "lies", "mind", "lies", "no", "no", "no", "no", "lyrics", "protection", "more", "best", "idea", "love", "one", "love", "return", "one", "love", "words", " ", "one", "where", "you", "one", "one", "one", "one", "more", "that", "more", "rent"], "deserve": ["it", "your", "your"], "when": ["im", "im", "were", "im", "im", "im", "im", "they", "you", "the", "you", "the", "i", "i", "you", "she", "he", "she", "you", "she", "she", "you\u2019re", "youre", "you", "i", "we", "i\u2019m", "i\u2019m", "i\u2019m", "i\u2019m", "i", "i", "its", "you", "im", "im", "its", "you", "im", "im", "its", "you", "im", "im", "its", "you", "im", "im", "its", "you", "im", "im", "its", "you", "im", "im", "i", "you", "he", "you", "youre", "you", "youre", "you", "you", "he", "youre", "you", "im", "your", "your", "your"], "ne": ["pleurerai", "pleurerai"], "repent": ["when", "when"], "lately": [" "], "til": ["my", "i", "light", "i", "the", "i"], "tight": ["for"], "other": ["man", " "], "special": ["diet"], "test": ["for", "for", "for", "for"], "you": ["i", "i", " ", "got", "probably", "got", "got", "touchin", "touchin", "get", "get", " ", "got", "probably", "got", "got", "touchin", "touchin", " ", "did", "touchin", "touchin", "crazy", "numb", "touchin", "loved", " ", "any", "forgave", "shouldnt", " ", "cant", "loved", " ", "remember", "know", "loved", " ", "loved", " ", "but", "but", "but", "but", "but", "but", "please", "seduce", "won\u2019t", "please", "want", "need", "want", "can", "say", "make", "see", "come", "birth", "make", "you", "you", " ", "call", "you", "you", " ", "you", "you", "you", "yeah", "deserve", "work", "earned", "earned", "know", "dont", "make", "you", "you", " ", "call", "you", "you", " ", "you", "you", "you", "yeah", "work", "earned", "know", "dont", "say", "dont", "pretend", "didnt", "knew", "were", "thought", "knew", "expected", "reply", "end", "leave", "leave", " ", "want", "gotta", "worry", "gotta", "fuck", "heard", "can", "something", "worry", "worry", "gotta", "can", "if", "need", "what", "fiend", "wont", "wont", "dont", "know", "dont", "wanna", "dont", "wanna", "wanna", "wanna", "wanna", "wanna", "wake", "understand", "understand", "wake", "understand", "understand", "understand", "understand", "understand", "drinking", "thick", "dont", "aint", "aint", "aint", " ", "say", "want", "can", " ", "rolling", "wanna", "take", "mixing", "blame", " ", "say", "want", "can", " ", "right", "get", "kiss", "out", "how", "out", "out", " ", "say", "want", "can", " ", "right", "get", "may", "like", "dont", "wanna", "like", "lost", "dont", "gon", "doin", "got", "about", "retarded", "do", "right", "can", "can", "can", "can", "dont", "want", "can", "can", "can", "can", " ", "do", "do", "do", "wetter", "make", "had", "could", "could", "pleased", "should", "cant", "i", "im", "baby", "tryna", "want", "just", "just", "just", "just", "just", "just", "just", "just", "just", "just", "just", "need", "got", "got", "i", "im", "baby", "tryna", "want", "just", "just", "just", "just", "just", "just", "just", "just", "just", "just", "just", " ", "aint", "can", "show", "do", " ", "reminisce", "used", "into", "can", "know", "can", "through", "this", "won\u2019t", "like", "gon\u2019", "gon\u2019", "asked", "been", "been", "why", "ain\u2019t", "why", "ain\u2019t", "gon\u2019", "feel", "can", "pretend", "won\u2019t", "bout", "do", "wanna", "know", "wanna", "girl", "six", "you", "can", "need", "fall", "dont", "always", "always", "please", "want", "know", "wanna", "girl", "six", "you", "can", "need", "fall", "dont", "always", "always", "please", "know", "wanna", "girl", "lie", "know", "wanna", "girl", "girl", "knew", " ", " ", "oh", "when", "eight", "ringin", "miss", "know", "never", "said", "think", "could", "like", "girl", "probably", "can", "hear", "never", "said", "never", "think", "could", "try", "fall", "fall", "fall", "fall", "tried", " ", " ", " ", "fall", "fall", "fall", "fall", "said", "out", "look", "when", "touch", "when", "mine", "touch", "know", " ", "gon", "when", "touch", "when", "mine", "touch", "to", "to", "to", " ", "when", "touch", "when", "mine", "touch", "bout", "do", "wanna", "know", "wanna", "girl", "six", "you", "can", "need", "fall", "dont", "always", "always", "please", "want", "know", "wanna", "girl", "six", "you", "can", "need", "fall", "dont", "always", "always", "please", "know", "wanna", "girl", "lie", "know", "wanna", "girl", "girl", "knew", " ", " ", "oh", "did", "like", " ", "made", "deserve", "said", "had", "said", "said", "were", "wished", "something", "never", " ", "can", "in", "in", "did", "like", " ", "made", "deserve", "for", "eventually", "seem", "wash", "leave", " ", "want", "i", "know", "make", "repent", "are", "just", "smoking", "worry", "ask", "worry", "i", "know", "make", "repent", "are", "so", "so", "so", "so", " ", "decide", "in", "in", "know", "know", "have", "screamin", "have", "coulda", "coulda", "in", "in", "know", "know", "any", "in", "say", "dont", "keep", "in", "in", "know", "know", "in", "in", "know", "know", "know", "can", "can", "just", "just", "try", "oh", "ooh", "yea", "ooh", "cause", "baby", "and", " ", " ", "wont", " ", " ", " ", " ", "believe", "try", "wont", " ", " ", " ", " ", " ", " ", "believe", "believe", " ", " ", " ", " ", " ", " ", " ", " ", " ", "there", "here", "girl", "girl", "want", "on", "never", "do", " ", "girl", "girl", "needlyrics", "see", "oh", "oh", "see", "put", " ", "dont", " ", "give", "and", "where", "belong", "want", "fame", " ", "all", "all", "love", "dont", "love", "what", "all", "dont", "dance", "dance", "down", "dancing", " ", "cant", "fame", " ", "all", "all", "love", "dont", "love", "what", "need", "all", "dont", "dont", "yeah", "wanna", "been", "need", "got", "blow", "try", "blow", "in", "know", "wanna", "can", "can", "forget", "worry", "need", "on", "at", "feel", "gotta", "aint", "up", "need", "hear", "in", "know", "wanna", "can", "can", "worry", "need", " ", "came", "said", "want", "are", " ", "said", "want", "can", "is", "right", "get"], "out": [" ", "them", "tonight", "ride", " ", " ", " ", " ", " ", " ", " ", " ", " ", "ooh", "ooh", "now", "the", "i", "my", " ", " "], "smell": ["baby"], "roll": [" ", " ", "that", "em"], "gaining": ["on"], "picture": ["that"], "booze": [" "], "potion": [" "], "star": [" ", "x2", "x2"], "monday": ["tuesday", " "], "living": [" ", "life", " ", "room", "in"], "messing": ["up"], "shouldve": ["known"], "felt": ["the", "the", "it", "so", "so", "so", "so"], "souls": ["burnin"], "return": [" ", " "], "diet": ["coke"], "stay": ["forever", " ", "up", "through", "through", "through", " "], "push": ["me"], "chance": ["to", "like", " ", " ", " "], "fell": ["for", "for", "for", "in"], "backstage": ["doors"], "peak": ["and"], "kinda": ["weak", "hard"], "tellin\u2019": ["you"], "rolling": ["with", "hard", "with", "hard", "with"], "apprehensiveness": [" "], "else": [" "], "friends": [" ", " ", " ", " ", "if", "home", "know", "if", "about"], "true": [" ", " ", " "], "goin": ["in"], "ago": [" ", " "], "warn": ["me"], "risin": ["up"], "quicker": ["then"], "longer": ["in"], "calls": [" "], "stressin": [" "], "walked": ["up"], "scream": ["baby", "as"], "depth": ["of"], "came": ["with"], "time": ["in", "in", "in", "in", "i", "you", "all", " ", "all", " ", " ", "and", "around", "that", "id", "that", "id", "that", "id", " ", "after", "you", "in", "well", " ", "im"], "alright": ["baby", "baby"], "understand": [" ", " ", " ", " ", " ", " ", " ", "that", "your", "your", "what"]}